credit.policy,purpose,int.rate, installment , log.annual.inc ,dti,fico, days.with.cr.line , revol.bal ,revol.util,inq.last.6mths,delinq.2yrs,pub.rec,not.fully.paid
1,debt_consolidation,12%, 829 , 11.4 ,19.48,737," 5,640 "," 28,854 ",52.1,0,0,0,0
1,credit_card,11%, 228 , 11.1 ,14.29,707," 2,760 "," 33,623 ",76.7,0,0,0,0
1,debt_consolidation,14%, 367 , 10.4 ,11.63,682," 4,710 "," 3,511 ",25.6,1,0,0,0
1,debt_consolidation,10%, 162 , 11.4 ,8.1,712," 2,700 "," 33,667 ",73.2,1,0,0,0
1,credit_card,14%, 103 , 11.3 ,14.97,667," 4,066 "," 4,740 ",39.5,0,1,0,0
1,credit_card,8%, 125 , 11.9 ,16.98,727," 6,120 "," 50,807 ",51,0,0,0,0
1,debt_consolidation,15%, 194 , 10.7 ,4,667," 3,180 "," 3,839 ",76.8,0,0,1,1
1,all_other,11%, 131 , 11.0 ,11.08,722," 5,116 "," 24,220 ",68.6,0,0,0,1
1,home_improvement,11%, 87 , 11.4 ,17.25,682," 3,989 "," 69,909 ",51.1,1,0,0,0
1,debt_consolidation,12%, 84 , 10.2 ,10,707," 2,730 "," 5,630 ",23,1,0,0,0
1,debt_consolidation,13%, 360 , 10.4 ,22.09,677," 6,713 "," 13,846 ",71,2,0,1,0
1,debt_consolidation,13%, 254 , 11.8 ,9.16,662," 4,298 "," 5,122 ",18.2,2,1,0,0
1,debt_consolidation,9%, 316 , 10.9 ,15.49,767," 6,520 "," 6,068 ",16.7,0,0,0,0
1,small_business,7%, 93 , 11.5 ,6.5,747," 4,384 "," 3,021 ",4.8,0,1,0,0
1,debt_consolidation,9%, 210 , 9.5 ,9.73,727," 1,560 "," 6,282 ",44.6,0,0,0,0
1,major_purchase,11%, 328 , 10.7 ,13.04,702," 8,160 "," 5,394 ",53.4,1,0,0,0
1,all_other,13%, 78 , 10.5 ,2.26,672," 3,896 "," 2,211 ",88.4,0,0,0,0
1,credit_card,9%, 477 , 11.6 ,7.07,797," 6,511 "," 7,586 ",52.7,1,0,0,0
1,debt_consolidation,10%, 584 , 10.5 ,3.8,712," 2,760 "," 8,311 ",59.8,0,0,0,0
1,major_purchase,15%, 174 , 11.0 ,2.74,667," 1,127 ", 591 ,84.4,3,0,0,0
1,all_other,8%, 188 , 11.2 ,16.08,772," 4,889 "," 29,797 ",23.2,1,0,0,0
1,all_other,9%, 474 , 10.8 ,2.59,797," 11,951 "," 5,656 ",27.6,0,0,0,0
1,credit_card,14%, 340 , 11.5 ,7.94,662," 1,940 "," 21,162 ",57.7,0,0,0,0
1,credit_card,8%, 485 , 11.7 ,7.05,782," 5,640 "," 16,931 ",34.6,1,0,0,0
1,debt_consolidation,12%, 320 , 11.3 ,8.8,672," 3,761 "," 4,822 ",58.1,0,0,1,0
1,all_other,9%, 159 , 12.4 ,10,712," 1,554 "," 14,354 ",36.6,0,2,0,0
1,all_other,7%, 155 , 11.1 ,0.28,802," 4,650 "," 1,576 ",5.7,1,0,0,0
1,debt_consolidation,14%, 255 , 10.0 ,14.29,662," 1,319 "," 4,175 ",51.5,0,1,0,0
1,all_other,7%, 155 , 12.2 ,0.28,772," 4,517 "," 3,164 ",13.7,0,0,0,0
1,all_other,7%, 155 , 12.2 ,3.72,812," 6,779 "," 85,607 ",0.7,0,0,0,0
1,debt_consolidation,8%, 157 , 11.5 ,2.3,742," 3,149 "," 9,698 ",19.4,0,0,0,0
1,credit_card,10%, 275 , 9.8 ,6.4,692," 7,470 "," 8,847 ",26.9,1,1,0,0
1,home_improvement,7%, 155 , 11.9 ,0,777," 7,129 "," 6,053 ",19.5,0,0,0,0
1,home_improvement,8%, 78 , 11.6 ,11.33,762," 6,060 "," 7,274 ",13.1,0,0,0,0
1,credit_card,9%, 158 , 11.2 ,15.55,757," 4,770 "," 66,033 ",23,0,0,0,0
1,all_other,7%, 155 , 11.5 ,3.83,772," 2,535 "," 3,660 ",6.8,0,0,0,0
1,credit_card,7%, 155 , 11.4 ,0.31,787," 3,540 ", 216 ,0.6,0,0,0,0
1,credit_card,11%, 164 , 11.3 ,1.21,672," 3,990 "," 27,185 ",16.1,3,0,1,0
1,debt_consolidation,10%, 161 , 10.8 ,8.03,707," 4,320 "," 28,329 ",48.6,1,0,0,0
1,home_improvement,9%, 160 , 12.1 ,11.93,717," 4,499 "," 60,568 ",39.2,1,0,0,0
1,home_improvement,8%, 157 , 12.1 ,5.55,742," 4,019 "," 40,934 ",26.3,0,0,0,0
1,debt_consolidation,7%, 155 , 11.7 ,2.29,777," 3,540 "," 8,379 ",16.9,0,0,0,0
1,small_business,9%, 95 , 10.1 ,14.54,752," 2,460 "," 3,660 ",7.8,1,0,0,0
1,home_improvement,10%, 97 , 12.2 ,0,677," 3,780 ", -   ,0,0,1,0,0
1,credit_card,11%, 164 , 10.3 ,18.64,702," 5,190 "," 15,840 ",47.1,0,0,0,0
1,credit_card,8%, 167 , 11.2 ,14.37,797," 5,611 "," 6,844 ",14.4,0,0,0,0
1,educational,8%, 169 , 9.0 ,3,762," 6,660 "," 1,321 ",16.5,0,0,0,0
1,all_other,8%, 161 , 10.4 ,14.78,772," 4,379 "," 4,737 ",23.9,0,0,0,0
1,credit_card,9%, 159 , 11.2 ,9.96,722," 3,090 "," 23,489 ",37.6,0,0,0,0
1,debt_consolidation,7%, 179 , 11.7 ,0.27,792," 7,489 "," 2,817 ",10.2,0,0,0,0
1,credit_card,7%, 155 , 10.7 ,1.12,782," 5,807 "," 1,783 ",0,1,0,0,0
1,small_business,10%, 324 , 10.2 ,10.7,712," 1,379 "," 3,534 ",54.4,0,0,0,0
1,small_business,11%, 814 , 10.8 ,4.05,762," 2,730 "," 2,422 ",23.3,0,0,0,0
1,educational,10%, 113 , 9.5 ,16.44,712," 1,650 "," 2,864 ",41.1,1,0,0,0
1,debt_consolidation,16%, 95 , 10.9 ,12.57,627," 1,409 "," 3,075 ",92.3,1,0,0,0
1,small_business,11%, 399 , 11.0 ,17.12,747," 14,009 "," 17,214 ",8.1,2,1,0,0
1,credit_card,12%, 40 , 9.9 ,2.04,662," 1,139 "," 1,153 ",75.8,2,0,0,0
1,credit_card,13%, 678 , 11.9 ,10.15,682," 4,210 "," 41,674 ",74.1,0,0,0,1
1,credit_card,12%, 401 , 11.2 ,15,682," 4,479 "," 43,039 ",93.4,3,0,0,0
1,all_other,10%, 205 , 11.0 ,7.72,712," 2,294 "," 3,362 ",69.3,0,0,0,0
1,debt_consolidation,12%, 398 , 11.1 ,7.14,682," 8,730 "," 11,868 ",71.9,0,2,0,0
1,all_other,7%, 155 , 10.6 ,2.55,772," 8,190 "," 2,562 ",14,2,0,0,0
1,all_other,10%, 113 , 9.9 ,1.5,682," 1,410 "," 1,882 ",32.4,0,0,0,0
1,debt_consolidation,12%, 99 , 10.5 ,7.47,667," 2,550 "," 1,064 ",70.9,2,0,1,0
1,credit_card,8%, 110 , 11.5 ,8.52,752," 4,980 "," 6,432 ",6,0,1,0,0
1,all_other,11%, 33 , 10.4 ,14.47,687," 1,110 "," 4,485 ",36.9,1,0,0,1
1,all_other,10%, 113 , 11.3 ,11.06,702," 4,980 "," 16,310 ",20.5,0,1,0,0
1,debt_consolidation,10%, 161 , 11.8 ,8.55,712," 5,940 "," 20,969 ",40.2,0,0,0,0
1,debt_consolidation,14%, 341 , 10.5 ,17.38,707," 2,700 "," 22,213 ",65.9,0,0,0,0
1,home_improvement,8%, 156 , 12.3 ,6.48,752," 5,340 "," 2,160 ",2.3,1,0,0,0
1,credit_card,7%, 155 , 11.2 ,4.56,812," 9,809 ", 813 ,1,0,0,0,0
1,home_improvement,8%, 235 , 11.9 ,2.72,757," 5,202 "," 23,678 ",24.4,4,0,0,0
1,debt_consolidation,10%, 258 , 10.8 ,15.13,722," 2,640 "," 11,289 ",47.8,3,0,0,0
1,small_business,15%, 225 , 12.3 ,6.45,677," 6,240 "," 56,411 ",75.3,0,0,0,1
1,home_improvement,10%, 80 , 11.2 ,20,772," 4,921 ", 269 ,3.8,3,0,0,1
1,home_improvement,13%, 84 , 10.4 ,20,682," 5,492 "," 3,408 ",35.1,1,0,0,1
1,debt_consolidation,11%, 507 , 10.6 ,13.5,712," 5,369 "," 6,513 ",34.3,3,0,1,1
1,educational,7%, 124 , 10.6 ,3.45,772," 1,740 ", 330 ,11,0,0,0,0
1,credit_card,9%, 63 , 11.2 ,6.07,712," 2,550 "," 5,967 ",19.8,1,0,0,0
1,all_other,11%, 131 , 9.8 ,18,707," 2,192 "," 5,533 ",79.6,1,0,0,0
1,home_improvement,8%, 94 , 11.7 ,2.14,762," 8,370 "," 21,050 ",1,0,0,0,0
1,all_other,8%, 94 , 10.8 ,5.35,762," 8,370 "," 21,050 ",0.7,0,0,0,0
1,all_other,9%, 89 , 11.7 ,15,742," 3,026 "," 8,155 ",14.9,1,0,0,0
1,all_other,10%, 128 , 11.5 ,15,722," 3,026 "," 8,155 ",14.9,1,0,0,0
1,home_improvement,9%, 95 , 11.0 ,12.23,737," 2,730 "," 3,678 ",30.7,0,0,0,0
1,debt_consolidation,12%, 180 , 10.5 ,7.1,662," 2,944 "," 2,040 ",36.2,2,0,0,0
1,credit_card,15%, 444 , 11.0 ,19.52,667," 2,701 "," 33,074 ",68.8,2,0,0,0
1,all_other,8%, 125 , 11.0 ,3.46,747," 2,519 "," 1,918 ",17.1,0,0,0,0
1,credit_card,15%, 644 , 11.4 ,5.24,662," 1,770 "," 22,379 ",62.2,0,0,0,0
1,small_business,10%, 642 , 11.5 ,2.86,737," 2,190 "," 10,296 ",42.5,0,0,0,1
1,small_business,12%, 105 , 9.6 ,12.24,672," 1,290 "," 2,867 ",55.1,3,0,0,1
1,debt_consolidation,11%, 158 , 10.3 ,12.36,682," 1,770 "," 12,310 ",86.1,0,0,0,0
1,debt_consolidation,9%, 384 , 11.9 ,4.8,767," 13,350 "," 61,921 ",39.1,0,0,0,0
1,credit_card,11%, 218 , 11.4 ,18,702," 3,725 "," 16,738 ",26.1,2,0,0,0
1,all_other,8%, 298 , 11.1 ,3.49,792," 5,939 "," 40,384 ",9.2,1,0,0,0
1,debt_consolidation,8%, 156 , 10.7 ,5,762," 2,131 "," 1,359 ",5.6,2,0,0,0
1,debt_consolidation,12%, 330 , 12.3 ,20,727," 10,292 "," 107,501 ",44.8,2,0,0,0
1,all_other,8%, 314 , 12.1 ,0.72,787," 8,010 "," 3,054 ",5.6,3,0,0,0
1,all_other,8%, 298 , 11.4 ,2.44,792," 8,718 "," 40,384 ",9.6,0,0,0,0
1,home_improvement,9%, 240 , 11.4 ,9.66,792," 4,529 "," 128,000 ",0,3,0,0,0
1,debt_consolidation,7%, 62 , 11.7 ,0.43,772," 5,936 "," 4,709 ",18.5,0,0,0,0
1,all_other,12%, 94 , 10.7 ,2.8,667," 5,460 "," 2,850 ",75,0,1,0,0
1,small_business,15%, 74 , 11.5 ,16.89,702," 4,080 ", 51 ,0,0,0,0,1
1,home_improvement,8%, 314 , 11.9 ,5.84,792," 5,365 "," 37,152 ",3.7,0,0,0,0
1,debt_consolidation,9%, 543 , 11.2 ,9.55,762," 5,700 "," 3,839 ",16.6,1,0,0,0
1,home_improvement,8%, 314 , 11.4 ,3.11,797," 5,364 "," 37,152 ",3.7,0,0,0,0
1,credit_card,12%, 266 , 11.2 ,10.2,672," 3,599 "," 26,283 ",39.5,0,1,0,1
1,debt_consolidation,10%, 211 , 10.7 ,5.87,692," 1,742 "," 5,607 ",42.2,0,0,0,0
1,all_other,12%, 234 , 10.0 ,5.01,662," 1,110 "," 1,061 ",81.9,3,0,0,0
1,debt_consolidation,10%, 324 , 11.7 ,14.4,722," 4,680 "," 56,740 ",77.5,1,0,0,0
1,credit_card,11%, 236 , 11.0 ,7.22,712," 5,519 "," 40,598 ",77.3,1,0,0,0
1,debt_consolidation,14%, 352 , 11.2 ,17.83,687," 1,290 "," 3,815 ",6.5,1,0,0,0
1,all_other,7%, 117 , 11.7 ,0,772," 3,930 ", -   ,0,1,0,0,0
1,debt_consolidation,7%, 65 , 11.6 ,0.22,812," 16,213 ", 50 ,0.3,0,0,0,0
1,small_business,16%, 700 , 11.4 ,1.53,667," 3,604 "," 4,569 ",56.4,1,0,0,0
1,educational,11%, 195 , 9.9 ,8.15,692," 3,090 "," 8,528 ",86.1,0,0,0,0
1,credit_card,11%, 296 , 10.4 ,22.15,747," 2,789 "," 14,345 ",45.8,0,0,0,0
1,small_business,11%, 218 , 10.8 ,18.38,707," 3,359 ", 113 ,2.4,1,0,0,0
1,debt_consolidation,14%, 263 , 11.0 ,9.8,677," 3,090 "," 12,231 ",81,3,0,0,1
1,debt_consolidation,15%, 248 , 11.0 ,20.76,667," 3,750 "," 13,552 ",69.1,0,1,0,0
1,credit_card,10%, 194 , 11.4 ,10.6,692," 2,490 "," 16,813 ",63.9,0,0,0,0
1,debt_consolidation,12%, 301 , 10.6 ,5.08,667," 3,690 "," 26,233 ",62.9,3,0,1,1
1,all_other,7%, 164 , 11.4 ,2.64,782," 9,210 "," 5,760 ",16,0,0,0,0
1,all_other,10%, 151 , 10.7 ,3.26,687," 6,510 ", 105 ,35,1,1,0,1
1,debt_consolidation,11%, 218 , 11.0 ,13.77,682," 2,160 "," 11,490 ",95.7,0,0,0,0
1,home_improvement,13%, 85 , 10.6 ,20.67,692," 5,250 "," 17,641 ",30.5,3,1,0,0
1,all_other,11%, 328 , 10.3 ,20.4,742," 3,270 ", -   ,0,3,0,0,0
1,all_other,8%, 165 , 10.9 ,12,797," 8,790 "," 12,430 ",19.2,1,0,0,0
1,debt_consolidation,11%, 141 , 10.5 ,9.87,707," 1,560 "," 12,323 ",44,0,0,0,0
1,all_other,10%, 98 , 11.4 ,9.13,697," 3,300 "," 38,624 ",97.8,0,0,0,0
1,small_business,12%, 166 , 9.2 ,0,662," 2,250 ", 875 ,54.7,2,1,0,1
1,small_business,12%, 284 , 11.4 ,6.38,667," 7,230 "," 1,196 ",12,3,4,0,0
1,small_business,14%, 194 , 13.1 ,2.4,697," 2,760 "," 26,628 ",60.4,3,1,0,0
1,all_other,10%, 139 , 10.3 ,24.81,767," 5,790 "," 6,752 ",24.6,2,0,0,0
1,debt_consolidation,12%, 70 , 9.4 ,14.4,662," 1,469 ", 458 ,91.6,1,0,0,1
1,credit_card,8%, 252 , 11.6 ,9.71,752," 3,509 "," 16,786 ",44.7,0,0,0,0
1,all_other,9%, 263 , 11.7 ,12.16,742," 9,720 "," 7,336 ",29.9,0,0,0,0
1,all_other,9%, 105 , 11.0 ,3.83,702," 3,690 "," 7,089 ",41.9,1,0,0,0
1,debt_consolidation,8%, 173 , 10.9 ,6.29,742," 5,100 "," 18,388 ",68.9,0,0,0,0
1,credit_card,10%, 39 , 10.4 ,1.13,677," 1,920 ", 613 ,76.6,2,0,0,0
1,educational,12%, 100 , 10.3 ,12.77,662," 1,110 ", 566 ,51.5,3,1,0,1
1,debt_consolidation,13%, 336 , 10.5 ,18.92,682," 2,219 "," 9,166 ",50.4,1,0,0,0
1,all_other,11%, 163 , 10.6 ,11.78,707," 4,889 "," 5,406 ",33.4,0,0,1,1
1,all_other,10%, 32 , 10.5 ,5.83,687," 2,159 "," 1,188 ",3,2,0,0,1
1,educational,10%, 97 , 9.8 ,15.4,707," 11,249 "," 12,003 ",40.4,1,0,0,0
1,all_other,11%, 72 , 11.0 ,8.14,707," 4,800 "," 20,511 ",62,1,0,0,1
1,small_business,10%, 91 , 11.2 ,18,732," 3,691 "," 55,720 ",10,2,0,0,0
1,all_other,8%, 260 , 10.8 ,9.89,772," 9,870 "," 7,744 ",17.1,0,0,0,0
1,all_other,10%, 169 , 11.2 ,17.57,737," 5,430 "," 51,761 ",38,1,0,0,0
1,credit_card,12%, 205 , 10.7 ,17.76,717," 1,500 ", 579 ,23.2,0,0,0,0
1,debt_consolidation,13%, 162 , 11.4 ,16.87,707," 9,060 "," 34,776 ",54.3,0,0,0,1
1,debt_consolidation,10%, 227 , 10.9 ,10.05,692," 1,890 "," 8,047 ",33.8,0,0,0,0
1,all_other,11%, 163 , 9.6 ,24.4,737," 3,210 ", -   ,0,3,0,0,0
1,debt_consolidation,12%, 158 , 10.1 ,18.19,672," 2,586 ", 409 ,81.8,0,1,0,0
1,small_business,9%, 795 , 11.0 ,8.93,822," 9,697 ", 185 ,0.5,0,0,0,0
1,debt_consolidation,10%, 159 , 11.3 ,4.84,727," 6,330 "," 48,251 ",50.1,2,0,0,0
1,all_other,10%, 97 , 10.5 ,19.93,687," 2,580 ", 772 ,96.5,0,0,0,0
1,debt_consolidation,12%, 264 , 10.8 ,8.04,672," 3,089 "," 1,019 ",4.5,1,1,0,0
1,small_business,11%, 405 , 10.8 ,16.39,692," 5,640 "," 8,332 ",39.9,2,0,0,0
1,all_other,8%, 308 , 11.2 ,9.09,797," 6,090 "," 1,790 ",4.5,1,0,0,0
1,debt_consolidation,13%, 840 , 11.2 ,24.85,722," 6,330 "," 62,739 ",74.7,3,0,0,1
1,all_other,11%, 269 , 11.6 ,24.01,767," 4,666 "," 29,901 ",71.2,2,0,0,1
1,debt_consolidation,12%, 265 , 10.9 ,11.31,667," 1,560 "," 5,867 ",74.3,1,0,0,0
1,home_improvement,10%, 802 , 11.3 ,0.8,732," 2,130 "," 10,605 ",22.1,1,0,0,0
1,debt_consolidation,11%, 505 , 11.7 ,16.97,697," 9,659 "," 57,196 ",44.5,3,0,0,1
1,home_improvement,9%, 318 , 12.5 ,2.97,712," 4,919 ", 481 ,80.2,2,0,0,1
1,educational,8%, 315 , 10.3 ,4.2,737," 1,560 "," 2,282 ",19,1,0,0,0
1,all_other,11%, 131 , 9.6 ,8.92,672," 1,140 "," 3,614 ",61.3,1,0,0,0
1,debt_consolidation,11%, 228 , 11.1 ,8.5,682," 6,840 "," 14,930 ",79,1,0,1,0
1,credit_card,10%, 643 , 11.7 ,13.07,727," 10,530 "," 33,989 ",82.9,0,0,0,0
1,all_other,15%, 52 , 10.1 ,3.84,632," 1,530 "," 1,238 ",61.9,1,1,0,0
1,educational,9%, 572 , 10.6 ,15.37,747," 7,500 "," 4,746 ",18.5,2,0,0,0
1,all_other,8%, 150 , 10.0 ,6.34,752," 3,029 "," 3,470 ",25.5,0,0,0,0
1,all_other,10%, 97 , 11.0 ,11.98,682," 1,799 "," 12,640 ",83.2,0,0,0,0
1,home_improvement,7%, 93 , 11.4 ,0,812," 8,250 ", 368 ,1.2,0,0,0,0
1,credit_card,11%, 192 , 11.1 ,19.82,677," 4,290 "," 30,597 ",89.5,1,1,0,0
1,all_other,12%, 594 , 10.2 ,10.8,682," 5,050 "," 8,537 ",75.5,0,0,0,0
1,debt_consolidation,11%, 392 , 10.5 ,15.74,692," 1,500 "," 15,649 ",54.5,2,0,0,0
1,educational,8%, 156 , 10.9 ,9.55,767," 12,960 "," 4,067 ",7.3,0,0,0,0
1,debt_consolidation,10%, 156 , 10.5 ,7.51,687," 2,795 "," 5,836 ",68.7,0,0,1,0
1,credit_card,10%, 486 , 11.4 ,11.95,702," 5,070 "," 24,615 ",94.7,0,0,0,0
1,all_other,10%, 117 , 10.3 ,7.88,687," 5,130 "," 7,600 ",71.7,0,0,1,0
1,debt_consolidation,11%, 223 , 10.8 ,18.68,682," 1,889 "," 9,495 ",87.9,2,0,0,1
1,credit_card,8%, 150 , 9.9 ,10.26,757," 6,330 "," 4,921 ",30.4,0,0,0,0
1,educational,12%, 211 , 11.5 ,1.83,667," 3,421 "," 11,200 ",23.2,1,0,0,0
1,debt_consolidation,7%, 186 , 11.1 ,6.11,777," 7,440 "," 2,444 ",5.6,3,0,0,0
1,debt_consolidation,9%, 791 , 11.0 ,0.82,767," 2,100 ", 916 ,6.8,0,0,0,0
1,small_business,9%, 795 , 13.3 ,3.83,782," 3,660 "," 148,829 ",6.6,5,0,0,1
1,credit_card,9%, 127 , 10.7 ,18.71,747," 3,630 "," 3,209 ",12.6,0,0,0,0
1,credit_card,11%, 294 , 11.3 ,17.17,677," 3,840 "," 7,570 ",82.3,0,0,0,0
1,debt_consolidation,11%, 405 , 11.3 ,9.23,687," 2,519 "," 13,126 ",96.5,0,0,1,0
1,debt_consolidation,12%, 398 , 11.9 ,20.48,687," 4,452 "," 66,654 ",51.6,1,0,0,0
1,debt_consolidation,7%, 179 , 11.5 ,1.2,812," 16,259 ", 50 ,0.3,0,0,0,0
1,educational,10%, 29 , 9.4 ,16.7,687," 2,069 "," 3,084 ",65.6,3,0,0,1
1,small_business,10%, 418 , 11.4 ,6.48,712," 5,610 "," 2,598 ",23.8,1,0,0,0
1,credit_card,11%, 130 , 11.0 ,17.81,682," 6,330 "," 18,168 ",68.5,2,0,0,0
1,all_other,11%, 99 , 10.4 ,22.79,682," 9,389 "," 24,218 ",85.3,2,0,0,0
1,all_other,8%, 16 , 9.8 ,4.27,722," 1,470 ", -   ,0,0,0,0,0
1,credit_card,11%, 523 , 12.2 ,10.7,697," 7,320 "," 72,303 ",73.7,1,0,0,0
1,all_other,9%, 557 , 11.9 ,0.12,757," 1,128 "," 1,032 ",5,0,0,0,0
1,all_other,11%, 315 , 10.7 ,14.6,677," 3,630 ", 133 ,4.2,1,0,0,0
1,debt_consolidation,12%, 528 , 10.7 ,12.16,682," 2,130 "," 34,023 ",57.7,1,2,0,1
1,major_purchase,7%, 93 , 11.2 ,11.18,757," 4,500 "," 12,430 ",29.6,5,0,0,0
1,debt_consolidation,8%, 203 , 10.8 ,13.53,787," 10,260 "," 10,742 ",8.9,3,0,0,0
1,debt_consolidation,12%, 166 , 10.6 ,7.02,667," 2,789 "," 2,197 ",75.8,0,2,0,1
1,all_other,10%, 159 , 10.7 ,15.3,692," 4,410 ", 88 ,23.8,1,3,0,1
1,debt_consolidation,10%, 486 , 10.8 ,11.88,702," 7,020 "," 13,867 ",33.7,0,0,0,0
1,all_other,10%, 322 , 11.2 ,10.28,702," 4,920 "," 3,943 ",98.6,3,0,0,1
1,debt_consolidation,9%, 190 , 10.1 ,19.45,757," 3,870 "," 5,405 ",40,2,0,0,0
1,debt_consolidation,12%, 376 , 10.4 ,23.96,712," 3,030 "," 12,102 ",49,1,0,0,0
1,debt_consolidation,12%, 599 , 11.6 ,18.3,682," 4,379 "," 18,076 ",81.4,1,0,0,0
1,debt_consolidation,12%, 132 , 10.2 ,23.2,702," 5,279 "," 4,504 ",39.2,1,0,0,1
1,small_business,12%, 829 , 10.9 ,9.74,712," 4,859 "," 25,852 ",60.5,0,0,0,0
1,credit_card,11%, 605 , 10.9 ,17.56,707," 8,061 "," 32,438 ",43,0,1,0,0
1,debt_consolidation,9%, 538 , 10.9 ,11.51,747," 6,240 "," 20,380 ",48.1,2,0,0,0
1,credit_card,9%, 173 , 10.6 ,16.09,707," 2,220 "," 38,054 ",61.2,0,0,0,0
1,small_business,11%, 605 , 10.5 ,4.67,697," 1,410 ", 25 ,0.2,2,0,0,0
1,all_other,10%, 290 , 10.5 ,3.38,697," 1,782 "," 3,305 ",55.1,2,0,0,0
1,major_purchase,12%, 530 , 11.4 ,15.1,682," 3,900 ", 348 ,4.8,0,0,0,1
1,all_other,9%, 158 , 10.1 ,6.15,722," 1,350 "," 3,015 ",25.3,0,0,0,0
1,debt_consolidation,11%, 391 , 10.3 ,19.84,702," 2,042 "," 7,336 ",71.9,1,0,0,0
1,credit_card,12%, 301 , 10.9 ,4.98,662," 6,630 "," 8,644 ",72.6,1,0,0,0
1,small_business,12%, 660 , 11.5 ,17.81,707," 3,629 ", 93 ,0,2,0,0,1
1,small_business,7%, 218 , 10.7 ,1.65,777," 2,879 "," 2,698 ",9.5,0,0,0,0
1,home_improvement,10%, 389 , 11.5 ,5.58,697," 4,800 "," 19,009 ",30,0,0,0,0
1,major_purchase,9%, 158 , 10.8 ,0.38,717," 12,930 ", 498 ,7.3,2,1,0,0
1,debt_consolidation,12%, 320 , 11.0 ,19.28,672," 4,740 "," 10,358 ",91.7,2,0,1,1
1,credit_card,10%, 104 , 11.2 ,9.7,682," 12,780 "," 2,105 ",45.3,0,3,0,0
1,home_improvement,10%, 154 , 11.0 ,12.94,697," 2,969 "," 2,822 ",9.9,3,0,0,0
1,debt_consolidation,11%, 651 , 11.6 ,11.96,707," 5,070 "," 21,004 ",97.7,0,0,0,0
1,all_other,14%, 82 , 10.8 ,24.08,667," 2,820 "," 11,675 ",75.8,1,0,0,0
1,all_other,9%, 239 , 9.9 ,10.37,712," 1,230 "," 3,933 ",43.7,0,0,0,0
1,debt_consolidation,13%, 336 , 11.0 ,7.51,662," 4,109 "," 7,251 ",80.6,3,0,2,0
1,all_other,12%, 93 , 10.7 ,19.19,692," 4,440 ", 88 ,44,1,3,0,1
1,all_other,9%, 96 , 10.5 ,2.69,697," 4,680 "," 1,492 ",33.2,2,0,0,0
1,debt_consolidation,10%, 96 , 10.1 ,14.16,692," 1,918 "," 7,121 ",33.7,0,0,0,0
1,debt_consolidation,13%, 554 , 11.0 ,19.22,677," 3,060 "," 17,641 ",69.5,2,0,0,0
1,small_business,14%, 859 , 11.3 ,20.79,682," 3,059 "," 30,946 ",61.5,3,0,0,1
1,major_purchase,8%, 473 , 11.3 ,7.96,772," 5,909 ", -   ,0,0,0,0,0
1,credit_card,11%, 587 , 11.2 ,10.34,697," 2,669 "," 23,391 ",90.7,1,0,0,0
1,major_purchase,10%, 225 , 9.9 ,21.23,772," 5,881 "," 16,324 ",48,0,0,0,0
1,debt_consolidation,13%, 484 , 10.5 ,8.47,662," 2,670 "," 7,104 ",93.5,2,0,0,1
1,debt_consolidation,12%, 400 , 10.1 ,14.5,672," 1,950 "," 9,273 ",43.9,0,0,0,0
1,debt_consolidation,12%, 232 , 10.8 ,17.02,672," 4,380 "," 6,718 ",94.6,3,0,0,0
1,small_business,10%, 802 , 11.2 ,17.06,767," 5,691 "," 12,017 ",12.1,4,0,0,1
1,debt_consolidation,11%, 305 , 11.2 ,18.96,692," 5,430 "," 5,749 ",43.2,1,1,0,0
1,small_business,12%, 836 , 11.3 ,7.99,692," 4,739 "," 6,530 ",21.8,0,1,0,0
1,all_other,8%, 125 , 10.1 ,6,752," 2,729 "," 2,666 ",12.1,0,0,0,0
1,all_other,10%, 113 , 10.8 ,17.65,687," 2,070 "," 3,761 ",55.4,2,0,0,0
1,credit_card,14%, 842 , 11.7 ,12.81,677," 5,340 "," 33,698 ",91.3,0,0,0,0
1,debt_consolidation,11%, 817 , 11.2 ,22.13,737," 9,900 "," 3,472 ",4.5,1,0,0,1
1,debt_consolidation,16%, 422 , 10.5 ,20.82,667," 6,750 "," 14,534 ",48.9,3,1,0,0
1,educational,9%, 575 , 11.0 ,9.96,732," 2,732 "," 6,703 ",47.5,1,0,0,0
1,all_other,13%, 405 , 11.6 ,18.25,667," 4,358 "," 5,861 ",53.8,2,0,0,0
1,debt_consolidation,13%, 168 , 10.1 ,18.65,662," 1,380 "," 5,061 ",72.3,0,1,0,0
1,debt_consolidation,10%, 677 , 10.9 ,3.77,722," 6,149 "," 16,888 ",39.5,0,0,0,0
1,all_other,12%, 132 , 10.8 ,9.14,667," 3,990 ", 463 ,92.6,0,0,0,0
1,debt_consolidation,9%, 281 , 10.1 ,0,712," 3,360 ", -   ,0,0,1,0,0
1,debt_consolidation,10%, 802 , 10.8 ,9.78,742," 2,550 "," 8,283 ",12.7,4,0,0,0
1,credit_card,11%, 505 , 11.6 ,10.86,687," 3,420 "," 46,525 ",93.6,0,0,0,0
1,home_improvement,7%, 180 , 10.6 ,2.32,772," 2,610 "," 2,650 ",6.6,0,0,0,0
1,small_business,9%, 799 , 11.5 ,1.57,762," 6,359 ", 17 ,0.1,5,0,0,1
1,all_other,9%, 320 , 10.5 ,19.46,727," 4,470 ", 827 ,6.6,2,0,0,1
1,debt_consolidation,10%, 32 , 8.5 ,18,702," 1,200 ", 961 ,26,2,0,0,0
1,debt_consolidation,10%, 193 , 9.8 ,2.87,697," 1,199 "," 1,554 ",29.3,1,0,0,0
1,home_improvement,14%, 765 , 11.8 ,3.66,672," 5,790 "," 10,753 ",52.3,2,3,0,1
1,all_other,7%, 31 , 11.7 ,0.65,792," 3,810 "," 2,227 ",3.8,1,0,0,0
1,credit_card,9%, 382 , 11.5 ,6.64,722," 10,290 "," 7,606 ",18.6,0,0,1,0
1,debt_consolidation,12%, 301 , 11.0 ,4.64,662," 2,222 "," 8,355 ",34.4,0,2,0,1
1,credit_card,14%, 687 , 11.3 ,16.05,667," 2,190 "," 27,293 ",86.6,0,0,0,0
1,debt_consolidation,10%, 321 , 11.1 ,3.6,712," 2,850 "," 10,157 ",26.2,0,1,0,0
1,small_business,15%, 863 , 11.4 ,5.79,677," 4,739 "," 4,209 ",75.2,2,0,0,1
1,credit_card,8%, 251 , 10.9 ,10.44,767," 3,449 ", -   ,0,1,0,0,0
1,all_other,7%, 87 , 10.3 ,3.96,767," 3,930 "," 1,773 ",5,1,0,0,0
1,all_other,8%, 62 , 10.1 ,2.4,742," 2,290 ", 949 ,55.8,1,0,0,1
1,home_improvement,14%, 851 , 11.2 ,19.78,687," 2,399 "," 12,308 ",43.6,2,0,0,1
1,credit_card,11%, 244 , 10.6 ,12.1,687," 4,019 "," 7,914 ",30.8,3,2,0,0
1,debt_consolidation,14%, 687 , 10.7 ,15.7,672," 3,690 "," 9,150 ",96.3,0,0,0,0
1,debt_consolidation,11%, 657 , 10.6 ,14.04,702," 1,800 "," 21,777 ",53.7,3,0,0,0
1,all_other,13%, 538 , 11.5 ,12.43,667," 2,580 "," 4,281 ",63,3,0,0,0
1,debt_consolidation,10%, 321 , 10.1 ,8.17,712," 3,300 "," 4,475 ",63,0,0,0,0
1,debt_consolidation,10%, 387 , 11.5 ,8.17,707," 3,839 "," 25,413 ",45.2,2,0,0,0
1,small_business,8%, 315 , 11.6 ,2.28,742," 4,740 "," 15,043 ",65.2,2,0,0,0
1,major_purchase,11%, 293 , 10.2 ,5.56,682," 1,350 "," 6,353 ",39.5,2,0,0,0
1,debt_consolidation,8%, 125 , 10.0 ,10.33,742," 1,920 "," 3,737 ",55.8,1,0,0,0
1,debt_consolidation,9%, 383 , 11.1 ,7.47,717," 5,580 "," 11,370 ",41.6,0,2,0,0
1,debt_consolidation,13%, 524 , 10.5 ,17.4,667," 10,380 "," 18,403 ",73.3,0,1,0,0
1,all_other,12%, 200 , 11.7 ,6.81,662," 2,041 "," 19,504 ",77.3,0,0,0,0
1,debt_consolidation,9%, 575 , 11.5 ,16.95,747," 3,630 "," 10,463 ",8.2,2,0,0,0
1,debt_consolidation,9%, 95 , 9.2 ,6.72,707," 3,329 "," 2,808 ",51.1,3,1,0,0
1,debt_consolidation,9%, 477 , 11.2 ,6.88,742," 4,589 "," 6,297 ",14.5,0,0,0,0
1,all_other,8%, 345 , 11.0 ,14.07,792," 7,867 "," 33,060 ",21.7,0,0,0,0
1,all_other,11%, 155 , 9.9 ,23.03,717," 2,580 "," 4,500 ",13,0,0,0,1
1,home_improvement,10%, 645 , 11.2 ,13.28,732," 1,770 "," 2,344 ",9.8,1,0,0,0
1,all_other,7%, 93 , 11.0 ,1.19,797," 6,270 "," 2,907 ",4,0,0,0,0
1,debt_consolidation,10%, 306 , 11.0 ,21.93,727," 4,593 "," 26,218 ",28.7,2,0,0,0
1,debt_consolidation,12%, 144 , 10.0 ,24.71,707," 1,291 "," 5,967 ",25.5,0,0,0,0
1,credit_card,10%, 289 , 11.6 ,10.36,702," 6,119 "," 27,786 ",85.5,2,0,1,1
1,all_other,9%, 88 , 11.6 ,13.46,702," 6,120 "," 27,786 ",85.5,2,0,1,1
1,all_other,9%, 382 , 11.7 ,4.28,722," 4,080 "," 7,335 ",45.8,1,1,0,0
1,debt_consolidation,11%, 197 , 10.8 ,0,672," 2,519 ", -   ,0,1,1,0,0
1,credit_card,8%, 84 , 10.6 ,16.68,737," 6,988 "," 19,210 ",48.3,0,0,0,0
1,small_business,10%, 481 , 10.6 ,4.05,717," 2,759 "," 11,601 ",85.9,3,0,0,0
1,debt_consolidation,10%, 253 , 10.2 ,6.14,697," 2,040 ", 991 ,34.2,1,0,0,0
1,all_other,7%, 78 , 13.2 ,2.45,762," 6,240 "," 141,287 ",9.4,5,1,0,0
1,all_other,10%, 97 , 11.7 ,8.71,687," 2,311 ", 199 ,1.1,1,1,0,0
1,all_other,10%, 260 , 11.7 ,11.28,692," 5,018 "," 63,580 ",80.6,1,0,0,1
1,home_improvement,7%, 124 , 11.0 ,5.82,772," 5,430 ", 773 ,4.8,0,0,0,0
1,debt_consolidation,13%, 68 , 9.8 ,22,662," 1,470 "," 1,042 ",37.2,3,1,0,0
1,debt_consolidation,13%, 406 , 10.2 ,7.16,662," 1,530 ", 137 ,3.2,1,1,0,1
1,credit_card,10%, 241 , 11.5 ,2.69,712," 4,709 "," 1,944 ",47.4,0,0,1,0
1,small_business,14%, 171 , 10.5 ,20.72,662," 7,109 "," 16,613 ",18.3,1,1,0,1
1,educational,8%, 294 , 9.4 ,0,737," 1,139 ", -   ,0,1,0,0,0
1,credit_card,13%, 318 , 10.8 ,17.04,662," 6,179 "," 5,181 ",97.8,3,0,1,0
1,major_purchase,9%, 64 , 10.1 ,18.65,727," 3,455 ", 597 ,14.2,2,1,0,0
1,all_other,7%, 218 , 11.0 ,1.72,807," 7,230 "," 3,202 ",1.1,1,0,0,0
1,credit_card,12%, 668 , 11.8 ,13.42,687," 3,420 "," 46,086 ",92.7,0,0,0,0
1,debt_consolidation,12%, 134 , 10.8 ,8.66,662," 6,839 "," 9,380 ",44.1,1,0,1,1
1,debt_consolidation,10%, 421 , 10.6 ,17.01,752," 4,349 "," 35,944 ",56.2,2,0,0,0
1,all_other,14%, 340 , 10.8 ,1.21,672," 2,519 ", -   ,0,0,1,0,0
1,debt_consolidation,11%, 366 , 11.0 ,14.26,702," 6,780 "," 7,973 ",89.6,0,0,0,0
1,debt_consolidation,8%, 314 , 10.1 ,9.95,752," 5,167 "," 8,522 ",21.7,1,0,0,0
1,credit_card,16%, 877 , 11.7 ,18.08,677," 3,330 "," 62,976 ",86.1,2,2,0,0
1,debt_consolidation,14%, 317 , 10.3 ,21.88,667," 1,601 "," 7,429 ",82.5,0,0,0,0
1,small_business,12%, 701 , 10.8 ,0.85,682," 2,579 ", 639 ,13.6,1,0,0,1
1,debt_consolidation,10%, 485 , 11.4 ,13.73,732," 5,489 "," 14,903 ",35.3,0,0,0,0
1,debt_consolidation,12%, 134 , 10.6 ,9.48,662," 4,080 "," 2,923 ",28.4,3,0,0,0
1,credit_card,8%, 362 , 11.6 ,8.16,757," 5,790 "," 18,314 ",50.6,1,0,0,0
1,all_other,7%, 108 , 10.3 ,0,777," 3,034 ", 150 ,7.5,1,0,0,0
1,all_other,12%, 240 , 9.8 ,4.58,662," 3,840 ", -   ,0,2,0,0,0
1,all_other,7%, 62 , 11.1 ,9.99,767," 8,190 "," 2,475 ",5.4,1,1,0,0
1,all_other,8%, 66 , 9.9 ,2.36,722," 5,790 "," 1,489 ",62,1,0,0,0
1,debt_consolidation,11%, 328 , 10.6 ,19.32,702," 2,849 "," 15,368 ",87.1,0,0,0,0
1,all_other,7%, 69 , 11.7 ,7.67,762," 6,007 "," 21,521 ",29.5,1,0,0,1
1,home_improvement,11%, 313 , 11.0 ,14.06,702," 5,700 "," 4,781 ",15.5,2,0,0,1
1,debt_consolidation,11%, 329 , 11.3 ,14.03,692," 4,470 "," 8,473 ",27.6,3,1,1,0
1,all_other,12%, 293 , 10.7 ,15.53,677," 1,848 "," 8,494 ",44.2,1,0,0,0
1,all_other,8%, 315 , 11.2 ,14.03,762," 5,519 "," 11,333 ",45.5,5,0,0,0
1,debt_consolidation,8%, 226 , 11.0 ,17,762," 5,340 "," 9,366 ",40.7,4,0,0,1
1,major_purchase,8%, 63 , 10.5 ,18.96,742," 2,190 "," 4,922 ",30.6,0,0,0,0
1,debt_consolidation,13%, 537 , 11.4 ,10.13,677," 5,280 "," 23,129 ",79.8,0,1,0,1
1,small_business,12%, 126 , 11.1 ,12.5,667," 3,300 "," 29,736 ",80.2,3,0,0,0
1,credit_card,10%, 192 , 11.6 ,16.87,722," 8,519 "," 67,232 ",41.1,1,0,0,0
1,all_other,10%, 97 , 10.8 ,0,692," 5,160 ", -   ,0,0,0,0,0
1,debt_consolidation,9%, 319 , 11.3 ,5.93,727," 4,800 "," 11,496 ",26.6,0,0,0,0
1,credit_card,11%, 228 , 10.5 ,7.76,687," 2,010 "," 6,999 ",65.7,0,0,0,0
1,all_other,12%, 73 , 10.6 ,17.2,667," 1,410 "," 4,863 ",69.5,0,1,0,0
1,all_other,11%, 16 , 9.9 ,3.69,667," 8,820 "," 12,229 ",90.6,0,0,1,0
1,all_other,8%, 125 , 11.0 ,1.33,767," 2,485 "," 2,325 ",8.2,0,0,0,0
1,all_other,11%, 262 , 11.2 ,5.12,687," 1,949 "," 14,653 ",95.1,0,0,0,1
1,credit_card,8%, 236 , 11.2 ,6.06,742," 3,149 "," 4,286 ",40.4,0,0,0,0
1,debt_consolidation,12%, 266 , 10.7 ,16.06,677," 1,949 "," 8,009 ",68.5,0,0,0,0
1,debt_consolidation,8%, 101 , 10.5 ,2.73,742," 2,550 "," 2,353 ",12.4,0,0,0,1
1,debt_consolidation,8%, 219 , 10.8 ,10.37,767," 4,410 "," 6,634 ",9.4,0,0,0,0
1,debt_consolidation,10%, 39 , 10.3 ,19.76,702," 4,529 ", -   ,0,0,0,0,0
1,credit_card,11%, 247 , 11.2 ,14.65,682," 3,329 "," 5,608 ",47.1,0,0,0,0
1,debt_consolidation,13%, 674 , 10.8 ,18.98,682," 4,830 "," 13,649 ",42.4,1,0,0,1
1,all_other,11%, 80 , 10.5 ,14.84,677," 4,140 "," 9,973 ",33.8,0,0,0,0
1,debt_consolidation,12%, 499 , 10.8 ,17.95,677," 2,609 "," 16,502 ",63,0,0,0,0
1,debt_consolidation,15%, 692 , 11.2 ,7.11,667," 3,899 "," 15,773 ",95,0,0,0,1
1,small_business,10%, 801 , 11.1 ,2.14,777," 4,559 "," 3,326 ",14.3,6,0,0,0
1,debt_consolidation,10%, 290 , 10.0 ,4.83,712," 1,620 "," 7,263 ",39,0,0,0,0
1,all_other,8%, 265 , 10.5 ,13.1,767," 7,560 "," 3,451 ",19.4,0,0,0,0
1,debt_consolidation,13%, 117 , 10.8 ,13.1,662," 9,659 "," 16,770 ",50.7,0,0,0,0
1,all_other,11%, 294 , 10.5 ,7.93,692," 2,429 "," 17,042 ",75.1,0,0,0,0
1,major_purchase,13%, 563 , 11.0 ,20.06,697," 4,560 "," 10,686 ",49.4,0,0,0,0
1,credit_card,9%, 319 , 12.0 ,0.33,732," 3,600 ", 45 ,0.4,0,0,0,0
1,all_other,10%, 231 , 10.4 ,15.84,717," 1,800 "," 3,247 ",33.3,1,0,0,0
1,debt_consolidation,15%, 730 , 11.2 ,21.84,677," 2,640 "," 27,839 ",72.7,0,1,0,0
1,all_other,8%, 312 , 11.7 ,2.89,807," 5,160 ", -   ,0,1,0,0,0
1,major_purchase,8%, 251 , 11.0 ,9.58,757," 13,109 "," 17,246 ",13.7,1,0,0,0
1,debt_consolidation,14%, 514 , 10.8 ,19.05,667," 6,209 "," 14,036 ",64.4,0,0,0,0
1,small_business,10%, 16 , 10.2 ,14.17,692," 4,919 "," 5,643 ",60.7,0,0,0,0
1,debt_consolidation,12%, 372 , 10.7 ,21.33,697," 4,710 "," 17,850 ",66.3,1,0,0,0
1,debt_consolidation,10%, 320 , 10.9 ,7.59,722," 2,340 "," 8,382 ",20.4,1,0,0,0
1,small_business,18%, 504 , 11.3 ,23.04,662," 6,690 "," 24,280 ",93.4,3,0,0,0
1,debt_consolidation,12%, 414 , 10.5 ,11.9,677," 2,970 "," 8,375 ",91,3,0,0,0
1,all_other,10%, 485 , 11.3 ,19.86,742," 2,763 "," 6,437 ",28.6,4,0,0,0
1,credit_card,12%, 308 , 11.0 ,20.09,697," 6,392 "," 16,890 ",64,0,0,0,0
1,all_other,11%, 131 , 10.4 ,0.38,682," 1,290 ", 887 ,38.6,0,0,0,0
1,debt_consolidation,13%, 371 , 10.9 ,17.94,667," 3,269 "," 17,771 ",52.1,2,0,0,1
1,debt_consolidation,13%, 539 , 10.7 ,14.82,677," 8,159 "," 13,115 ",42.3,2,2,0,0
1,major_purchase,8%, 312 , 10.1 ,0,787," 3,809 "," 5,028 ",12.1,0,0,0,1
1,all_other,11%, 70 , 9.3 ,19.15,692," 2,399 ", 1 ,0.2,2,0,1,1
1,debt_consolidation,11%, 441 , 10.5 ,12.58,702," 2,130 "," 10,251 ",33,0,0,0,0
1,all_other,9%, 175 , 10.5 ,16.74,727," 4,590 "," 6,566 ",48.6,1,0,0,0
1,all_other,10%, 195 , 10.8 ,5.06,687," 4,464 "," 9,516 ",63.4,1,0,0,0
1,debt_consolidation,12%, 165 , 11.0 ,0,672," 2,520 "," 2,126 ",6.4,1,0,0,0
1,debt_consolidation,13%, 406 , 10.7 ,4.67,662," 2,849 "," 7,209 ",38.1,1,0,0,1
1,debt_consolidation,12%, 83 , 11.0 ,19.29,677," 4,319 "," 7,180 ",34.4,3,0,0,1
1,debt_consolidation,8%, 189 , 10.6 ,12.5,727," 2,550 "," 7,386 ",42.4,0,0,0,0
1,all_other,7%, 57 , 10.5 ,11.59,772," 5,970 "," 6,035 ",19,0,0,0,0
1,small_business,13%, 338 , 11.7 ,6.31,662," 6,150 "," 28,653 ",89.3,0,0,0,1
1,debt_consolidation,12%, 499 , 11.5 ,15.82,682," 9,150 "," 49,459 ",88.8,1,2,0,0
1,credit_card,13%, 738 , 11.4 ,13.04,697," 5,100 "," 22,738 ",30.8,0,1,0,0
1,credit_card,9%, 306 , 11.0 ,13.12,742," 5,250 "," 24,406 ",40.3,1,0,0,1
1,debt_consolidation,10%, 593 , 10.3 ,16.49,747," 4,260 "," 25,946 ",37.9,0,0,0,0
1,all_other,10%, 611 , 10.7 ,9.79,732," 5,940 ", -   ,0,0,0,0,0
1,debt_consolidation,10%, 461 , 11.4 ,9.96,732," 5,250 "," 4,765 ",16.5,0,0,1,0
1,debt_consolidation,16%, 842 , 11.2 ,15.38,662," 3,420 "," 15,222 ",77.3,0,2,0,0
1,small_business,11%, 245 , 11.4 ,1.78,687," 9,480 "," 8,035 ",50.5,1,1,1,0
1,debt_consolidation,10%, 453 , 11.2 ,16.54,722," 4,800 "," 14,214 ",39.4,0,0,0,1
1,debt_consolidation,10%, 650 , 11.7 ,16.2,732," 5,129 "," 23,442 ",42.1,2,0,0,0
1,credit_card,8%, 227 , 12.1 ,15.11,742," 4,919 "," 101,443 ",13.7,6,0,0,0
1,debt_consolidation,12%, 499 , 11.5 ,14.32,677," 4,439 "," 25,988 ",98.8,1,0,0,0
1,debt_consolidation,16%, 881 , 11.6 ,24.84,682," 7,619 "," 51,039 ",93.8,0,1,0,1
1,debt_consolidation,11%, 659 , 11.0 ,10.14,702," 5,999 "," 23,370 ",70,1,0,0,0
1,all_other,12%, 232 , 12.2 ,15.46,692," 6,629 "," 119,420 ",95.1,0,0,0,0
1,all_other,10%, 259 , 10.8 ,8.78,702," 3,946 ", -   ,0,0,0,0,0
1,debt_consolidation,11%, 157 , 10.7 ,11.37,677," 2,729 "," 15,564 ",56.6,1,0,0,0
1,debt_consolidation,12%, 300 , 11.4 ,21.8,677," 5,069 "," 13,686 ",48.7,1,0,0,0
1,home_improvement,11%, 659 , 12.8 ,0.63,702," 6,330 "," 6,921 ",0,2,0,0,0
1,debt_consolidation,10%, 129 , 10.5 ,7.07,697," 1,560 "," 4,220 ",53.4,2,0,0,0
1,all_other,14%, 171 , 11.2 ,22.57,662," 2,940 "," 29,877 ",75.6,2,0,0,0
1,credit_card,13%, 102 , 10.5 ,24.79,697," 5,569 "," 21,573 ",73.7,1,0,0,1
1,small_business,11%, 366 , 11.3 ,7.56,697," 4,980 "," 18,316 ",81,1,1,0,1
1,small_business,8%, 337 , 10.1 ,10.1,782," 5,400 "," 1,458 ",18,1,0,0,0
1,debt_consolidation,9%, 383 , 10.6 ,10.14,747," 7,800 "," 3,179 ",11,1,0,1,0
1,debt_consolidation,8%, 403 , 11.1 ,7.26,757," 5,580 "," 4,365 ",51.4,0,0,0,0
1,credit_card,8%, 306 , 11.0 ,9.2,797," 6,270 ", 209 ,1.9,0,0,0,0
1,debt_consolidation,13%, 677 , 10.8 ,20.42,692," 7,710 "," 12,573 ",71.8,2,1,0,0
1,credit_card,12%, 768 , 11.5 ,16.07,702," 2,580 ", 806 ,10.3,2,0,0,1
1,debt_consolidation,11%, 492 , 10.4 ,4.8,697," 3,480 "," 4,134 ",39.4,1,0,0,1
1,debt_consolidation,12%, 496 , 11.1 ,2.42,682," 6,329 ", -   ,0,1,0,0,0
1,credit_card,11%, 228 , 11.1 ,16.51,692," 5,009 "," 22,157 ",98,0,0,0,0
1,debt_consolidation,11%, 820 , 11.4 ,17.11,722," 6,539 "," 54,925 ",97.8,0,0,0,0
1,credit_card,11%, 261 , 11.3 ,16.75,692," 4,290 "," 50,908 ",37.1,0,2,0,0
1,credit_card,11%, 82 , 11.6 ,16.37,682," 9,960 "," 16,164 ",80,1,0,0,0
1,debt_consolidation,11%, 278 , 11.6 ,18.58,702," 7,230 "," 14,046 ",80.3,0,0,0,1
1,debt_consolidation,8%, 312 , 10.0 ,5.24,792," 5,010 "," 4,767 ",8.7,0,0,0,0
1,all_other,11%, 59 , 11.2 ,21.01,692," 2,580 "," 23,882 ",89.8,0,0,0,0
1,educational,8%, 376 , 9.9 ,8.88,782," 8,160 ", 674 ,2.6,1,0,0,0
1,small_business,10%, 805 , 11.2 ,8.98,757," 4,619 "," 56,842 ",14.4,6,0,0,0
1,home_improvement,10%, 812 , 12.1 ,1.88,727," 10,199 "," 19,948 ",77,2,0,0,0
1,home_improvement,11%, 131 , 10.8 ,15.5,687," 8,369 "," 10,979 ",37.2,0,2,0,0
1,debt_consolidation,11%, 329 , 10.6 ,15.93,692," 3,539 "," 14,643 ",76.4,0,0,0,0
1,debt_consolidation,12%, 99 , 10.9 ,12.85,682," 2,670 "," 15,680 ",89.6,1,0,0,0
1,debt_consolidation,14%, 382 , 10.3 ,19.52,667," 4,412 "," 16,670 ",71.7,0,0,0,0
1,debt_consolidation,11%, 310 , 11.2 ,8.22,697," 3,707 "," 2,624 ",48.6,1,0,0,0
1,debt_consolidation,8%, 79 , 10.3 ,10.61,722," 7,089 "," 2,773 ",10.8,1,0,0,0
1,debt_consolidation,10%, 609 , 11.1 ,11.29,767," 9,179 "," 2,279 ",20.7,3,0,0,0
1,debt_consolidation,10%, 386 , 11.3 ,15.74,722," 4,379 "," 28,110 ",31.9,0,0,0,0
1,small_business,9%, 670 , 12.4 ,2.7,792," 9,029 ", 997 ,1.2,2,0,0,0
1,debt_consolidation,9%, 478 , 10.9 ,12.28,747," 7,380 "," 2,787 ",2.3,1,0,0,0
1,all_other,8%, 567 , 11.1 ,5.25,772," 3,540 "," 1,612 ",12.1,4,0,0,1
1,credit_card,15%, 346 , 11.1 ,23.89,672," 7,260 "," 10,214 ",65.1,1,2,1,0
1,debt_consolidation,14%, 686 , 10.8 ,2.1,672," 3,870 "," 19,892 ",83.6,2,0,0,0
1,all_other,9%, 255 , 10.5 ,1.03,727," 1,230 "," 1,834 ",12.8,1,0,0,0
1,home_improvement,12%, 499 , 12.2 ,17.08,682," 5,820 "," 108,397 ",67.3,3,0,0,0
1,home_improvement,8%, 125 , 11.1 ,9.25,757," 5,010 "," 3,348 ",5.3,0,0,0,0
1,all_other,7%, 218 , 10.4 ,10.04,772," 3,630 ", 983 ,2.1,1,0,0,0
1,all_other,10%, 241 , 11.1 ,0.58,712," 5,430 ", 603 ,30.1,0,1,0,0
1,debt_consolidation,13%, 406 , 10.8 ,24.22,692," 6,509 "," 13,662 ",60.7,0,1,0,0
1,debt_consolidation,6%, 467 , 11.0 ,15.28,687," 4,652 "," 26,044 ",34.5,3,0,0,0
1,credit_card,10%, 386 , 10.1 ,16.75,732," 4,918 "," 16,212 ",50.7,0,0,0,0
1,debt_consolidation,10%, 258 , 10.5 ,21.33,762," 6,300 "," 8,516 ",11.1,0,0,0,0
1,credit_card,8%, 63 , 10.3 ,3.68,732," 2,580 "," 3,953 ",15.9,0,0,0,0
1,major_purchase,9%, 223 , 11.4 ,13.28,727," 5,836 "," 12,672 ",21,3,3,0,0
1,debt_consolidation,10%, 320 , 10.9 ,9.6,717," 1,469 "," 1,346 ",23.2,2,0,0,0
1,debt_consolidation,9%, 319 , 10.7 ,4.88,732," 4,079 "," 12,425 ",94.2,0,0,0,0
1,debt_consolidation,14%, 528 , 10.6 ,19.71,667," 2,490 "," 12,032 ",87.2,3,0,1,1
1,credit_card,8%, 328 , 11.0 ,12.86,802," 5,490 "," 14,377 ",10.2,0,0,0,0
1,all_other,10%, 641 , 11.3 ,0.22,767," 8,476 ", 464 ,18.6,8,0,0,1
1,debt_consolidation,12%, 197 , 10.5 ,15.38,697," 1,709 "," 10,900 ",42.4,3,0,0,0
1,debt_consolidation,10%, 42 , 10.8 ,18.15,707," 2,309 "," 7,006 ",48,1,0,1,0
1,debt_consolidation,10%, 136 , 10.8 ,11.93,717," 6,329 "," 19,708 ",37.1,0,1,0,0
1,debt_consolidation,13%, 183 , 11.2 ,11.25,707," 8,100 "," 30,949 ",54.3,0,0,0,0
1,debt_consolidation,10%, 195 , 10.5 ,13.42,697," 4,080 "," 6,101 ",36.8,3,0,0,0
1,all_other,8%, 94 , 10.1 ,1.54,727," 2,010 "," 1,235 ",28.7,0,0,0,0
1,debt_consolidation,13%, 451 , 10.5 ,19.71,692," 3,030 "," 18,028 ",88.4,1,0,0,0
1,debt_consolidation,9%, 387 , 10.9 ,11.02,742," 3,285 "," 8,828 ",54.8,5,0,0,0
1,debt_consolidation,9%, 47 , 9.8 ,9.37,722," 5,099 "," 6,033 ",31.1,1,0,0,0
1,credit_card,8%, 202 , 10.8 ,13.99,752," 5,040 "," 64,885 ",39.6,0,0,0,0
1,debt_consolidation,13%, 406 , 11.3 ,15.12,672," 5,760 "," 27,905 ",81.8,1,2,0,0
1,debt_consolidation,12%, 337 , 11.4 ,6.61,692," 9,570 "," 14,081 ",73.7,0,0,1,0
1,all_other,9%, 334 , 11.0 ,6.02,787," 10,860 ", 426 ,0.7,0,0,0,1
1,debt_consolidation,14%, 655 , 11.3 ,7.16,672," 12,554 "," 12,301 ",56.4,1,0,0,0
1,all_other,9%, 101 , 9.8 ,14.38,722," 1,530 ", -   ,0,0,0,0,0
1,small_business,10%, 534 , 9.9 ,4.68,737," 3,408 "," 2,248 ",11.6,0,0,0,0
1,all_other,11%, 16 , 9.0 ,3.04,682," 6,929 ", 44 ,3.7,2,1,0,0
1,small_business,10%, 808 , 10.5 ,8.53,767," 3,346 "," 2,296 ",7.6,3,0,0,0
1,debt_consolidation,13%, 348 , 11.2 ,9.05,702," 4,530 "," 16,264 ",90.6,3,0,0,1
1,all_other,10%, 195 , 10.7 ,17.47,702," 3,540 "," 12,758 ",40.4,0,0,0,0
1,all_other,8%, 188 , 10.8 ,14.08,792," 4,890 "," 2,573 ",16.3,1,0,0,0
1,debt_consolidation,10%, 238 , 11.1 ,12.57,762," 3,420 "," 15,176 ",31.6,0,0,0,0
1,debt_consolidation,10%, 149 , 10.6 ,5.91,727," 4,680 "," 7,239 ",16.3,2,0,0,0
1,credit_card,9%, 190 , 10.6 ,11.2,722," 2,670 "," 11,217 ",52.9,3,0,0,0
1,debt_consolidation,10%, 84 , 10.2 ,14.57,702," 2,490 "," 12,979 ",31,0,0,0,0
1,all_other,10%, 193 , 12.2 ,4.84,707," 5,760 "," 21,894 ",0,2,0,0,0
1,all_other,12%, 432 , 11.3 ,3.92,682," 3,479 "," 4,933 ",15.1,2,0,0,0
1,debt_consolidation,11%, 339 , 10.4 ,4.74,722," 1,290 "," 6,206 ",35.3,0,0,0,0
1,debt_consolidation,10%, 225 , 10.2 ,17.78,717," 1,830 "," 16,326 ",48.6,2,0,0,0
1,debt_consolidation,10%, 243 , 10.7 ,5.57,707," 4,140 ", 33 ,0.3,0,0,0,0
1,debt_consolidation,7%, 25 , 10.5 ,7.65,777," 4,620 "," 19,901 ",29.8,0,0,0,0
1,credit_card,8%, 91 , 9.9 ,6.32,737," 2,981 "," 4,385 ",24,0,0,0,0
1,debt_consolidation,14%, 589 , 10.7 ,18.52,677," 4,800 "," 18,966 ",70.5,2,0,0,0
1,home_improvement,9%, 96 , 11.2 ,1.49,712," 6,220 "," 8,788 ",39.2,0,0,1,0
1,all_other,11%, 49 , 10.6 ,18.14,697," 3,091 "," 1,276 ",63.8,1,0,0,0
1,debt_consolidation,12%, 200 , 10.5 ,14.77,672," 4,830 "," 22,635 ",45.5,0,0,0,0
1,credit_card,8%, 200 , 11.5 ,0.83,777," 8,370 "," 1,715 ",8.2,1,0,0,0
1,credit_card,8%, 310 , 11.5 ,3.19,777," 8,370 "," 1,715 ",8.2,1,0,0,0
1,all_other,10%, 80 , 10.0 ,22.25,737," 2,404 "," 2,574 ",10.5,1,0,0,0
1,credit_card,8%, 161 , 11.0 ,7.08,767," 13,319 "," 25,336 ",35.9,0,0,0,0
1,debt_consolidation,14%, 343 , 10.3 ,15.82,667," 3,539 "," 18,485 ",65.3,1,0,1,1
1,debt_consolidation,9%, 272 , 10.8 ,17.33,737," 2,430 "," 9,048 ",26.6,1,0,0,0
1,credit_card,13%, 308 , 10.8 ,7.37,672," 7,020 "," 14,421 ",83.8,0,2,0,0
1,debt_consolidation,10%, 200 , 9.9 ,18.35,742," 2,879 "," 9,121 ",55.4,1,0,0,0
1,all_other,11%, 261 , 12.3 ,17.66,707," 6,630 "," 120,563 ",92.4,0,0,0,0
1,all_other,8%, 94 , 10.0 ,12.05,742," 1,259 ", 710 ,7.8,4,0,0,0
1,educational,10%, 47 , 11.1 ,7.74,707," 3,509 "," 20,762 ",48.5,2,0,0,0
1,debt_consolidation,9%, 190 , 10.7 ,10.8,732," 3,451 "," 1,839 ",15.6,3,0,0,0
1,debt_consolidation,10%, 627 , 11.4 ,1.95,767," 3,180 "," 8,629 ",17.6,0,0,0,0
1,debt_consolidation,12%, 331 , 10.8 ,8.4,687," 3,300 "," 11,735 ",93.9,2,0,0,0
1,all_other,10%, 584 , 11.3 ,0.86,717," 2,092 "," 5,506 ",52.4,1,0,0,0
1,debt_consolidation,12%, 199 , 11.0 ,6,672," 4,410 "," 3,831 ",34.2,0,1,0,1
1,all_other,8%, 187 , 11.2 ,2.54,802," 6,451 "," 6,094 ",2.8,0,0,0,0
1,credit_card,10%, 194 , 10.6 ,16.17,712," 2,699 "," 15,597 ",60,1,0,0,0
1,small_business,10%, 808 , 11.9 ,3.84,762," 4,725 "," 52,214 ",8.7,8,0,0,0
1,small_business,10%, 645 , 10.2 ,9.14,762," 6,752 ", 507 ,3.5,0,0,0,1
1,debt_consolidation,11%, 196 , 10.4 ,11.12,687," 4,079 ", -   ,0,1,0,0,0
1,debt_consolidation,11%, 164 , 10.5 ,5.73,682," 3,299 "," 4,760 ",60.3,0,0,0,0
1,all_other,14%, 857 , 11.1 ,22.45,707," 2,092 "," 25,160 ",32.8,2,0,0,1
1,debt_consolidation,11%, 328 , 10.3 ,13.4,707," 3,359 "," 10,837 ",83.4,1,0,0,1
1,small_business,8%, 313 , 11.7 ,12,777," 5,941 "," 90,335 ",53.5,3,0,0,0
1,small_business,10%, 129 , 11.1 ,2.7,712," 6,810 "," 4,010 ",8.1,0,0,0,0
1,debt_consolidation,13%, 168 , 10.1 ,4.56,667," 4,799 "," 3,389 ",47.1,2,0,1,0
1,debt_consolidation,11%, 502 , 11.2 ,15.14,707," 6,030 "," 39,702 ",84.5,0,0,0,0
1,home_improvement,9%, 544 , 11.0 ,0.6,762," 3,390 ", 653 ,3.2,2,0,0,0
1,debt_consolidation,8%, 188 , 11.0 ,9.82,762," 6,419 "," 5,274 ",45.9,1,0,0,0
1,debt_consolidation,12%, 90 , 10.9 ,14.45,677," 2,609 "," 11,788 ",24.7,3,0,0,0
1,debt_consolidation,7%, 93 , 9.8 ,12.7,772," 6,149 ", 122 ,3.7,0,0,0,0
1,debt_consolidation,15%, 349 , 10.9 ,13.16,662," 7,979 "," 22,122 ",78.7,2,0,0,0
1,small_business,8%, 156 , 10.2 ,0.43,792," 2,267 ", 103 ,1.5,0,0,0,0
1,educational,10%, 347 , 11.3 ,11.89,722," 8,669 "," 8,866 ",24.3,1,0,1,0
1,small_business,11%, 494 , 11.5 ,2.32,697," 5,970 "," 4,929 ",33.5,1,1,0,0
1,all_other,10%, 80 , 10.5 ,0.5,702," 1,680 "," 11,794 ",59.3,0,0,0,0
1,small_business,13%, 507 , 10.6 ,23.29,717," 5,220 ", 462 ,11.3,2,0,1,0
1,debt_consolidation,13%, 609 , 11.0 ,22.4,687," 3,151 "," 5,855 ",54.7,0,0,1,1
1,debt_consolidation,10%, 646 , 11.0 ,10.06,742," 3,960 "," 6,688 ",39.1,0,0,0,0
1,credit_card,12%, 25 , 9.9 ,24,707," 2,700 "," 12,220 ",84.9,0,0,0,0
1,debt_consolidation,11%, 196 , 10.4 ,20.11,717," 2,309 "," 8,736 ",45.7,1,0,0,0
1,all_other,13%, 507 , 11.1 ,3.29,672," 3,659 ", 170 ,34,0,0,0,0
1,debt_consolidation,14%, 548 , 10.9 ,11.13,662," 2,519 "," 15,923 ",90.5,0,0,0,0
1,all_other,9%, 142 , 9.2 ,0,727," 1,110 ", -   ,0,0,1,0,0
1,home_improvement,12%, 496 , 10.5 ,5.17,692," 4,440 "," 1,340 ",53.6,2,1,0,1
1,all_other,11%, 328 , 10.1 ,9.17,692," 4,110 "," 8,575 ",70.3,0,1,0,0
1,all_other,11%, 98 , 10.6 ,16.92,682," 1,560 "," 21,498 ",42.4,1,0,0,0
1,credit_card,15%, 588 , 11.6 ,20.12,667," 8,250 "," 32,406 ",91.8,1,4,0,0
1,debt_consolidation,12%, 132 , 9.8 ,15.51,672," 4,290 "," 7,902 ",17,2,0,0,0
1,home_improvement,12%, 331 , 11.4 ,10.74,677," 5,519 "," 46,789 ",66.7,3,0,0,1
1,debt_consolidation,13%, 255 , 11.2 ,4.62,667," 5,129 "," 7,897 ",47.9,1,0,0,0
1,credit_card,11%, 237 , 10.5 ,24.31,742," 4,710 "," 6,422 ",14.5,2,0,0,0
1,small_business,8%, 313 , 10.1 ,12.14,802," 7,890 "," 1,467 ",9.2,0,0,0,0
1,credit_card,12%, 826 , 11.5 ,18.88,722," 1,949 "," 16,694 ",33.1,0,0,0,0
1,debt_consolidation,8%, 157 , 10.4 ,10.71,762," 2,309 "," 1,698 ",7.9,0,0,0,0
1,all_other,12%, 319 , 10.5 ,20.63,702," 3,270 "," 8,801 ",72.7,0,0,0,0
1,debt_consolidation,10%, 171 , 10.7 ,20.69,732," 2,610 "," 5,500 ",28.2,0,0,0,0
1,debt_consolidation,9%, 373 , 11.0 ,7.8,757," 3,390 "," 3,282 ",32.6,3,0,0,0
1,small_business,13%, 821 , 11.7 ,5.76,697," 2,141 "," 23,908 ",62.8,3,0,0,1
1,credit_card,11%, 815 , 10.9 ,11.86,727," 1,694 "," 6,088 ",8.3,0,0,0,1
1,all_other,11%, 359 , 11.0 ,0.4,707," 1,620 "," 2,217 ",28.4,2,0,0,0
1,debt_consolidation,13%, 214 , 11.3 ,20.15,677," 8,520 "," 22,247 ",93.1,1,0,0,0
1,debt_consolidation,12%, 100 , 11.3 ,14.8,672," 4,140 "," 14,555 ",77,0,0,0,0
1,debt_consolidation,9%, 410 , 11.5 ,10.51,742," 3,900 "," 15,491 ",25.4,3,0,0,0
1,debt_consolidation,14%, 341 , 11.0 ,24.72,702," 6,839 "," 24,299 ",58.6,0,0,0,1
1,debt_consolidation,17%, 535 , 11.6 ,15.81,662," 6,660 "," 44,543 ",86.8,0,0,0,1
1,credit_card,10%, 161 , 10.4 ,1.46,712," 2,970 "," 3,735 ",21.5,0,0,0,0
1,home_improvement,10%, 129 , 10.4 ,16.26,717," 1,560 "," 2,352 ",27.3,1,0,0,0
1,debt_consolidation,13%, 335 , 10.9 ,12.02,672," 2,699 "," 7,607 ",46.7,0,0,0,0
1,debt_consolidation,11%, 295 , 10.7 ,8.29,687," 2,760 "," 12,303 ",59.7,0,0,0,0
1,credit_card,10%, 234 , 10.8 ,12.63,702," 1,140 "," 5,824 ",44.7,0,0,0,0
1,debt_consolidation,13%, 505 , 10.7 ,6.08,677," 3,240 "," 5,071 ",78,1,1,0,1
1,debt_consolidation,10%, 487 , 10.9 ,11.37,717," 2,250 ", 24 ,0.3,0,0,0,0
1,debt_consolidation,12%, 398 , 10.7 ,22.67,702," 3,183 "," 16,616 ",66.7,0,0,0,0
1,debt_consolidation,11%, 671 , 10.6 ,15.72,722," 3,580 "," 31,566 ",32.3,1,0,0,1
1,small_business,13%, 670 , 10.5 ,4.04,687," 3,570 "," 4,110 ",91.3,0,0,0,0
1,debt_consolidation,11%, 522 , 10.6 ,19.23,722," 3,120 "," 16,738 ",77.9,1,0,0,0
1,all_other,10%, 804 , 12.2 ,4.95,777," 2,159 "," 54,392 ",0,0,0,0,0
1,home_improvement,11%, 98 , 11.2 ,11.8,717," 6,589 "," 46,427 ",98.4,0,0,0,0
1,credit_card,14%, 136 , 10.1 ,21.9,662," 4,200 "," 10,944 ",82.3,1,0,0,0
1,debt_consolidation,13%, 676 , 11.3 ,20.73,697," 4,080 "," 16,805 ",64.1,0,0,0,0
1,debt_consolidation,10%, 322 , 10.5 ,3.22,722," 2,670 "," 9,255 ",63,0,0,0,0
1,debt_consolidation,11%, 652 , 10.9 ,13.11,727," 4,085 "," 16,194 ",39.8,1,0,0,0
1,debt_consolidation,10%, 772 , 11.9 ,0.22,782," 4,319 "," 4,643 ",5.8,3,0,0,0
1,debt_consolidation,9%, 316 , 10.3 ,13.16,752," 4,109 "," 3,808 ",31,2,0,0,0
1,debt_consolidation,15%, 516 , 11.1 ,15.6,662," 3,570 "," 9,080 ",63.9,1,0,0,0
1,debt_consolidation,10%, 292 , 10.5 ,14.45,707," 1,621 "," 4,551 ",25.3,0,0,0,0
1,debt_consolidation,12%, 331 , 10.4 ,23.96,742," 3,840 "," 11,927 ",45.5,2,0,0,0
1,small_business,14%, 340 , 11.2 ,3.35,662," 5,460 "," 5,261 ",73.1,2,1,0,1
1,debt_consolidation,8%, 94 , 10.6 ,0.91,767," 5,520 "," 1,139 ",27.1,1,0,0,0
1,debt_consolidation,10%, 193 , 10.1 ,5.43,707," 2,820 "," 5,280 ",40.6,1,0,0,0
1,credit_card,9%, 320 , 11.1 ,11.69,727," 2,641 "," 13,607 ",63.3,3,0,0,0
1,debt_consolidation,11%, 395 , 10.5 ,8.72,687," 4,261 "," 11,134 ",70.9,0,0,0,0
1,home_improvement,11%, 329 , 11.2 ,14.8,712," 2,970 "," 23,623 ",45.7,3,0,0,0
1,debt_consolidation,11%, 311 , 11.2 ,11.3,692," 4,380 "," 9,711 ",71.4,0,1,0,0
1,debt_consolidation,8%, 94 , 10.5 ,2.6,742," 4,380 "," 2,456 ",23.4,0,1,0,0
1,debt_consolidation,14%, 341 , 10.5 ,13.19,662," 4,050 "," 11,969 ",88,2,0,0,1
1,small_business,9%, 192 , 11.0 ,13.16,732," 4,470 "," 32,421 ",55,0,0,0,0
1,major_purchase,8%, 183 , 10.5 ,0.72,742," 2,767 "," 1,348 ",5.2,3,0,0,0
1,debt_consolidation,17%, 710 , 11.1 ,20.09,662," 4,110 "," 26,255 ",74.3,1,0,0,0
1,debt_consolidation,11%, 509 , 10.8 ,14.58,717," 5,219 "," 20,838 ",62.6,1,0,0,1
1,credit_card,9%, 457 , 11.8 ,11.18,737," 3,660 "," 11,188 ",56,1,0,0,0
1,all_other,8%, 313 , 11.7 ,0,787," 8,370 ", -   ,0,0,0,0,0
1,home_improvement,9%, 28 , 11.0 ,0.32,717," 1,680 ", 167 ,3.3,2,0,0,0
1,debt_consolidation,12%, 331 , 10.3 ,15.44,687," 2,159 "," 10,997 ",75.3,0,0,0,0
1,major_purchase,10%, 32 , 10.5 ,20.53,732," 3,360 "," 2,308 ",46.2,0,0,0,0
1,debt_consolidation,12%, 481 , 11.1 ,8.6,687," 3,270 "," 15,506 ",95.7,1,0,0,1
1,debt_consolidation,11%, 263 , 10.1 ,9.8,682," 3,210 "," 7,720 ",63.7,2,0,0,0
1,debt_consolidation,11%, 163 , 10.8 ,6.95,687," 4,229 "," 11,973 ",70.8,0,0,1,0
1,all_other,10%, 675 , 10.7 ,1.79,767," 2,044 ", 142 ,0.6,0,0,0,0
1,home_improvement,10%, 482 , 10.2 ,5.77,777," 4,560 "," 3,050 ",2.9,1,0,0,1
1,debt_consolidation,11%, 494 , 11.0 ,8.61,697," 5,129 "," 14,453 ",45.5,1,0,0,0
1,all_other,10%, 180 , 10.6 ,7.47,707," 2,939 "," 7,842 ",43.8,2,0,0,0
1,debt_consolidation,10%, 162 , 11.2 ,15.72,707," 2,970 "," 5,762 ",43.3,1,0,0,1
1,home_improvement,9%, 316 , 11.6 ,6.4,742," 4,080 "," 2,339 ",44.1,0,0,0,0
1,debt_consolidation,14%, 375 , 10.8 ,20.93,672," 2,340 "," 17,436 ",93.2,0,0,0,0
1,debt_consolidation,10%, 482 , 10.9 ,15.1,762," 7,920 "," 11,648 ",14.8,1,0,0,1
1,debt_consolidation,15%, 663 , 10.4 ,9.86,667," 2,940 "," 8,731 ",56.7,1,0,0,1
1,debt_consolidation,15%, 174 , 10.9 ,21.32,667," 3,600 "," 22,210 ",98.3,0,0,0,0
1,debt_consolidation,9%, 221 , 10.6 ,2.74,727," 2,310 "," 6,496 ",40.1,0,0,0,0
1,debt_consolidation,11%, 360 , 9.9 ,6.82,697," 1,530 "," 3,041 ",84.5,2,0,0,1
1,all_other,12%, 331 , 10.3 ,8.56,682," 1,200 "," 2,000 ",46.5,3,0,0,0
1,major_purchase,10%, 322 , 10.1 ,2.7,717," 5,168 "," 3,717 ",16.1,3,1,0,1
1,debt_consolidation,16%, 420 , 11.5 ,18.55,667," 4,560 "," 34,841 ",89.6,0,0,0,0
1,all_other,9%, 224 , 11.4 ,10.86,717," 4,080 "," 5,257 ",32.9,1,0,0,1
1,debt_consolidation,14%, 548 , 11.8 ,3.4,662," 2,610 "," 15,193 ",33.4,0,0,0,0
1,all_other,11%, 329 , 10.3 ,5.37,687," 2,730 "," 3,245 ",54.1,2,0,1,0
1,debt_consolidation,12%, 490 , 10.5 ,21.94,702," 1,950 "," 14,694 ",43.1,2,0,0,1
1,all_other,8%, 226 , 11.3 ,5.54,762," 4,259 ", 438 ,0.8,3,0,0,0
1,all_other,10%, 257 , 10.6 ,18.72,742," 6,569 "," 38,605 ",67.7,0,0,0,0
1,debt_consolidation,11%, 95 , 10.2 ,6.62,682," 1,199 "," 6,611 ",49.1,1,0,0,0
1,debt_consolidation,14%, 274 , 10.5 ,20.71,662," 4,140 "," 5,723 ",52,1,0,0,0
1,home_improvement,8%, 157 , 11.3 ,3.75,762," 12,668 "," 8,366 ",7.1,0,0,0,0
1,debt_consolidation,12%, 352 , 10.6 ,14.9,682," 2,579 "," 7,583 ",80.7,0,0,0,1
1,debt_consolidation,10%, 195 , 9.7 ,7.5,692," 1,920 "," 4,524 ",94.2,1,0,0,0
1,home_improvement,10%, 258 , 11.0 ,0.81,712," 3,660 "," 3,596 ",25.1,1,0,1,0
1,major_purchase,16%, 880 , 10.7 ,6.4,667," 5,160 "," 12,704 ",54.1,0,3,0,1
1,credit_card,9%, 150 , 11.1 ,11.13,717," 5,208 "," 16,724 ",41.7,0,0,0,0
1,home_improvement,9%, 640 , 11.7 ,4.19,787," 5,159 ", 311 ,0,2,0,0,0
1,debt_consolidation,13%, 168 , 11.2 ,19.67,687," 4,710 "," 19,771 ",92.4,1,0,0,0
1,debt_consolidation,10%, 581 , 11.1 ,11.01,732," 3,389 "," 10,826 ",41.5,0,0,0,0
1,home_improvement,9%, 640 , 10.7 ,0.81,797," 3,450 ", 281 ,1.7,1,0,0,0
1,all_other,15%, 695 , 11.3 ,10.25,662," 3,332 "," 4,289 ",66,1,0,0,0
1,debt_consolidation,13%, 808 , 11.3 ,15.08,697," 4,440 "," 21,364 ",86.5,0,0,0,1
1,all_other,10%, 514 , 13.3 ,1.61,742," 6,390 "," 22,627 ",27.3,1,0,0,0
1,debt_consolidation,14%, 411 , 11.2 ,18.16,662," 3,209 "," 11,258 ",71.7,1,0,0,0
1,debt_consolidation,10%, 389 , 10.3 ,17,717," 3,209 ", -   ,0,2,0,0,0
1,debt_consolidation,14%, 264 , 10.3 ,24.68,682," 1,500 "," 26,996 ",66.8,0,0,0,0
1,all_other,10%, 482 , 11.1 ,11.35,737," 3,990 "," 3,834 ",33.3,2,0,0,1
1,debt_consolidation,14%, 645 , 11.9 ,1.67,677," 5,370 "," 9,416 ",95.1,2,0,0,0
1,debt_consolidation,12%, 294 , 10.8 ,20.04,692," 3,360 "," 25,807 ",59.8,1,0,0,0
1,all_other,9%, 316 , 11.0 ,8.94,732," 4,440 "," 16,167 ",44.3,3,0,0,0
1,debt_consolidation,11%, 362 , 10.9 ,9.39,687," 2,703 "," 12,678 ",43.6,0,0,1,0
1,debt_consolidation,12%, 282 , 14.5 ,0.13,672," 1,293 "," 8,747 ",51.8,1,0,0,0
1,debt_consolidation,11%, 685 , 11.1 ,2.9,722," 1,380 "," 5,694 ",17.7,1,0,0,1
1,debt_consolidation,13%, 338 , 11.1 ,18.2,672," 4,620 "," 12,008 ",54.2,3,1,0,0
1,debt_consolidation,12%, 279 , 10.8 ,20.96,697," 4,619 "," 14,129 ",84.1,0,0,0,0
1,home_improvement,10%, 487 , 11.6 ,8.92,712," 3,059 "," 15,553 ",20,1,0,0,0
1,home_improvement,12%, 299 , 11.3 ,19.37,682," 9,059 "," 26,966 ",70.2,1,0,1,0
1,all_other,12%, 331 , 11.1 ,13.33,712," 4,383 "," 2,388 ",48.7,2,0,0,0
1,debt_consolidation,13%, 235 , 10.5 ,9.63,667," 1,290 "," 11,698 ",78.5,1,0,0,0
1,credit_card,10%, 241 , 11.4 ,12.32,722," 1,950 "," 5,570 ",25.4,3,0,0,0
1,major_purchase,9%, 224 , 9.9 ,5.99,712," 4,470 "," 4,641 ",33.1,0,0,0,0
1,debt_consolidation,12%, 397 , 10.8 ,10.05,682," 2,670 "," 15,774 ",44.8,2,0,0,0
1,debt_consolidation,13%, 507 , 10.8 ,10.03,672," 4,110 "," 9,288 ",71.4,0,0,0,0
1,debt_consolidation,14%, 289 , 10.3 ,17.56,662," 1,889 "," 17,488 ",90.6,1,0,0,0
1,debt_consolidation,8%, 409 , 10.3 ,0.83,807," 5,189 ", 209 ,2.3,1,0,0,0
1,debt_consolidation,13%, 223 , 10.2 ,19.93,667," 5,729 "," 15,049 ",71.3,0,0,0,0
1,all_other,12%, 365 , 10.5 ,15.83,682," 4,410 "," 23,253 ",72,1,0,0,0
1,debt_consolidation,13%, 603 , 11.1 ,14.02,682," 3,570 "," 10,769 ",63,1,1,0,0
1,credit_card,14%, 853 , 11.1 ,17.28,692," 8,700 "," 21,357 ",42,1,0,0,0
1,debt_consolidation,9%, 320 , 11.5 ,7.44,727," 3,360 "," 29,884 ",43.6,0,0,0,0
1,home_improvement,10%, 808 , 11.5 ,10.42,757," 11,970 "," 16,386 ",11.3,0,0,0,0
1,debt_consolidation,11%, 326 , 11.2 ,10.37,702," 11,280 "," 26,888 ",26.2,0,0,0,0
1,debt_consolidation,13%, 337 , 10.5 ,6.74,672," 2,609 "," 7,067 ",65.8,0,0,0,0
1,credit_card,12%, 397 , 11.7 ,12.94,682," 3,720 "," 36,467 ",62.9,0,0,0,0
1,debt_consolidation,13%, 302 , 10.4 ,14.68,687," 4,650 "," 14,371 ",60.9,0,1,0,1
1,debt_consolidation,11%, 491 , 11.9 ,9.52,702," 3,780 "," 25,870 ",56.1,0,1,0,1
1,debt_consolidation,11%, 416 , 10.6 ,21.96,717," 4,291 "," 1,727 ",8.9,1,0,0,0
1,credit_card,16%, 636 , 11.9 ,24.03,672," 4,290 "," 28,846 ",57.9,1,0,0,1
1,home_improvement,12%, 407 , 10.6 ,9.31,687," 5,670 "," 2,329 ",39.4,0,0,0,0
1,all_other,7%, 62 , 10.5 ,0.86,797," 11,430 ", 324 ,0.2,0,0,0,0
1,debt_consolidation,13%, 201 , 10.8 ,3.89,667," 5,970 "," 20,845 ",47.7,0,0,0,0
1,debt_consolidation,11%, 491 , 11.1 ,15.5,707," 2,370 "," 12,569 ",46.2,0,0,0,1
1,debt_consolidation,11%, 328 , 10.8 ,13.48,702," 3,000 "," 9,697 ",58,0,0,0,0
1,all_other,11%, 328 , 10.4 ,2.61,697," 2,370 "," 2,952 ",30.1,2,0,0,0
1,debt_consolidation,11%, 179 , 10.6 ,12.12,692," 7,140 "," 13,427 ",82.9,0,0,0,0
1,all_other,12%, 667 , 11.1 ,13.5,692," 2,370 "," 6,045 ",34.9,1,0,1,1
1,debt_consolidation,11%, 721 , 11.4 ,17.39,717," 4,470 "," 18,913 ",34.1,1,0,0,0
1,debt_consolidation,13%, 406 , 10.9 ,17.82,667," 7,349 "," 18,593 ",35,0,5,1,0
1,all_other,8%, 313 , 10.9 ,2.1,792," 5,219 ", -   ,0,1,0,0,0
1,credit_card,9%, 410 , 11.1 ,8.86,742," 5,129 "," 13,207 ",77.7,0,0,0,0
1,all_other,11%, 157 , 10.7 ,2.34,687," 1,950 "," 3,273 ",44.8,1,0,0,0
1,debt_consolidation,12%, 634 , 11.6 ,10.01,687," 5,250 "," 19,368 ",38.6,1,3,0,0
1,all_other,11%, 782 , 11.2 ,0.57,727," 5,040 ", 782 ,3,1,0,0,1
1,educational,11%, 590 , 10.7 ,6.15,707," 2,820 "," 6,362 ",69.2,0,0,0,0
1,all_other,10%, 354 , 11.3 ,5.88,717," 4,500 "," 15,342 ",50,0,1,0,0
1,debt_consolidation,11%, 206 , 11.0 ,9.21,687," 7,049 ", 871 ,8.1,0,0,0,0
1,credit_card,8%, 252 , 11.8 ,8.63,752," 6,149 "," 13,238 ",23,1,0,0,0
1,debt_consolidation,13%, 302 , 10.8 ,7.15,667," 2,579 "," 1,918 ",56.4,0,0,0,0
1,credit_card,10%, 464 , 10.3 ,21.28,752," 2,729 "," 5,649 ",30.2,2,0,0,0
1,debt_consolidation,9%, 230 , 10.7 ,0.8,717," 2,730 "," 3,332 ",30.6,0,0,0,1
1,all_other,17%, 896 , 11.5 ,18.8,662," 11,520 "," 14,706 ",77,0,2,0,0
1,debt_consolidation,13%, 670 , 11.3 ,14.51,692," 1,890 "," 27,129 ",39,2,0,0,0
1,debt_consolidation,13%, 269 , 11.2 ,4.08,667," 5,820 "," 1,152 ",13.1,3,3,0,0
1,debt_consolidation,13%, 378 , 10.4 ,23.31,712," 3,780 "," 8,837 ",52.6,1,0,0,1
1,all_other,10%, 31 , 10.0 ,22.38,742," 4,470 "," 2,246 ",9.9,1,0,0,0
1,debt_consolidation,10%, 389 , 10.3 ,0,712," 4,440 "," 9,258 ",71.2,1,0,0,0
1,debt_consolidation,13%, 406 , 10.2 ,11.96,667," 4,890 "," 8,671 ",61.5,0,0,0,0
1,debt_consolidation,14%, 478 , 11.0 ,20.45,677," 2,675 "," 20,065 ",66,2,0,0,0
1,educational,11%, 329 , 10.1 ,8.79,692," 3,839 "," 1,573 ",39.3,0,0,0,1
1,debt_consolidation,8%, 378 , 11.4 ,1.63,792," 5,729 "," 4,359 ",15.3,0,0,0,0
1,all_other,13%, 338 , 11.0 ,10.9,662," 2,009 "," 10,055 ",54.9,3,0,1,0
1,major_purchase,14%, 408 , 11.2 ,17.07,667," 7,565 "," 2,549 ",57.9,0,0,0,0
1,debt_consolidation,11%, 274 , 10.8 ,16.47,702," 4,530 "," 16,021 ",66.8,1,0,0,0
1,all_other,10%, 808 , 10.9 ,0,762," 6,420 ", -   ,0,1,0,0,0
1,debt_consolidation,12%, 398 , 11.4 ,14.08,682," 7,230 "," 22,205 ",88.8,2,0,1,0
1,debt_consolidation,9%, 320 , 11.7 ,5.28,727," 9,120 "," 9,438 ",33.5,3,0,0,0
1,debt_consolidation,9%, 316 , 11.4 ,5.91,732," 5,760 "," 18,343 ",26.2,0,1,0,0
1,all_other,10%, 388 , 11.8 ,21.2,772," 6,750 "," 74,885 ",0,0,0,0,0
1,all_other,10%, 162 , 9.9 ,14.82,702," 2,851 "," 4,873 ",26.9,1,0,0,0
1,credit_card,11%, 494 , 11.3 ,10.49,697," 3,089 "," 11,332 ",39.7,0,0,0,0
1,debt_consolidation,12%, 640 , 10.9 ,18.93,702," 3,689 "," 20,033 ",82.8,1,0,0,1
1,debt_consolidation,13%, 181 , 10.6 ,12.12,667," 2,729 "," 4,565 ",68.1,0,1,0,0
1,major_purchase,11%, 296 , 11.5 ,1.2,682," 5,130 "," 4,000 ",80,3,0,0,0
1,all_other,12%, 116 , 10.9 ,12.38,672," 7,530 ", -   ,0,0,2,0,0
1,all_other,11%, 230 , 10.7 ,9.92,687," 2,520 "," 1,767 ",34.6,1,0,1,0
1,all_other,13%, 406 , 10.7 ,14.4,672," 3,720 ", 768 ,64,2,0,0,0
1,credit_card,10%, 305 , 11.1 ,4.8,717," 5,070 "," 12,226 ",45.6,0,1,1,0
1,all_other,7%, 93 , 10.6 ,1.55,802," 3,660 "," 2,724 ",7.9,0,0,0,0
1,all_other,8%, 110 , 10.8 ,0.62,742," 7,170 ", 308 ,17.1,4,0,0,0
1,debt_consolidation,8%, 38 , 9.6 ,2.43,747," 2,250 "," 1,946 ",6.5,3,0,0,0
1,all_other,10%, 129 , 10.9 ,19.43,717," 4,770 "," 4,446 ",61.7,3,0,0,0
1,debt_consolidation,10%, 291 , 10.6 ,5.17,707," 2,190 "," 8,486 ",66.8,1,0,0,0
1,all_other,14%, 204 , 11.2 ,23.37,682," 6,599 "," 19,826 ",39,2,0,0,0
1,credit_card,9%, 160 , 10.6 ,5.97,722," 2,819 "," 3,212 ",35.7,1,1,0,0
1,credit_card,14%, 408 , 10.9 ,14.99,667," 4,499 "," 10,918 ",59,2,0,0,0
1,educational,9%, 320 , 11.2 ,9.38,722," 1,859 "," 8,850 ",32.3,0,0,0,0
1,all_other,10%, 130 , 10.3 ,6.04,697," 6,330 "," 10,366 ",64.4,0,0,1,0
1,debt_consolidation,12%, 367 , 10.5 ,11.6,677," 1,500 "," 10,765 ",60.5,2,0,0,0
1,all_other,11%, 658 , 10.9 ,5.19,712," 8,400 "," 5,482 ",17.4,0,2,0,1
1,debt_consolidation,9%, 480 , 11.0 ,6.46,752," 4,500 "," 5,196 ",34.6,2,0,0,0
1,all_other,10%, 804 , 11.2 ,4.92,792," 4,140 "," 3,114 ",11.3,0,0,0,0
1,all_other,10%, 273 , 10.5 ,19.61,717," 4,440 ", 213 ,7.1,1,0,1,0
1,debt_consolidation,12%, 249 , 9.9 ,10.94,677," 1,920 "," 6,450 ",70.9,3,0,0,0
1,credit_card,12%, 400 , 11.4 ,8.81,677," 2,340 "," 15,486 ",33.1,1,0,0,0
1,all_other,9%, 253 , 10.9 ,10.78,732," 3,390 "," 5,623 ",67.7,1,0,0,0
1,credit_card,10%, 130 , 10.9 ,13.09,702," 4,441 "," 1,308 ",6.9,1,0,0,0
1,debt_consolidation,9%, 448 , 10.6 ,5.31,737," 3,030 "," 11,556 ",24.3,0,0,0,0
1,major_purchase,11%, 118 , 10.9 ,13.51,682," 3,510 ", 623 ,31.1,0,0,0,0
1,all_other,10%, 811 , 11.5 ,7.25,737," 3,780 ", -   ,0,2,1,0,0
1,all_other,14%, 408 , 11.8 ,8.32,662," 3,060 "," 22,044 ",81.6,0,0,0,0
1,credit_card,8%, 251 , 10.4 ,8.55,782," 5,550 "," 8,793 ",18.8,0,0,0,0
1,debt_consolidation,13%, 445 , 10.5 ,20.66,677," 4,620 "," 2,796 ",38.8,2,0,0,0
1,all_other,11%, 489 , 11.3 ,6.9,707," 7,410 "," 8,298 ",38.6,3,0,1,0
1,debt_consolidation,14%, 374 , 10.8 ,22.75,677," 2,730 "," 10,211 ",96.3,0,0,0,0
1,credit_card,11%, 196 , 10.8 ,9.22,687," 2,790 "," 22,188 ",70,0,0,0,0
1,debt_consolidation,12%, 314 , 10.6 ,18.78,697," 2,310 "," 21,160 ",78.7,0,0,0,1
1,credit_card,8%, 109 , 10.3 ,2.52,762," 3,840 "," 2,096 ",46.6,0,0,0,0
1,debt_consolidation,15%, 516 , 11.2 ,24.61,682," 2,430 "," 55,632 ",80.7,3,0,0,0
1,educational,10%, 241 , 9.9 ,10.56,717," 4,122 "," 3,415 ",14.3,0,0,0,0
1,all_other,9%, 221 , 10.8 ,12.23,727," 2,941 "," 1,287 ",7.8,0,0,0,0
1,credit_card,11%, 295 , 11.1 ,12.72,687," 9,120 "," 36,164 ",39.4,1,0,0,1
1,debt_consolidation,15%, 681 , 11.2 ,19.36,662," 2,670 "," 20,658 ",55.4,0,0,0,0
1,credit_card,11%, 228 , 10.3 ,21.48,722," 10,110 "," 24,397 ",53.4,1,0,0,0
1,debt_consolidation,8%, 88 , 9.6 ,5.48,747," 2,250 "," 1,946 ",6.5,3,0,0,0
1,all_other,10%, 325 , 11.1 ,14.82,767," 6,420 ", -   ,0,1,0,0,0
1,debt_consolidation,11%, 98 , 10.6 ,16.08,727," 3,464 "," 14,582 ",26.7,2,0,0,1
1,debt_consolidation,11%, 209 , 10.9 ,6.11,697," 3,690 "," 14,971 ",46.8,0,0,0,0
1,debt_consolidation,15%, 692 , 11.4 ,23.45,692," 3,870 "," 43,868 ",47.8,1,0,1,0
1,debt_consolidation,10%, 323 , 10.8 ,2.65,742," 4,260 "," 6,512 ",16.4,0,0,0,0
1,credit_card,8%, 236 , 11.2 ,2.81,757," 4,200 "," 7,905 ",30.2,0,0,0,0
1,credit_card,10%, 214 , 11.2 ,15.63,717," 4,380 "," 6,161 ",26.6,0,0,0,0
1,debt_consolidation,11%, 537 , 10.8 ,4.42,712," 1,860 "," 3,964 ",24,0,0,0,1
1,home_improvement,10%, 195 , 10.2 ,21.78,737," 4,989 "," 1,815 ",60.5,3,0,0,0
1,all_other,8%, 235 , 10.6 ,5.22,772," 5,280 ", -   ,0,3,0,0,0
1,debt_consolidation,10%, 707 , 11.3 ,9.81,757," 5,550 "," 1,998 ",22.4,1,0,0,0
1,home_improvement,9%, 128 , 11.5 ,13.16,732," 2,500 "," 41,248 ",5.3,3,0,0,0
1,debt_consolidation,13%, 670 , 11.1 ,13.4,687," 3,420 "," 24,008 ",77.9,0,0,0,0
1,credit_card,12%, 697 , 11.9 ,7.99,697," 8,102 "," 17,788 ",52.7,3,0,0,0
1,all_other,9%, 480 , 11.9 ,6.47,757," 3,990 "," 4,232 ",8.9,2,0,0,0
1,all_other,11%, 99 , 10.5 ,7.72,677," 1,680 ", -   ,53,1,0,0,1
1,debt_consolidation,16%, 525 , 11.4 ,20.44,672," 5,490 "," 28,511 ",56.7,1,0,0,0
1,all_other,8%, 187 , 10.7 ,0.83,792," 4,140 ", 138 ,0.2,0,0,0,0
1,credit_card,12%, 314 , 11.7 ,18.23,697," 4,950 "," 114,629 ",64.5,2,0,0,0
1,debt_consolidation,10%, 325 , 11.2 ,12.88,707," 2,940 "," 10,689 ",18.4,3,0,0,0
1,debt_consolidation,10%, 257 , 10.1 ,17,732," 3,780 "," 6,188 ",53.8,0,0,0,0
1,debt_consolidation,8%, 315 , 10.6 ,14.54,772," 5,790 "," 4,743 ",28.1,0,0,0,1
1,debt_consolidation,11%, 236 , 11.0 ,21.83,717," 5,220 "," 12,025 ",37.2,2,0,0,0
1,home_improvement,10%, 804 , 11.7 ,8.91,792," 8,130 "," 3,706 ",12.8,1,0,0,0
1,debt_consolidation,11%, 526 , 11.4 ,9.37,702," 4,590 "," 8,833 ",44.8,1,0,1,0
1,debt_consolidation,10%, 292 , 10.7 ,14.64,712," 4,440 "," 6,239 ",63,3,0,0,0
1,debt_consolidation,13%, 541 , 10.6 ,11.73,672," 3,210 "," 5,671 ",55.1,0,0,0,0
1,credit_card,12%, 100 , 10.4 ,13.28,672," 4,320 "," 2,940 ",27.7,1,2,0,0
1,debt_consolidation,14%, 849 , 11.0 ,14.26,697," 2,730 "," 7,019 ",13.4,2,0,0,1
1,debt_consolidation,12%, 299 , 11.0 ,18.76,682," 4,350 "," 9,883 ",66.7,1,1,1,0
1,debt_consolidation,10%, 482 , 12.1 ,3.17,742," 2,820 "," 1,436 ",3.1,0,0,0,0
1,debt_consolidation,13%, 168 , 10.6 ,21.04,677," 2,911 "," 13,073 ",55.9,3,0,0,1
1,all_other,10%, 808 , 11.9 ,1.73,762," 7,770 "," 5,681 ",14.1,1,0,0,0
1,debt_consolidation,10%, 811 , 11.4 ,13.28,747," 3,360 "," 48,556 ",10.9,0,0,0,0
1,debt_consolidation,13%, 254 , 10.8 ,24.89,712," 2,418 "," 19,418 ",83.7,3,1,0,0
1,debt_consolidation,13%, 118 , 11.0 ,23.05,687," 2,730 "," 45,988 ",88.4,0,0,0,0
1,credit_card,10%, 584 , 12.2 ,12.27,712," 5,550 "," 77,034 ",32.3,2,0,0,0
1,educational,11%, 52 , 10.5 ,15.84,682," 1,830 ", -   ,49.4,0,0,0,0
1,debt_consolidation,10%, 151 , 10.5 ,18.72,722," 3,900 "," 9,910 ",99.1,2,0,0,1
1,educational,8%, 189 , 11.5 ,11.75,737," 6,870 "," 1,532 ",4.7,0,0,0,0
1,all_other,10%, 167 , 10.4 ,1.52,707," 2,580 "," 4,699 ",28.8,1,1,0,0
1,educational,8%, 252 , 10.6 ,17.6,797," 6,990 "," 7,017 ",8.4,0,0,0,1
1,major_purchase,10%, 162 , 10.6 ,21.77,762," 4,471 ", 13 ,1.9,1,0,0,0
1,all_other,13%, 808 , 11.5 ,7.06,687," 6,360 "," 9,201 ",49.7,2,1,1,0
1,credit_card,13%, 838 , 11.6 ,24.04,757," 7,260 "," 8,220 ",63.2,0,0,0,1
1,all_other,13%, 269 , 10.8 ,1.39,662," 4,447 "," 2,692 ",49.9,3,0,0,0
1,all_other,10%, 579 , 11.5 ,8.86,742," 4,530 "," 2,448 ",61.2,3,0,0,0
1,all_other,8%, 94 , 10.8 ,0.79,757," 3,180 "," 3,894 ",10.5,0,0,0,0
1,all_other,12%, 166 , 10.8 ,20.68,692," 9,330 "," 13,734 ",28.4,0,0,0,0
1,all_other,11%, 329 , 10.8 ,12.05,692," 1,620 "," 13,744 ",62.2,0,0,0,0
1,credit_card,11%, 201 , 10.5 ,17.1,687," 1,260 "," 6,111 ",64.3,0,0,0,0
1,credit_card,10%, 646 , 11.9 ,6.86,742," 3,180 ", 84 ,0.2,2,0,0,0
1,all_other,10%, 386 , 11.5 ,8.65,727," 4,650 "," 19,073 ",28.6,3,1,0,1
1,debt_consolidation,12%, 233 , 10.2 ,12.81,667," 6,284 "," 13,817 ",38.4,0,1,0,0
1,credit_card,12%, 331 , 11.7 ,8.13,682," 3,060 "," 59,145 ",81.1,0,0,0,0
1,debt_consolidation,13%, 202 , 10.6 ,15.32,667," 2,700 "," 7,091 ",47.3,2,2,0,0
1,debt_consolidation,11%, 603 , 10.4 ,13.33,717," 4,560 "," 18,179 ",34.4,0,0,0,0
1,debt_consolidation,10%, 389 , 10.4 ,15.99,712," 4,590 "," 6,151 ",52.7,1,0,0,0
1,major_purchase,8%, 251 , 10.8 ,2.24,777," 3,781 "," 2,056 ",7.3,1,0,0,0
1,debt_consolidation,15%, 692 , 11.2 ,14.69,672," 4,440 "," 29,292 ",60.4,1,0,0,0
1,all_other,8%, 38 , 10.4 ,3.42,722," 2,160 "," 6,685 ",19.2,1,0,0,0
1,credit_card,10%, 195 , 10.6 ,13.88,702," 2,730 "," 7,198 ",65.4,1,0,0,0
1,debt_consolidation,10%, 322 , 10.5 ,8.11,717," 4,140 "," 6,179 ",11.2,2,0,0,1
1,all_other,9%, 640 , 11.4 ,3.98,777," 3,030 ", 32 ,0.3,0,0,0,0
1,major_purchase,8%, 187 , 10.6 ,9.52,817," 6,630 ", 922 ,3.8,0,0,0,0
1,home_improvement,13%, 203 , 10.6 ,23.09,687," 5,010 "," 9,912 ",65.6,1,0,0,0
1,credit_card,9%, 142 , 9.0 ,4.24,732," 2,100 "," 6,699 ",7.2,0,1,0,0
1,educational,13%, 338 , 11.5 ,7.31,667," 3,823 "," 27,452 ",96.3,2,0,0,1
1,debt_consolidation,12%, 529 , 11.3 ,13.47,702," 2,400 "," 14,958 ",46.7,3,0,0,0
1,credit_card,12%, 267 , 11.5 ,5.36,687," 4,063 "," 45,251 ",66.7,3,1,0,1
1,all_other,8%, 156 , 12.1 ,11.97,777," 5,527 "," 9,253 ",33.3,0,0,0,0
1,credit_card,13%, 845 , 11.9 ,7.84,697," 5,190 "," 31,405 ",95.7,0,0,0,0
1,debt_consolidation,11%, 230 , 10.6 ,9.81,682," 3,031 "," 6,475 ",96.6,0,0,0,0
1,debt_consolidation,11%, 263 , 10.7 ,8.75,682," 2,490 ", -   ,66.7,1,1,0,1
1,debt_consolidation,11%, 391 , 11.3 ,18.59,717," 2,640 "," 34,566 ",69,1,0,0,0
1,all_other,8%, 315 , 11.3 ,6.25,752," 3,150 "," 3,248 ",16.7,0,0,0,0
1,debt_consolidation,12%, 463 , 10.9 ,8.42,687," 3,750 "," 17,623 ",83.1,0,1,0,0
1,all_other,13%, 101 , 10.5 ,20.84,672," 9,120 "," 9,642 ",64.3,0,2,0,0
1,debt_consolidation,15%, 551 , 11.5 ,22.27,672," 5,160 "," 16,930 ",70.8,0,0,0,0
1,credit_card,13%, 446 , 11.2 ,21.06,682," 5,160 "," 13,438 ",71.9,1,0,1,1
1,debt_consolidation,12%, 500 , 11.3 ,19.39,692," 3,450 "," 18,198 ",44.3,2,1,0,0
1,debt_consolidation,12%, 50 , 10.3 ,4.18,662," 2,850 ", -   ,0,3,0,0,0
1,debt_consolidation,10%, 177 , 10.3 ,21.92,762," 3,120 "," 1,763 ",26.3,0,0,0,0
1,credit_card,10%, 96 , 11.5 ,2.1,702," 1,770 "," 8,439 ",22,0,0,0,0
1,debt_consolidation,12%, 370 , 11.3 ,17.78,692," 1,980 "," 24,259 ",56.5,0,0,0,1
1,all_other,8%, 207 , 10.8 ,12.86,762," 12,330 "," 3,339 ",16.9,1,0,0,0
1,credit_card,11%, 296 , 9.8 ,11.68,682," 4,230 "," 9,237 ",64.6,1,0,1,1
1,debt_consolidation,11%, 819 , 12.0 ,9.38,722," 3,720 "," 7,746 ",26,0,2,0,0
1,credit_card,10%, 318 , 11.0 ,1.8,717," 3,820 "," 4,506 ",18.7,2,0,1,0
1,home_improvement,8%, 126 , 11.1 ,0,767," 4,740 "," 1,401 ",1.9,1,0,0,0
1,credit_card,10%, 450 , 10.7 ,11.31,727," 2,730 "," 14,571 ",59.5,0,0,0,0
1,debt_consolidation,12%, 23 , 9.9 ,12.38,662," 1,200 ", -   ,53.2,1,0,0,0
1,debt_consolidation,12%, 178 , 11.0 ,15.92,687," 4,506 "," 3,037 ",76.8,0,1,0,0
1,debt_consolidation,12%, 116 , 10.6 ,21.97,687," 3,750 "," 17,394 ",93.5,1,0,0,0
1,debt_consolidation,12%, 248 , 11.0 ,19.22,687," 4,530 "," 17,745 ",92.4,1,0,0,0
1,debt_consolidation,13%, 269 , 10.7 ,19.89,692," 5,250 "," 4,755 ",89.7,1,0,0,0
1,credit_card,11%, 262 , 10.6 ,14.8,697," 1,590 "," 8,158 ",57,0,0,0,0
1,all_other,11%, 142 , 11.7 ,15.07,722," 5,220 "," 70,685 ",88.7,1,0,0,0
1,debt_consolidation,14%, 569 , 11.1 ,14.62,667," 3,720 "," 11,294 ",61.4,1,1,0,0
1,debt_consolidation,13%, 223 , 10.4 ,22,672," 2,280 "," 6,521 ",67.7,3,0,0,0
1,debt_consolidation,10%, 243 , 11.0 ,14.85,727," 2,490 "," 4,322 ",44.1,2,0,0,0
1,credit_card,11%, 224 , 10.6 ,9.66,717," 4,740 "," 19,383 ",90.2,1,0,0,0
1,all_other,11%, 236 , 10.3 ,14.4,692," 3,930 "," 19,076 ",66.6,0,0,0,1
1,credit_card,14%, 428 , 11.0 ,24.55,692," 2,700 "," 34,181 ",59.5,0,0,0,0
1,debt_consolidation,16%, 660 , 11.7 ,14.23,677," 5,070 "," 27,550 ",94.6,2,1,1,0
1,debt_consolidation,12%, 193 , 11.5 ,19.7,707," 4,530 "," 13,685 ",46.7,1,0,0,0
1,home_improvement,8%, 156 , 10.6 ,11.49,797," 6,960 ", 257 ,1.4,0,0,0,0
1,debt_consolidation,11%, 214 , 10.8 ,20.82,722," 8,700 "," 23,119 ",50.6,3,0,1,0
1,credit_card,10%, 482 , 11.6 ,14.33,762," 6,120 "," 26,402 ",87.3,0,0,0,0
1,major_purchase,10%, 587 , 12.3 ,4.51,757," 5,460 "," 2,527 ",39.5,0,0,0,0
1,all_other,9%, 202 , 11.0 ,10.55,727," 3,345 "," 1,686 ",52.7,0,0,0,0
1,credit_card,10%, 161 , 10.5 ,4.45,712," 3,420 "," 9,877 ",60.6,2,0,0,0
1,all_other,13%, 265 , 12.2 ,15.62,707," 4,680 "," 36,293 ",62.3,3,0,0,1
1,debt_consolidation,11%, 339 , 10.9 ,15.6,717," 3,750 "," 19,859 ",63.4,0,0,0,1
1,credit_card,11%, 275 , 11.0 ,14.56,687," 3,420 "," 15,629 ",66.2,0,0,1,0
1,debt_consolidation,12%, 198 , 10.2 ,18.53,682," 1,530 "," 5,901 ",47.2,0,0,0,0
1,major_purchase,11%, 183 , 10.8 ,0.6,682," 1,303 ", 424 ,8,2,1,0,0
1,credit_card,15%, 640 , 11.2 ,22.74,682," 5,970 "," 32,682 ",96.1,0,0,0,0
1,debt_consolidation,9%, 133 , 11.6 ,2.09,737," 6,390 "," 11,730 ",47.5,0,0,0,0
1,debt_consolidation,12%, 261 , 12.1 ,6.65,682," 3,900 "," 20,237 ",24.4,3,0,0,0
1,credit_card,12%, 110 , 9.8 ,17.4,672," 1,170 "," 8,562 ",32.9,3,0,0,1
1,credit_card,12%, 240 , 10.9 ,16.91,712," 4,860 "," 17,581 ",98.2,0,0,0,1
1,debt_consolidation,14%, 340 , 11.9 ,10.14,662," 4,620 "," 3,608 ",37.6,1,1,0,0
1,all_other,10%, 307 , 11.5 ,3.36,757," 4,170 "," 16,098 ",22.8,0,0,0,0
1,debt_consolidation,14%, 389 , 11.0 ,24.48,712," 10,110 "," 44,293 ",73.6,0,0,0,0
1,debt_consolidation,14%, 514 , 11.1 ,21.49,702," 5,400 "," 24,992 ",77.1,0,0,0,0
1,credit_card,10%, 389 , 10.7 ,18.75,732," 2,370 "," 14,499 ",23.9,0,0,0,0
1,credit_card,7%, 23 , 9.4 ,3.6,792," 2,610 "," 1,814 ",7,0,0,0,0
1,credit_card,10%, 316 , 11.8 ,2.74,752," 5,880 "," 28,332 ",51,0,0,0,0
1,debt_consolidation,15%, 430 , 11.0 ,21.72,697," 8,490 "," 24,325 ",83.2,0,0,1,0
1,all_other,10%, 16 , 11.0 ,22.17,742," 4,590 "," 65,414 ",47.8,0,0,0,0
1,debt_consolidation,13%, 175 , 11.3 ,14.24,707," 8,670 "," 56,002 ",73.8,0,0,0,0
1,debt_consolidation,12%, 269 , 11.6 ,3.07,687," 4,710 "," 18,673 ",66.7,0,2,0,0
1,major_purchase,8%, 188 , 12.0 ,0.13,767," 4,560 "," 3,713 ",22.8,1,0,0,0
1,home_improvement,10%, 204 , 11.1 ,13.79,747," 8,040 "," 14,102 ",35.4,4,0,0,0
1,debt_consolidation,10%, 325 , 11.0 ,10.59,707," 1,470 "," 7,618 ",47.2,2,0,0,0
1,debt_consolidation,10%, 288 , 10.7 ,7.6,727," 6,750 ", -   ,0,1,1,0,0
1,major_purchase,14%, 155 , 11.1 ,13.5,697," 7,582 "," 8,399 ",41,2,0,0,1
1,debt_consolidation,10%, 145 , 10.9 ,4.24,707," 1,500 "," 3,818 ",61.6,0,0,0,1
1,debt_consolidation,13%, 402 , 10.8 ,10.12,672," 8,865 "," 16,083 ",70.2,0,0,1,0
1,debt_consolidation,10%, 325 , 10.6 ,7.12,712," 2,010 "," 13,845 ",28.9,0,0,0,0
1,credit_card,11%, 235 , 10.6 ,18.75,712," 4,560 "," 12,938 ",49,0,0,1,0
1,debt_consolidation,12%, 292 , 10.8 ,8.14,697," 6,840 "," 8,243 ",37,2,0,1,0
1,debt_consolidation,12%, 166 , 10.8 ,13.03,677," 3,510 "," 14,859 ",81.2,3,1,0,0
1,educational,16%, 493 , 11.6 ,20.39,677," 6,270 "," 33,627 ",74.7,1,0,0,1
1,all_other,8%, 31 , 10.5 ,1.8,747," 2,520 "," 4,782 ",16.7,0,0,0,0
1,educational,11%, 117 , 11.6 ,15.01,697," 3,060 "," 71,928 ",87.9,1,0,0,0
1,debt_consolidation,12%, 166 , 10.8 ,22.73,692," 3,720 "," 12,235 ",70.3,0,0,0,0
1,all_other,12%, 319 , 11.3 ,13,682," 3,000 "," 36,920 ",88.6,0,0,0,0
1,debt_consolidation,10%, 151 , 10.7 ,18.38,722," 4,394 "," 8,504 ",25,1,0,0,0
1,all_other,12%, 198 , 11.1 ,7.07,677," 6,060 "," 8,224 ",52.1,0,0,0,0
1,debt_consolidation,12%, 239 , 11.1 ,22.28,697," 5,580 "," 30,970 ",71,1,0,0,1
1,debt_consolidation,12%, 170 , 10.5 ,17.69,702," 3,930 "," 12,110 ",30.2,2,1,0,1
1,all_other,8%, 313 , 10.3 ,2.24,792," 14,100 "," 2,751 ",16.7,0,0,0,0
1,debt_consolidation,13%, 84 , 10.8 ,17.77,677," 4,860 "," 17,807 ",81.3,3,0,1,1
1,credit_card,10%, 96 , 10.8 ,17.65,712," 3,030 "," 6,981 ",42.8,0,0,0,0
1,home_improvement,12%, 149 , 11.7 ,15.49,672," 5,160 "," 22,625 ",86.4,1,1,0,0
1,home_improvement,12%, 165 , 11.2 ,3.53,677," 3,120 ", 669 ,15.6,0,0,0,0
1,credit_card,12%, 135 , 11.4 ,14.59,677," 5,550 "," 5,529 ",82.5,2,0,1,0
1,all_other,17%, 250 , 11.5 ,16.53,662," 5,190 "," 1,349 ",8.3,3,3,0,0
1,credit_card,14%, 204 , 11.3 ,18.74,672," 5,820 "," 16,888 ",51.8,1,1,0,0
1,credit_card,11%, 108 , 11.2 ,1.37,677," 2,340 ", 670 ,60.9,0,3,0,0
1,credit_card,10%, 129 , 9.6 ,8.08,707," 1,290 "," 3,946 ",35.9,0,0,0,1
1,all_other,11%, 163 , 10.8 ,9.58,702," 5,130 ", 854 ,71.2,1,0,0,1
1,debt_consolidation,8%, 128 , 9.9 ,1.25,742," 1,981 ", 296 ,2,0,0,0,0
1,debt_consolidation,10%, 185 , 10.5 ,9.57,697," 2,430 "," 6,342 ",74.4,0,0,0,0
1,debt_consolidation,10%, 323 , 10.5 ,21.57,747," 4,890 "," 16,973 ",26.4,0,0,0,0
1,debt_consolidation,13%, 134 , 10.3 ,22.83,677," 2,432 "," 2,876 ",61.2,2,0,1,0
1,all_other,12%, 93 , 10.2 ,25.43,737," 1,380 "," 1,705 ",6.4,0,0,0,0
1,debt_consolidation,10%, 162 , 10.2 ,12.71,732," 3,150 "," 11,837 ",20.6,0,0,0,0
1,debt_consolidation,8%, 220 , 10.9 ,9.58,782," 4,440 "," 9,304 ",24.7,1,0,0,0
1,all_other,10%, 162 , 10.7 ,11.73,742," 4,500 "," 5,171 ",44.2,1,0,0,0
1,all_other,11%, 229 , 10.4 ,0.38,702," 9,930 ", 10 ,0.4,0,3,0,0
1,credit_card,10%, 199 , 10.5 ,16.8,732," 10,200 "," 16,101 ",75.6,0,0,0,0
1,debt_consolidation,11%, 79 , 10.8 ,13.82,682," 3,990 "," 5,106 ",60.8,0,0,0,0
1,major_purchase,11%, 220 , 10.2 ,23.14,752," 2,400 ", 95 ,0.8,1,0,0,1
1,home_improvement,16%, 350 , 10.7 ,13.56,662," 3,450 "," 2,076 ",23.1,2,0,0,0
1,credit_card,11%, 147 , 10.5 ,24.97,757," 6,780 "," 22,403 ",32,0,0,0,0
1,debt_consolidation,16%, 387 , 11.3 ,19.96,662," 6,600 "," 19,608 ",31.1,1,0,0,1
1,debt_consolidation,11%, 287 , 11.1 ,13.08,702," 4,380 "," 35,098 ",51.5,2,0,0,0
1,credit_card,10%, 243 , 11.4 ,10.64,707," 3,331 "," 11,336 ",31.9,2,1,0,0
1,debt_consolidation,8%, 219 , 10.5 ,15.81,797," 4,740 ", 644 ,2.7,0,0,0,0
1,debt_consolidation,10%, 260 , 11.0 ,14.42,732," 2,580 "," 15,444 ",47.8,0,0,0,0
1,all_other,9%, 506 , 10.4 ,1.16,812," 7,410 "," 2,248 ",3.1,0,0,0,0
1,debt_consolidation,11%, 98 , 10.7 ,16.83,687," 2,370 "," 8,911 ",53.4,2,1,0,0
1,debt_consolidation,12%, 308 , 11.3 ,7.46,687," 6,900 "," 17,430 ",92.2,0,0,1,0
1,debt_consolidation,14%, 171 , 10.7 ,29.15,752," 4,530 "," 5,171 ",44.2,1,0,0,0
1,home_improvement,10%, 178 , 10.4 ,18.46,717," 5,670 ", 175 ,1,0,0,0,1
1,home_improvement,9%, 272 , 10.8 ,3.12,762," 2,580 "," 1,133 ",18,1,0,0,0
1,major_purchase,8%, 100 , 11.0 ,12.29,762," 10,710 "," 7,232 ",3.6,2,0,0,0
1,debt_consolidation,13%, 252 , 11.0 ,18.81,672," 3,889 "," 12,195 ",58.9,3,0,1,1
1,debt_consolidation,13%, 168 , 9.8 ,9.41,662," 11,040 "," 4,652 ",89.5,1,1,0,0
1,credit_card,11%, 296 , 11.8 ,5.44,682," 4,890 "," 25,120 ",85.4,1,0,1,0
1,debt_consolidation,10%, 207 , 11.0 ,8.11,712," 5,550 "," 5,815 ",49.3,2,0,1,0
1,debt_consolidation,10%, 310 , 11.0 ,19.72,732," 5,070 "," 19,500 ",30.9,0,0,0,0
1,debt_consolidation,10%, 128 , 10.5 ,21.78,762," 6,720 "," 12,879 ",19.5,1,0,0,0
1,credit_card,11%, 147 , 11.3 ,11.03,697," 10,650 "," 43,712 ",82.5,0,0,0,1
1,debt_consolidation,14%, 328 , 11.6 ,18.62,662," 6,300 "," 68,030 ",82.7,3,0,0,0
1,all_other,11%, 132 , 11.6 ,11.04,677," 1,650 "," 1,527 ",50.9,2,0,1,0
1,debt_consolidation,15%, 289 , 10.8 ,20.59,662," 1,680 "," 19,056 ",69,0,0,0,0
1,debt_consolidation,12%, 213 , 10.5 ,20.78,687," 4,620 "," 9,408 ",64,1,0,0,0
1,credit_card,12%, 185 , 11.0 ,21.52,707," 4,530 "," 39,010 ",34.2,1,0,0,0
1,debt_consolidation,11%, 246 , 11.6 ,11.14,692," 7,055 "," 30,449 ",61.3,2,0,0,0
1,all_other,10%, 161 , 10.8 ,13.53,717," 8,430 "," 5,000 ",23.1,1,0,0,0
1,all_other,8%, 188 , 10.2 ,5.38,752," 4,350 "," 5,959 ",70.9,0,0,0,0
1,all_other,11%, 163 , 12.2 ,12.48,702," 7,320 "," 53,087 ",69.9,1,0,0,1
1,credit_card,11%, 118 , 10.5 ,14.47,687," 2,340 "," 7,722 ",48.9,0,0,0,0
1,credit_card,14%, 119 , 10.7 ,24.51,687," 4,110 "," 21,043 ",81.6,3,0,0,1
1,all_other,11%, 98 , 10.3 ,14.56,682," 5,190 "," 8,572 ",84,1,0,1,0
1,debt_consolidation,10%, 208 , 11.4 ,14.79,712," 5,430 "," 21,532 ",66.9,2,0,0,0
1,debt_consolidation,9%, 128 , 10.3 ,17.63,722," 4,320 "," 3,717 ",15.1,0,0,1,0
1,all_other,7%, 62 , 11.5 ,0,782," 6,450 "," 5,235 ",5.1,0,0,0,0
1,debt_consolidation,13%, 155 , 10.4 ,20.33,672," 1,770 "," 20,853 ",43.4,2,0,0,0
1,credit_card,12%, 122 , 11.0 ,19.58,697," 5,520 "," 15,948 ",88.8,0,0,1,1
1,credit_card,14%, 343 , 11.4 ,20.77,672," 2,627 "," 59,106 ",62.3,0,0,0,0
1,debt_consolidation,11%, 211 , 10.9 ,16.98,692," 1,470 "," 2,898 ",41.4,0,0,0,0
1,major_purchase,9%, 237 , 11.3 ,14.6,762," 3,371 "," 1,127 ",3.8,1,0,0,0
1,debt_consolidation,12%, 137 , 11.2 ,6.6,677," 2,400 "," 16,952 ",40.4,2,0,0,1
1,all_other,10%, 178 , 11.9 ,5.53,707," 5,612 "," 26,681 ",41.4,2,0,0,0
1,credit_card,12%, 102 , 11.5 ,20.53,702," 7,080 "," 91,557 ",87.8,0,0,0,1
1,debt_consolidation,9%, 190 , 11.5 ,4.55,727," 6,480 "," 3,828 ",12,0,1,0,0
1,debt_consolidation,8%, 219 , 10.7 ,16.04,777," 3,390 ", 752 ,1.9,1,0,0,0
1,home_improvement,8%, 157 , 10.6 ,5.7,762," 9,600 "," 7,755 ",10.8,3,0,0,0
1,all_other,8%, 175 , 10.7 ,0.95,797," 6,637 "," 2,051 ",0.7,5,0,0,0
1,all_other,11%, 293 , 10.6 ,11.69,697," 1,680 "," 8,858 ",52.4,2,0,0,0
1,all_other,10%, 139 , 10.9 ,5.33,707," 10,740 "," 4,972 ",61.4,0,0,0,0
1,debt_consolidation,12%, 71 , 11.1 ,14.95,682," 3,120 "," 45,028 ",95.2,1,0,0,0
1,all_other,8%, 71 , 11.1 ,12.55,802," 6,300 "," 116,416 ",1.4,0,0,0,1
1,debt_consolidation,12%, 76 , 11.0 ,24.94,732," 6,360 "," 21,765 ",49.4,0,0,0,0
1,all_other,8%, 135 , 10.5 ,1.77,757," 4,020 "," 6,837 ",17.5,3,0,0,0
1,credit_card,11%, 163 , 10.3 ,20.28,717," 3,150 "," 6,024 ",45.3,0,0,0,0
1,all_other,7%, 31 , 10.6 ,12.9,777," 10,260 "," 4,055 ",46.6,0,0,0,0
1,debt_consolidation,10%, 171 , 11.3 ,14.79,712," 6,900 "," 66,235 ",97.4,0,0,0,1
1,credit_card,11%, 181 , 11.5 ,17.15,687," 5,190 "," 29,243 ",96.2,1,0,1,0
1,all_other,11%, 164 , 11.0 ,10.94,687," 10,050 "," 20,066 ",88.1,1,1,0,0
1,credit_card,12%, 167 , 10.5 ,14.96,677," 4,830 "," 18,099 ",69.2,0,0,0,0
1,all_other,8%, 113 , 11.7 ,5.46,797," 9,330 "," 3,638 ",20.3,2,0,0,0
1,all_other,9%, 164 , 11.4 ,18.52,747," 6,420 "," 28,180 ",27,0,0,0,0
1,debt_consolidation,10%, 194 , 10.8 ,9.3,707," 6,330 "," 4,201 ",36.2,0,0,0,1
1,all_other,10%, 123 , 11.5 ,21.54,742," 4,350 "," 29,144 ",31.8,0,0,0,0
1,home_improvement,12%, 231 , 11.1 ,19.68,687," 4,500 "," 44,548 ",39.6,0,0,0,0
1,debt_consolidation,9%, 160 , 10.6 ,15.06,727," 5,070 "," 6,301 ",30.7,0,1,0,0
1,educational,12%, 180 , 11.0 ,18.08,692," 3,190 "," 26,013 ",37,1,0,0,0
1,all_other,8%, 62 , 11.3 ,11.46,762," 8,820 "," 6,222 ",18.7,0,0,0,0
1,home_improvement,11%, 117 , 10.8 ,13.3,702," 6,060 "," 10,083 ",53.9,1,0,1,1
1,credit_card,10%, 132 , 11.0 ,9.29,692," 3,090 "," 14,350 ",90.3,0,0,0,0
1,credit_card,13%, 164 , 11.3 ,9.06,662," 6,630 "," 20,644 ",90.5,1,1,0,0
1,all_other,13%, 195 , 10.8 ,18.01,672," 2,250 "," 7,423 ",53.4,0,0,0,1
1,debt_consolidation,13%, 154 , 9.9 ,15.06,667," 7,410 "," 8,150 ",70.1,2,0,1,0
1,all_other,8%, 235 , 10.7 ,7.17,797," 6,090 "," 9,409 ",11.1,1,0,0,0
1,debt_consolidation,8%, 189 , 10.6 ,2.82,742," 2,070 "," 4,712 ",25.3,0,0,0,0
1,debt_consolidation,12%, 154 , 10.6 ,23.85,732," 2,354 "," 12,811 ",47.6,0,0,0,1
1,debt_consolidation,14%, 256 , 11.0 ,19.24,662," 1,602 "," 10,748 ",90.3,0,0,0,0
1,debt_consolidation,14%, 255 , 10.6 ,16.46,662," 4,440 "," 13,779 ",59.4,1,0,0,0
1,home_improvement,9%, 173 , 11.1 ,10.33,727," 5,190 "," 2,410 ",4.4,1,1,0,0
1,educational,15%, 209 , 10.5 ,24.03,662," 2,340 "," 6,668 ",40.9,1,0,0,0
1,all_other,13%, 254 , 11.7 ,5.78,662," 10,080 "," 23,611 ",32.7,0,2,0,0
1,all_other,10%, 189 , 11.3 ,17.61,722," 3,870 "," 2,930 ",10.7,2,0,1,1
1,credit_card,11%, 167 , 11.1 ,6.77,692," 3,390 "," 11,817 ",94.5,2,0,0,0
1,debt_consolidation,11%, 213 , 10.9 ,11.76,692," 2,430 "," 6,565 ",26.6,1,1,0,0
1,debt_consolidation,11%, 165 , 10.9 ,15.09,682," 2,940 "," 10,944 ",37.6,3,0,0,0
1,all_other,10%, 118 , 11.1 ,1.56,697," 2,310 "," 15,807 ",20,0,0,0,0
1,debt_consolidation,9%, 99 , 10.3 ,1.92,732," 5,550 ", 814 ,3.8,0,0,0,0
1,credit_card,11%, 183 , 10.6 ,16.98,697," 3,660 "," 8,366 ",62,2,0,0,0
1,all_other,12%, 58 , 10.4 ,4.51,672," 2,130 "," 6,487 ",53.6,3,0,0,0
1,credit_card,6%, 231 , 11.2 ,14.07,672," 2,910 "," 15,885 ",46.9,1,1,0,0
1,debt_consolidation,9%, 128 , 10.1 ,11.38,722," 1,710 "," 6,291 ",24,0,0,0,0
1,debt_consolidation,10%, 242 , 11.1 ,16.26,717," 2,820 "," 16,471 ",37.9,1,0,0,0
1,all_other,8%, 219 , 11.1 ,5.26,762," 3,870 ", -   ,0,1,0,0,0
1,all_other,8%, 110 , 10.6 ,9.86,752," 7,170 "," 11,077 ",56.2,0,0,0,0
1,credit_card,14%, 255 , 10.9 ,21.51,672," 3,870 "," 17,590 ",86.2,1,0,0,1
1,credit_card,10%, 162 , 10.9 ,12.18,692," 1,770 "," 4,520 ",47.1,1,0,0,0
1,debt_consolidation,11%, 247 , 10.0 ,13.67,687," 1,200 "," 8,359 ",64.5,2,0,0,0
1,debt_consolidation,10%, 153 , 10.5 ,18.99,712," 1,860 "," 8,775 ",34.1,1,0,0,0
1,all_other,12%, 231 , 10.7 ,20.54,702," 2,340 "," 8,507 ",56.7,0,1,0,0
1,educational,8%, 109 , 9.7 ,2.26,752," 1,800 "," 1,223 ",10.7,0,0,0,0
1,credit_card,8%, 157 , 10.7 ,11.04,767," 7,440 "," 15,862 ",53.8,0,0,0,0
1,debt_consolidation,11%, 166 , 11.4 ,17.71,692," 3,480 "," 39,307 ",86,0,0,0,0
1,credit_card,11%, 132 , 10.3 ,8.32,677," 2,220 "," 4,255 ",30.8,3,0,0,0
1,debt_consolidation,7%, 36 , 10.5 ,7.1,782," 4,861 "," 3,914 ",15.5,0,0,0,0
1,home_improvement,8%, 150 , 10.6 ,5.49,747," 13,260 ", 398 ,1.2,3,2,0,1
1,credit_card,10%, 162 , 10.5 ,15.63,722," 7,920 ", 967 ,6.4,1,0,0,0
1,debt_consolidation,13%, 251 , 10.5 ,17.8,672," 5,613 "," 12,893 ",76.7,0,1,0,0
1,all_other,10%, 135 , 11.3 ,5.91,697," 6,900 "," 17,243 ",43,1,0,0,1
1,home_improvement,12%, 163 , 13.1 ,2.19,672," 2,190 "," 6,459 ",23.8,1,0,0,0
1,credit_card,8%, 151 , 10.6 ,10.83,742," 6,330 "," 29,129 ",48.3,6,0,0,0
1,debt_consolidation,10%, 129 , 10.5 ,20.92,742," 8,760 "," 1,620 ",17.2,0,0,0,0
1,all_other,13%, 336 , 11.0 ,20.64,712," 1,800 "," 3,353 ",54.1,0,0,0,0
1,home_improvement,9%, 51 , 11.0 ,17.64,732," 5,070 "," 24,249 ",54.6,1,0,0,0
1,debt_consolidation,10%, 195 , 10.5 ,17.91,707," 1,410 "," 3,718 ",19.8,2,0,0,0
1,debt_consolidation,13%, 168 , 10.6 ,16.29,667," 2,730 "," 14,244 ",85.8,2,0,0,0
1,debt_consolidation,13%, 251 , 11.2 ,20.58,677," 6,977 "," 57,633 ",64.1,0,1,0,0
1,credit_card,10%, 129 , 10.3 ,17.04,717," 1,110 "," 2,489 ",32.3,0,0,0,0
1,debt_consolidation,13%, 169 , 11.0 ,13.28,662," 5,610 "," 9,816 ",65.4,0,1,0,0
1,debt_consolidation,12%, 139 , 11.1 ,8.51,672," 4,560 "," 20,487 ",94,0,0,0,0
1,credit_card,15%, 258 , 11.6 ,21.84,662," 4,950 "," 44,098 ",92.3,2,0,0,0
1,debt_consolidation,12%, 133 , 10.2 ,23.52,712," 1,440 "," 3,573 ",30.8,0,0,0,0
1,all_other,13%, 252 , 10.8 ,17.54,667," 5,940 "," 23,401 ",35.8,1,3,0,1
1,debt_consolidation,12%, 83 , 10.4 ,23.75,702," 5,430 "," 3,877 ",23.8,2,0,1,0
1,all_other,7%, 99 , 10.7 ,1.72,797," 4,560 "," 1,397 ",3,0,0,0,0
1,all_other,12%, 168 , 11.0 ,8.25,667," 1,920 "," 29,863 ",82.7,0,0,0,1
1,credit_card,12%, 219 , 10.9 ,18.76,682," 2,820 "," 22,677 ",86.3,1,1,0,0
1,all_other,8%, 219 , 10.7 ,7.77,767," 3,870 "," 6,301 ",22.7,1,0,0,0
1,debt_consolidation,11%, 245 , 11.3 ,13.02,702," 3,480 "," 8,709 ",30.1,3,0,0,0
1,debt_consolidation,13%, 251 , 11.3 ,18.18,677," 4,320 "," 12,749 ",61.9,1,0,0,1
1,credit_card,14%, 307 , 10.8 ,16.64,692," 3,912 "," 14,398 ",96,0,0,0,0
1,all_other,7%, 93 , 10.6 ,6.39,782," 3,570 ", 409 ,2,0,0,0,0
1,credit_card,11%, 214 , 10.5 ,12.95,687," 5,100 "," 6,236 ",67.8,2,0,0,0
1,debt_consolidation,10%, 242 , 10.8 ,2.93,707," 1,740 "," 8,453 ",77.6,3,0,0,1
1,educational,12%, 132 , 10.1 ,3.45,672," 3,720 "," 3,060 ",21.7,0,1,0,0
1,major_purchase,10%, 96 , 10.7 ,15.94,712," 3,480 "," 1,062 ",48.3,1,2,0,0
1,all_other,8%, 236 , 10.5 ,9.01,762," 2,881 "," 4,007 ",24,0,0,0,0
1,major_purchase,9%, 96 , 10.2 ,14.82,717," 4,170 "," 1,059 ",11.1,0,0,0,0
1,major_purchase,8%, 235 , 12.0 ,9.98,772," 5,910 "," 19,414 ",27.9,1,0,0,0
1,debt_consolidation,9%, 234 , 10.6 ,16.52,727," 3,135 "," 2,185 ",15.4,0,0,0,0
1,all_other,9%, 32 , 11.0 ,9.45,712," 3,120 "," 9,332 ",97.2,0,0,0,0
1,all_other,10%, 177 , 11.0 ,0,707," 2,670 ", -   ,0,2,0,0,0
1,all_other,10%, 243 , 10.3 ,10.24,702," 10,320 "," 10,444 ",14.1,1,1,0,0
1,all_other,8%, 235 , 11.0 ,4.96,777," 7,860 "," 78,935 ",26.2,7,0,0,0
1,credit_card,10%, 129 , 9.4 ,9.6,707," 1,320 "," 3,987 ",31.9,1,0,0,0
1,educational,10%, 226 , 10.4 ,18.91,717," 3,481 "," 9,379 ",10.9,0,1,0,0
1,all_other,10%, 81 , 11.1 ,1.55,697," 4,380 "," 9,743 ",62.9,1,0,0,0
1,credit_card,8%, 94 , 12.2 ,2.49,767," 3,870 "," 3,119 ",1.5,2,0,0,0
1,credit_card,8%, 207 , 9.9 ,10.04,767," 3,450 "," 7,797 ",72.2,0,0,0,0
1,debt_consolidation,12%, 250 , 11.1 ,1.68,672," 1,260 "," 2,871 ",7.9,2,3,0,0
1,home_improvement,9%, 158 , 11.8 ,10.62,727," 7,770 "," 1,780 ",25.8,0,0,0,0
1,home_improvement,9%, 192 , 11.6 ,8.68,722," 13,350 "," 1,390 ",1.8,1,0,0,0
1,credit_card,11%, 78 , 10.5 ,15.2,687," 3,030 "," 2,823 ",33.2,3,1,1,0
1,debt_consolidation,11%, 246 , 11.0 ,16.12,692," 4,470 "," 16,382 ",52.3,1,1,0,1
1,all_other,12%, 64 , 11.0 ,11.1,662," 3,060 "," 6,317 ",45.4,0,0,0,0
1,debt_consolidation,12%, 249 , 11.4 ,7.89,677," 5,250 "," 13,068 ",30.6,3,1,0,0
1,all_other,13%, 254 , 11.3 ,11.42,662," 2,610 "," 12,844 ",51.8,1,0,1,0
1,all_other,15%, 174 , 10.6 ,24.57,662," 2,435 "," 1,851 ",92.5,3,0,0,0
1,credit_card,11%, 246 , 11.4 ,21.91,717," 5,190 "," 63,167 ",84,2,0,0,0
1,credit_card,11%, 246 , 11.3 ,21.11,717," 5,588 "," 68,356 ",71.6,2,0,0,0
1,debt_consolidation,8%, 205 , 10.6 ,5.43,742," 2,850 "," 9,830 ",19,5,0,0,0
1,all_other,10%, 52 , 10.7 ,21.57,722," 2,310 "," 1,949 ",48.7,0,0,0,0
1,home_improvement,10%, 154 , 10.5 ,16.77,717," 2,923 "," 7,708 ",48.2,1,0,0,0
1,credit_card,10%, 168 , 10.6 ,11.87,702," 4,620 "," 13,300 ",51.6,0,0,1,0
1,credit_card,10%, 243 , 10.9 ,20.92,737," 2,280 "," 9,754 ",39,0,0,0,0
1,debt_consolidation,13%, 254 , 11.8 ,16.78,662," 4,260 "," 89,952 ",79.5,3,0,0,1
1,credit_card,9%, 133 , 11.0 ,19.48,762," 2,580 ", -   ,0,2,0,0,0
1,debt_consolidation,11%, 247 , 11.0 ,8.92,687," 7,260 "," 1,954 ",4.8,0,2,0,0
1,all_other,10%, 162 , 11.0 ,14.34,707," 2,970 "," 9,737 ",44.7,2,0,0,0
1,credit_card,11%, 114 , 10.1 ,17.4,697," 1,950 "," 4,063 ",76.7,0,0,0,0
1,major_purchase,12%, 167 , 11.0 ,5.24,667," 4,980 "," 5,073 ",50,2,0,0,0
1,home_improvement,11%, 164 , 11.4 ,12.44,682," 5,700 "," 7,945 ",41.4,2,0,0,0
1,credit_card,11%, 39 , 9.8 ,21.13,697," 2,070 "," 3,918 ",72.6,1,0,0,0
1,debt_consolidation,8%, 113 , 9.4 ,6.14,727," 4,111 "," 2,877 ",70.2,0,0,0,0
1,debt_consolidation,11%, 214 , 10.1 ,11.23,682," 2,460 "," 2,083 ",28.1,3,0,0,0
1,debt_consolidation,9%, 127 , 9.9 ,11.01,727," 2,041 "," 6,835 ",34.7,0,0,0,0
1,credit_card,9%, 190 , 10.5 ,18.77,757," 2,370 ", -   ,0,1,0,0,0
1,home_improvement,8%, 156 , 10.8 ,0.38,812," 7,950 ", 52 ,0.3,0,0,0,0
1,credit_card,11%, 149 , 10.9 ,10.82,687," 2,100 "," 2,927 ",53.2,2,0,0,0
1,debt_consolidation,13%, 402 , 11.1 ,17.36,697," 4,229 "," 20,024 ",73.1,0,0,0,0
1,all_other,10%, 234 , 11.1 ,8.96,707," 4,740 "," 3,565 ",70,2,0,0,0
1,debt_consolidation,10%, 241 , 11.1 ,13.55,722," 6,630 "," 41,154 ",47.1,0,0,0,0
1,all_other,11%, 247 , 10.4 ,3.96,682," 1,650 "," 8,644 ",28,1,0,0,0
1,all_other,8%, 164 , 9.8 ,1.33,747," 1,440 ", 139 ,5,0,0,0,0
1,debt_consolidation,9%, 142 , 11.3 ,7.53,722," 5,761 "," 20,237 ",32.7,2,0,0,0
1,all_other,13%, 202 , 10.4 ,4.76,662," 1,350 "," 4,378 ",71.2,0,0,0,0
1,all_other,12%, 249 , 11.0 ,6.06,677," 8,940 "," 5,450 ",40.7,0,0,0,0
1,credit_card,9%, 128 , 9.9 ,5.16,722," 3,180 "," 3,621 ",14.9,0,0,0,0
1,all_other,10%, 243 , 10.8 ,6.86,702," 3,180 "," 12,742 ",61.6,1,0,0,0
1,debt_consolidation,11%, 180 , 10.9 ,3.83,682," 3,930 "," 3,491 ",23.6,0,0,0,0
1,all_other,11%, 197 , 10.4 ,8.4,687," 3,360 "," 7,305 ",73,0,0,0,0
1,debt_consolidation,10%, 243 , 10.6 ,3.26,702," 1,443 "," 3,608 ",65.6,1,0,0,1
1,all_other,12%, 167 , 10.6 ,21.66,682," 2,910 ", 489 ,27.2,1,0,0,1
1,all_other,12%, 210 , 10.7 ,0.95,667," 2,970 "," 1,315 ",17.1,2,1,0,0
1,credit_card,11%, 245 , 11.4 ,13.57,702," 5,010 "," 7,957 ",26.4,1,0,0,0
1,credit_card,10%, 162 , 10.8 ,3.33,702," 5,706 ", 899 ,15,0,0,1,0
1,debt_consolidation,12%, 249 , 11.1 ,21.63,692," 5,130 "," 30,245 ",40.8,2,0,0,1
1,all_other,11%, 368 , 11.5 ,19.6,717," 11,103 "," 52,132 ",55.7,1,0,0,1
1,credit_card,9%, 184 , 11.5 ,14.56,732," 5,640 "," 30,181 ",35.7,1,0,0,0
1,home_improvement,12%, 70 , 11.0 ,19.92,667," 9,210 "," 26,036 ",89.5,1,1,0,1
1,major_purchase,8%, 175 , 10.2 ,2.31,747," 1,800 "," 1,220 ",8.4,1,0,0,0
1,debt_consolidation,11%, 192 , 10.5 ,16.24,697," 4,920 "," 3,382 ",36.1,0,0,0,0
1,educational,12%, 53 , 11.0 ,18.4,677," 5,370 ", 926 ,4.5,3,1,0,0
1,debt_consolidation,13%, 251 , 10.6 ,5.71,667," 1,500 "," 8,944 ",57,1,0,0,0
1,all_other,8%, 126 , 10.4 ,15.07,762," 2,460 "," 1,152 ",16.5,0,0,0,0
1,all_other,7%, 31 , 10.4 ,0.35,807," 7,140 ", 102 ,0.3,1,0,0,0
1,all_other,12%, 248 , 11.0 ,17.59,687," 2,850 "," 6,550 ",47.8,2,0,0,0
1,home_improvement,8%, 235 , 10.8 ,4.28,812," 7,950 ", 52 ,0.3,0,0,0,0
1,home_improvement,12%, 250 , 11.8 ,3.18,672," 3,540 "," 56,481 ",61.7,0,0,1,0
1,debt_consolidation,11%, 246 , 11.7 ,7.55,687," 4,950 "," 34,753 ",95.2,0,0,0,0
1,all_other,10%, 64 , 11.3 ,17.01,712," 3,480 "," 29,889 ",37.4,1,0,0,0
1,educational,8%, 236 , 10.7 ,3.74,747," 3,390 "," 11,585 ",27.1,1,0,0,0
1,educational,8%, 191 , 11.5 ,7.87,757," 10,470 "," 8,681 ",23.2,0,0,0,0
1,all_other,12%, 66 , 10.8 ,10.4,667," 3,840 "," 16,746 ",69.2,1,0,0,0
1,major_purchase,12%, 100 , 10.6 ,1.71,672," 2,610 "," 1,487 ",45.1,0,0,0,1
1,debt_consolidation,13%, 201 , 10.3 ,19.92,672," 1,800 "," 3,211 ",78.3,2,0,0,1
1,all_other,8%, 220 , 10.8 ,4.42,742," 2,010 "," 1,098 ",7.1,0,0,0,0
1,major_purchase,11%, 230 , 10.5 ,5.69,682," 5,250 "," 2,745 ",40.4,0,0,0,0
1,debt_consolidation,13%, 134 , 11.9 ,10.92,662," 4,080 "," 4,736 ",16.8,2,1,0,0
1,home_improvement,8%, 236 , 10.3 ,1.52,757," 2,520 "," 1,304 ",9.7,0,0,0,0
1,debt_consolidation,13%, 252 , 10.8 ,20.56,682," 3,330 "," 20,716 ",82.1,2,2,0,0
1,all_other,12%, 50 , 12.0 ,7.43,662," 5,220 "," 8,545 ",30.6,2,0,0,0
1,debt_consolidation,13%, 505 , 10.9 ,22.18,702," 3,303 "," 5,170 ",8.6,2,0,0,0
1,credit_card,12%, 183 , 10.4 ,20.56,687," 1,410 "," 4,029 ",24,1,0,0,0
1,educational,9%, 240 , 10.7 ,1.57,722," 7,560 "," 2,258 ",10.7,2,0,1,1
1,educational,14%, 233 , 11.2 ,24.22,687," 3,750 "," 8,547 ",55.1,1,1,0,0
1,debt_consolidation,10%, 241 , 10.0 ,6.74,717," 1,680 "," 7,313 ",29.6,0,0,0,1
1,debt_consolidation,9%, 237 , 10.5 ,6,747," 5,850 "," 5,541 ",26.5,2,0,0,0
1,debt_consolidation,10%, 49 , 10.5 ,13.17,697," 4,230 ", 19 ,0.2,1,0,0,1
1,debt_consolidation,13%, 254 , 10.3 ,13.44,667," 1,290 "," 9,142 ",81.6,1,0,0,0
1,educational,11%, 164 , 10.8 ,16.56,687," 4,500 "," 5,584 ",80.9,2,0,1,0
1,credit_card,10%, 233 , 10.5 ,18.09,722," 2,370 "," 12,391 ",66.6,1,0,0,0
1,debt_consolidation,9%, 96 , 10.7 ,5.17,722," 2,460 "," 5,275 ",48,0,0,0,0
1,educational,10%, 97 , 10.5 ,6.9,697," 2,340 "," 8,349 ",43.5,0,0,0,1
1,debt_consolidation,13%, 254 , 10.1 ,16.76,667," 2,820 "," 4,013 ",66.9,0,0,0,1
1,home_improvement,8%, 157 , 10.3 ,10.13,742," 4,307 "," 20,337 ",39.2,3,0,0,0
1,debt_consolidation,12%, 136 , 10.6 ,3.99,677," 2,460 "," 7,102 ",18.7,0,0,0,0
1,all_other,10%, 65 , 10.0 ,8.13,692," 1,560 "," 1,599 ",9.6,2,1,0,0
1,all_other,12%, 175 , 11.6 ,6.75,677," 2,760 "," 19,328 ",96.2,2,0,0,0
1,credit_card,11%, 147 , 10.8 ,20.81,707," 4,350 "," 25,469 ",98.5,1,0,0,0
1,credit_card,11%, 246 , 11.0 ,21.12,717," 4,620 "," 36,605 ",91.1,0,0,0,0
1,credit_card,10%, 193 , 11.0 ,12.37,712," 3,150 "," 6,432 ",99,2,0,0,1
1,credit_card,14%, 222 , 11.6 ,23.99,687," 4,950 "," 68,479 ",48.9,0,3,0,0
1,all_other,10%, 177 , 10.6 ,0.51,717," 1,233 ", 38 ,1.3,0,1,0,0
1,all_other,8%, 94 , 11.4 ,0,737," 1,230 ", 500 ,2.4,2,0,0,0
1,all_other,8%, 219 , 10.7 ,6.61,752," 2,163 ", -   ,0,3,0,0,0
1,all_other,8%, 236 , 10.8 ,2.42,762," 3,180 "," 4,880 ",38.1,0,0,0,0
1,all_other,8%, 154 , 10.5 ,0,772," 6,810 "," 1,238 ",7.3,0,1,0,0
1,debt_consolidation,11%, 247 , 10.5 ,10.66,682," 2,715 "," 1,238 ",47.7,0,2,0,0
1,debt_consolidation,10%, 194 , 11.0 ,11.22,707," 6,630 "," 27,591 ",54.9,0,0,1,0
1,credit_card,15%, 244 , 11.2 ,23.54,667," 5,250 "," 9,371 ",50.1,1,3,0,0
1,debt_consolidation,12%, 159 , 10.6 ,7.98,672," 5,730 "," 11,689 ",89.2,0,0,0,0
1,debt_consolidation,12%, 250 , 10.6 ,24.63,727," 3,450 "," 6,083 ",56.3,1,0,0,0
1,all_other,12%, 50 , 9.5 ,21.51,682," 1,530 "," 8,172 ",34,1,0,0,0
1,all_other,10%, 71 , 11.0 ,10.8,702," 2,520 "," 1,051 ",58.4,1,0,0,0
1,major_purchase,12%, 186 , 10.1 ,2.68,677," 1,740 "," 4,885 ",35.4,2,0,0,0
1,credit_card,8%, 219 , 11.4 ,6.36,752," 7,805 "," 21,135 ",19.7,0,0,0,0
1,all_other,12%, 100 , 11.0 ,21.35,682," 3,900 "," 12,074 ",51,0,0,0,0
1,credit_card,11%, 247 , 11.7 ,10.12,687," 4,980 "," 34,842 ",95.5,0,0,0,0
1,home_improvement,11%, 164 , 11.3 ,13.53,687," 8,190 "," 16,389 ",57.7,3,0,1,1
1,all_other,13%, 134 , 9.9 ,18.72,677," 7,590 "," 9,961 ",94.9,1,0,0,0
1,all_other,11%, 33 , 10.9 ,17.96,677," 4,650 "," 22,557 ",98.1,0,0,0,0
1,debt_consolidation,12%, 216 , 10.2 ,21.97,707," 2,280 "," 7,552 ",98.1,1,0,0,0
1,major_purchase,8%, 219 , 10.0 ,10.04,757," 5,130 ", -   ,0,6,0,0,1
1,debt_consolidation,12%, 225 , 10.6 ,11.91,682," 4,650 "," 6,170 ",53.7,1,0,0,0
1,debt_consolidation,14%, 256 , 11.1 ,18.16,667," 2,280 "," 16,860 ",63.6,1,0,0,0
1,all_other,12%, 248 , 10.4 ,13.91,692," 4,380 "," 2,131 ",45.3,1,0,0,0
1,all_other,13%, 168 , 10.1 ,23.23,702," 2,490 "," 19,096 ",69.6,2,0,0,0
1,credit_card,11%, 262 , 10.8 ,12.28,697," 2,550 "," 5,329 ",29.4,2,1,0,0
1,major_purchase,9%, 206 , 10.0 ,9.34,732," 1,620 "," 4,386 ",14.3,0,0,0,0
1,debt_consolidation,10%, 48 , 10.9 ,15.62,717," 4,620 "," 1,645 ",29.9,1,0,0,0
1,debt_consolidation,10%, 241 , 11.3 ,13.91,727," 4,788 "," 49,150 ",42,3,0,0,1
1,major_purchase,11%, 182 , 11.3 ,4.26,697," 4,141 ", -   ,21.7,0,0,1,0
1,all_other,9%, 237 , 10.6 ,19.2,787," 6,450 "," 8,671 ",13.9,1,0,0,1
1,debt_consolidation,13%, 407 , 10.9 ,14.53,667," 9,030 "," 2,569 ",98.8,0,0,0,1
1,home_improvement,10%, 96 , 11.0 ,3.31,707," 12,150 "," 8,832 ",76.8,1,0,0,0
1,all_other,8%, 72 , 10.8 ,11.6,762," 5,400 ", 550 ,1.6,3,0,0,0
1,all_other,12%, 83 , 10.8 ,14.77,677," 4,350 "," 10,710 ",54.6,0,0,0,0
1,debt_consolidation,10%, 249 , 11.6 ,9.77,732," 5,580 "," 14,068 ",52.7,1,0,0,0
1,all_other,11%, 196 , 10.3 ,1.8,697," 3,360 "," 2,898 ",42.9,0,0,0,0
1,all_other,13%, 92 , 10.9 ,22.13,682," 5,400 "," 18,392 ",87.6,2,0,0,0
1,all_other,12%, 66 , 10.8 ,16.03,672," 2,340 ", 874 ,21.8,3,0,0,0
1,all_other,13%, 504 , 10.9 ,18.14,677," 11,130 "," 12,836 ",31.3,0,2,0,0
1,major_purchase,12%, 377 , 11.0 ,22.76,712," 4,650 "," 8,939 ",74.5,0,0,0,1
1,all_other,8%, 38 , 10.8 ,4.82,737," 2,490 "," 1,312 ",9,2,0,0,0
1,debt_consolidation,11%, 329 , 11.2 ,14.62,722," 4,920 "," 14,173 ",78.7,0,0,0,0
1,all_other,10%, 326 , 10.8 ,16.15,727," 5,670 "," 1,417 ",7.6,1,0,0,1
1,debt_consolidation,11%, 196 , 10.6 ,12.38,697," 3,620 "," 21,196 ",46.2,3,0,0,0
1,all_other,16%, 298 , 10.8 ,24.91,662," 4,560 "," 8,155 ",78.4,3,0,0,0
1,all_other,11%, 473 , 10.7 ,1.33,712," 3,240 "," 1,661 ",15.8,2,0,1,1
1,credit_card,13%, 252 , 10.9 ,10.81,667," 2,820 "," 6,413 ",81.2,1,0,0,0
1,major_purchase,10%, 182 , 11.4 ,5.41,712," 6,858 "," 15,132 ",33.9,0,0,0,0
1,credit_card,13%, 216 , 10.8 ,16.09,662," 4,866 "," 24,568 ",74.4,0,0,0,0
1,all_other,10%, 34 , 10.9 ,11.56,707," 4,560 "," 8,670 ",96.7,1,0,0,0
1,debt_consolidation,12%, 148 , 11.8 ,19,677," 6,060 "," 27,587 ",74.8,1,1,0,0
1,home_improvement,14%, 177 , 12.2 ,3.07,662," 8,370 "," 13,793 ",57.7,0,2,0,0
1,debt_consolidation,11%, 177 , 11.0 ,15.43,707," 2,550 "," 7,366 ",42.8,2,0,0,0
1,all_other,8%, 139 , 10.3 ,4.26,742," 1,830 "," 5,680 ",27.2,0,0,0,0
1,credit_card,8%, 94 , 11.3 ,8.34,737," 8,100 "," 5,688 ",69.3,0,0,0,0
1,debt_consolidation,12%, 247 , 10.5 ,13.16,677," 4,530 "," 10,832 ",56.1,3,0,1,0
1,home_improvement,13%, 67 , 10.3 ,3.02,667," 7,380 "," 3,574 ",60.6,3,0,0,0
1,debt_consolidation,11%, 39 , 10.5 ,22.78,702," 3,872 "," 7,438 ",32.3,1,0,0,0
1,debt_consolidation,10%, 110 , 10.8 ,1.79,702," 3,180 "," 3,321 ",51.1,2,0,0,0
1,credit_card,13%, 162 , 11.6 ,10.71,682," 4,470 "," 15,478 ",96.2,0,0,0,0
1,all_other,15%, 221 , 10.2 ,12.47,662," 1,350 ", 117 ,5.3,3,0,0,0
1,home_improvement,8%, 187 , 12.1 ,5.19,782," 4,807 "," 12,760 ",10.9,0,0,0,0
1,debt_consolidation,16%, 109 , 10.6 ,24.47,697," 5,310 "," 37,864 ",98.3,0,1,0,0
1,debt_consolidation,11%, 197 , 10.6 ,5.43,682," 4,680 "," 12,247 ",66.9,1,0,0,0
1,debt_consolidation,13%, 187 , 11.3 ,10.92,672," 5,700 "," 7,465 ",74.6,0,0,1,0
1,credit_card,9%, 134 , 11.3 ,16.11,762," 5,850 "," 16,225 ",55.9,0,0,0,0
1,debt_consolidation,12%, 116 , 10.2 ,19.33,687," 2,280 "," 10,029 ",85,1,0,0,0
1,all_other,11%, 75 , 10.4 ,8,687," 3,630 "," 1,857 ",33.8,0,0,0,0
1,all_other,10%, 39 , 9.8 ,7.13,712," 1,890 "," 1,905 ",27.2,1,0,0,0
1,major_purchase,11%, 175 , 10.0 ,20.02,722," 3,900 "," 2,548 ",28.3,1,0,0,0
1,debt_consolidation,15%, 260 , 11.2 ,19.44,662," 5,700 "," 27,087 ",97.4,2,0,0,0
1,credit_card,12%, 188 , 12.0 ,11.92,692," 3,090 "," 64,451 ",91.9,2,0,0,0
1,major_purchase,13%, 213 , 11.2 ,18.95,677," 6,330 "," 7,595 ",87.3,0,0,0,0
1,credit_card,12%, 237 , 11.7 ,11.75,677," 2,850 "," 29,735 ",67.3,1,0,0,0
1,debt_consolidation,15%, 174 , 10.2 ,7.9,662," 1,500 "," 5,538 ",95.5,1,0,0,0
1,all_other,11%, 165 , 12.0 ,11.19,687," 5,370 "," 63,353 ",77,1,0,0,0
1,home_improvement,11%, 237 , 10.9 ,19.25,707," 3,540 "," 3,280 ",29,1,0,0,0
1,all_other,10%, 58 , 10.8 ,13.44,752," 5,400 ", 835 ,2.4,5,0,0,0
1,all_other,10%, 216 , 10.6 ,5.13,717," 6,300 "," 4,225 ",28.9,3,0,1,1
1,all_other,8%, 79 , 10.2 ,6.58,722," 6,270 "," 5,134 ",13.7,1,2,0,0
1,debt_consolidation,13%, 238 , 11.3 ,23.03,702," 12,450 "," 18,265 ",46.8,0,2,0,0
1,credit_card,12%, 166 , 10.6 ,23.63,742," 5,207 "," 9,347 ",13.5,8,0,0,0
1,credit_card,10%, 227 , 11.1 ,8.62,722," 2,790 "," 22,595 ",61.9,1,0,0,0
1,all_other,11%, 66 , 10.6 ,13.43,687," 3,210 "," 6,353 ",45.7,0,0,0,0
1,all_other,15%, 138 , 11.0 ,12.96,692," 4,320 "," 2,188 ",27.7,3,0,0,0
1,credit_card,11%, 73 , 10.1 ,12.45,717," 6,120 "," 3,623 ",90.6,0,1,0,1
1,all_other,11%, 122 , 10.7 ,17.41,732," 4,320 ", 886 ,25.3,3,0,0,0
1,home_improvement,12%, 206 , 10.5 ,8.53,682," 4,291 "," 6,288 ",22.3,3,0,1,1
1,all_other,13%, 108 , 10.4 ,14.77,672," 7,140 "," 3,318 ",34.9,1,1,0,0
1,credit_card,13%, 169 , 11.0 ,14.6,667," 2,610 "," 7,708 ",48.5,1,0,0,0
1,major_purchase,8%, 135 , 10.8 ,17.9,757," 4,140 "," 4,169 ",17.6,0,0,0,0
1,all_other,8%, 50 , 10.3 ,8.5,742," 1,860 "," 4,158 ",19.9,0,0,0,0
1,debt_consolidation,12%, 88 , 10.5 ,19.77,677," 4,560 "," 10,679 ",55.3,1,0,1,0
1,credit_card,12%, 169 , 11.2 ,18.11,687," 4,620 "," 22,906 ",75.6,0,0,0,0
1,debt_consolidation,14%, 168 , 10.4 ,23.85,682," 3,570 "," 2,379 ",68,1,0,1,0
1,credit_card,16%, 265 , 10.8 ,10.8,667," 5,250 ", -   ,86.3,0,0,0,1
1,all_other,10%, 44 , 10.6 ,20.84,757," 7,830 "," 14,813 ",36.8,0,0,0,0
1,debt_consolidation,12%, 202 , 10.8 ,14.33,682," 4,534 "," 16,979 ",41,0,1,0,1
1,all_other,10%, 76 , 10.3 ,15.04,747," 1,680 "," 2,420 ",5.8,0,0,0,0
1,major_purchase,15%, 259 , 10.3 ,20.4,662," 3,240 "," 1,244 ",44.4,2,0,0,0
1,all_other,10%, 181 , 10.3 ,13.88,752," 2,670 "," 5,063 ",40.8,6,0,0,0
1,educational,16%, 106 , 10.9 ,26.05,672," 5,430 "," 19,487 ",89.2,2,0,0,0
1,debt_consolidation,11%, 186 , 11.1 ,12.04,697," 8,220 "," 7,350 ",37.3,0,0,0,0
1,educational,12%, 216 , 10.8 ,20.69,707," 5,670 "," 16,881 ",50.7,0,0,0,0
1,credit_card,12%, 193 , 10.9 ,14.84,677," 3,240 "," 7,440 ",89.6,0,0,0,0
1,educational,13%, 50 , 10.5 ,13.45,662," 4,620 "," 10,363 ",71,2,0,1,0
1,all_other,11%, 114 , 11.2 ,9.92,687," 6,240 "," 22,796 ",51.9,1,0,0,1
1,all_other,11%, 110 , 10.3 ,0.6,722," 1,440 ", 767 ,4.2,3,0,0,0
1,debt_consolidation,11%, 186 , 10.7 ,18.52,712," 2,250 "," 25,925 ",66.1,0,0,0,0
1,all_other,10%, 109 , 10.3 ,5.52,712," 1,650 ", 598 ,2.9,1,0,0,0
1,major_purchase,12%, 146 , 10.2 ,17.63,677," 2,550 "," 7,474 ",35.8,2,1,0,0
1,debt_consolidation,8%, 175 , 10.7 ,13.64,777," 4,560 "," 5,578 ",9,2,0,0,0
1,all_other,12%, 80 , 10.6 ,22.36,677," 5,580 "," 12,785 ",77.2,2,0,0,0
1,debt_consolidation,8%, 47 , 10.5 ,2.53,732," 2,790 "," 3,421 ",22.1,1,0,0,0
1,all_other,12%, 166 , 11.4 ,5.06,722," 6,390 "," 5,424 ",98.6,0,0,0,0
1,debt_consolidation,17%, 135 , 10.5 ,29.42,672," 5,340 ", 536 ,9.2,2,0,0,0
1,educational,12%, 116 , 12.1 ,2.47,677," 1,770 "," 23,806 ",60.6,1,0,0,0
1,debt_consolidation,11%, 110 , 10.7 ,13.6,722," 4,470 "," 23,280 ",92,3,0,0,0
1,debt_consolidation,8%, 160 , 10.9 ,6.23,752," 4,650 "," 10,399 ",31.3,1,0,0,0
1,debt_consolidation,11%, 264 , 11.3 ,21.72,697," 7,577 "," 73,150 ",72.9,0,0,0,1
1,credit_card,12%, 195 , 11.5 ,20.29,707," 6,120 "," 57,152 ",78.7,0,0,0,0
1,debt_consolidation,10%, 69 , 10.5 ,1.2,722," 3,330 "," 2,400 ",35.8,0,0,0,0
1,credit_card,15%, 244 , 11.3 ,9.24,667," 6,540 "," 33,102 ",99.4,2,0,1,1
1,major_purchase,8%, 97 , 10.6 ,9.39,787," 5,045 "," 15,715 ",21.5,1,0,0,0
1,credit_card,11%, 219 , 11.2 ,16.86,697," 2,208 "," 21,659 ",49.9,1,0,0,1
1,debt_consolidation,10%, 181 , 10.6 ,0,772," 7,530 ", -   ,0,6,0,0,0
1,debt_consolidation,8%, 142 , 10.6 ,13.02,752," 6,300 "," 12,183 ",45.1,0,0,0,0
1,all_other,8%, 175 , 11.3 ,4.36,752," 3,420 "," 26,040 ",49.1,3,0,0,0
1,all_other,11%, 140 , 10.9 ,4.65,682," 3,210 "," 2,801 ",63.7,0,0,0,1
1,debt_consolidation,11%, 168 , 11.1 ,14.68,687," 4,770 "," 17,550 ",38.6,2,0,0,1
1,debt_consolidation,12%, 159 , 10.8 ,20.45,707," 5,820 "," 11,781 ",58.9,2,0,0,0
1,credit_card,8%, 135 , 10.9 ,17.04,752," 7,500 "," 68,895 ",41.9,2,0,0,0
1,all_other,7%, 31 , 11.3 ,0.74,782," 12,407 "," 2,440 ",8.6,0,0,0,0
1,credit_card,13%, 227 , 11.4 ,20.95,702," 6,630 "," 31,518 ",93.2,0,0,0,0
1,all_other,12%, 566 , 11.3 ,7.93,742," 6,378 "," 15,146 ",27.2,1,0,0,0
1,credit_card,8%, 185 , 12.3 ,3.92,782," 4,372 "," 8,247 ",11.1,2,0,0,0
1,all_other,12%, 139 , 10.3 ,17.08,687," 4,500 "," 10,655 ",68.7,1,0,0,0
1,credit_card,14%, 237 , 10.8 ,20.3,672," 3,690 "," 9,344 ",79.2,1,0,0,0
1,all_other,10%, 65 , 10.0 ,9,697," 1,860 "," 8,935 ",27.8,1,0,0,0
1,all_other,9%, 111 , 10.0 ,1.71,742," 2,345 "," 1,087 ",10.9,1,0,0,0
1,debt_consolidation,11%, 147 , 11.1 ,6.17,697," 8,820 "," 17,558 ",62.3,1,0,1,0
1,all_other,10%, 157 , 10.8 ,9.62,717," 3,120 "," 11,579 ",37,2,0,0,0
1,credit_card,11%, 95 , 10.5 ,4.83,687," 5,220 "," 5,260 ",92.3,0,0,1,0
1,credit_card,14%, 192 , 10.2 ,24.77,682," 3,240 ", 86 ,1.1,0,0,0,0
1,home_improvement,9%, 237 , 12.3 ,7.44,742," 4,380 "," 15,611 ",21,2,0,0,0
1,educational,8%, 110 , 10.9 ,19.41,782," 13,260 "," 2,967 ",5,0,0,0,0
1,debt_consolidation,11%, 156 , 11.4 ,1.32,722," 1,260 "," 10,318 ",30.9,1,0,0,0
1,home_improvement,9%, 160 , 11.3 ,1.84,727," 4,530 "," 2,733 ",15.4,1,0,0,0
1,all_other,11%, 173 , 10.8 ,5.24,712," 5,700 "," 13,673 ",58.4,0,0,0,1
1,all_other,14%, 82 , 10.8 ,1.35,662," 1,890 "," 3,171 ",77.3,0,0,0,0
1,credit_card,12%, 81 , 11.4 ,13.19,682," 7,500 "," 44,198 ",51.9,0,0,0,0
1,credit_card,13%, 254 , 11.9 ,9.58,662," 7,710 "," 15,030 ",52.2,1,0,0,1
1,debt_consolidation,11%, 201 , 10.4 ,10.06,692," 1,770 "," 5,129 ",35.4,1,0,0,0
1,credit_card,13%, 185 , 10.4 ,17.31,672," 1,950 "," 12,596 ",46.3,0,0,0,0
1,credit_card,12%, 248 , 11.7 ,11.89,687," 2,910 "," 25,588 ",58,1,0,0,0
1,all_other,8%, 66 , 10.9 ,3.59,757," 7,530 "," 14,538 ",32,1,0,0,0
1,all_other,11%, 33 , 10.5 ,15.69,697," 4,321 ", 199 ,2.3,1,0,0,1
1,credit_card,13%, 92 , 11.0 ,13.57,667," 2,520 "," 3,109 ",42.6,2,0,0,0
1,all_other,13%, 219 , 11.1 ,6.76,667," 6,168 "," 20,227 ",41,3,1,0,1
1,debt_consolidation,8%, 157 , 11.0 ,10.78,757," 3,180 "," 4,496 ",9.7,3,0,0,0
1,all_other,8%, 125 , 10.6 ,10.74,792," 4,590 "," 2,775 ",13.7,3,0,0,0
1,all_other,10%, 242 , 11.3 ,15.21,727," 4,980 "," 2,801 ",6.7,0,1,0,0
1,debt_consolidation,10%, 130 , 10.3 ,10.03,702," 3,840 "," 6,796 ",32.4,0,0,0,0
1,debt_consolidation,11%, 245 , 10.5 ,7.16,697," 3,600 "," 27,491 ",56.2,3,0,0,0
1,credit_card,14%, 103 , 10.1 ,9.3,662," 1,470 "," 5,062 ",85.8,0,0,0,0
1,major_purchase,13%, 60 , 10.7 ,10.64,667," 3,180 "," 1,030 ",4.6,0,3,0,0
1,credit_card,11%, 137 , 11.0 ,10.59,707," 7,350 "," 5,014 ",18.1,0,2,0,0
1,credit_card,11%, 99 , 9.9 ,3.58,707," 3,879 "," 2,731 ",97.5,0,0,0,0
1,debt_consolidation,12%, 156 , 10.6 ,21.93,712," 4,651 "," 3,266 ",49.5,0,0,0,0
1,educational,11%, 147 , 10.5 ,13.54,712," 3,931 "," 1,818 ",29.8,2,0,0,0
1,all_other,12%, 99 , 10.3 ,0.66,717," 1,142 ", 843 ,30.1,0,0,0,0
1,debt_consolidation,11%, 244 , 10.6 ,16.23,727," 3,574 "," 26,784 ",63.6,1,0,0,0
1,debt_consolidation,11%, 163 , 10.8 ,21.53,742," 3,605 "," 17,194 ",54.8,1,0,0,1
1,all_other,12%, 172 , 11.6 ,20.29,747," 5,585 "," 8,855 ",31.2,7,0,0,0
1,debt_consolidation,11%, 244 , 12.0 ,9.55,722," 4,686 "," 39,979 ",49.5,0,0,0,0
1,all_other,16%, 246 , 11.5 ,24.19,667," 5,376 ", 590 ,84.3,0,0,0,0
1,all_other,9%, 239 , 11.0 ,4.86,752," 7,627 "," 8,575 ",25,1,0,0,0
1,home_improvement,10%, 243 , 11.3 ,11.99,732," 4,687 "," 42,703 ",40.4,3,0,0,1
1,all_other,9%, 210 , 10.4 ,1.84,742," 2,680 "," 4,889 ",10.7,1,0,0,1
1,credit_card,11%, 245 , 11.4 ,20.91,747," 5,641 "," 120,338 ",47.5,0,0,0,0
1,all_other,9%, 191 , 11.1 ,5,752," 4,384 ", 86 ,0.5,1,0,0,0
1,home_improvement,8%, 47 , 10.9 ,12.39,722," 3,800 "," 26,571 ",33.7,0,0,0,0
1,major_purchase,10%, 97 , 10.9 ,0.33,802," 3,217 ", 37 ,0.2,0,0,0,0
1,debt_consolidation,13%, 252 , 11.3 ,11.12,677," 6,008 "," 12,336 ",46,0,1,0,0
1,credit_card,11%, 157 , 10.8 ,6.4,697," 4,710 "," 10,537 ",41,2,0,0,0
1,all_other,13%, 339 , 10.7 ,1.73,687," 3,510 "," 3,153 ",30.3,1,0,0,0
1,major_purchase,9%, 229 , 11.0 ,9.35,742," 9,420 "," 3,392 ",9.2,1,0,0,0
1,small_business,11%, 412 , 11.3 ,14.16,707," 6,090 "," 41,893 ",62.5,0,0,0,0
1,small_business,16%, 245 , 10.9 ,1.18,672," 1,410 ", 255 ,15,2,0,0,0
1,debt_consolidation,13%, 253 , 11.0 ,18.21,682," 5,778 "," 19,099 ",89.2,1,0,0,0
1,small_business,9%, 336 , 10.9 ,6.41,737," 2,460 "," 1,932 ",11.4,2,0,0,1
1,debt_consolidation,12%, 381 , 10.7 ,15.21,707," 5,040 "," 10,197 ",75.5,0,0,0,0
1,debt_consolidation,13%, 182 , 11.3 ,22.08,707," 5,220 "," 9,282 ",15,1,0,1,0
1,educational,8%, 298 , 10.9 ,3.53,787," 14,160 "," 7,171 ",10.7,2,0,0,1
1,small_business,9%, 384 , 11.8 ,9.91,767," 13,620 "," 1,579 ",7.2,0,0,0,0
1,all_other,15%, 866 , 12.0 ,10.73,682," 1,800 "," 33,256 ",73.9,0,0,0,0
1,debt_consolidation,12%, 299 , 10.9 ,4.3,692," 1,680 "," 9,735 ",72.1,1,0,0,0
1,credit_card,9%, 360 , 10.7 ,12.96,757," 3,600 "," 12,341 ",30.8,0,0,0,0
1,credit_card,11%, 198 , 10.3 ,13.73,692," 2,070 "," 14,154 ",85.8,0,0,0,1
1,debt_consolidation,8%, 125 , 10.2 ,5.57,777," 6,095 "," 4,988 ",14.6,0,0,0,0
1,credit_card,15%, 862 , 12.0 ,9.04,682," 5,370 "," 9,925 ",45.1,1,2,0,1
1,credit_card,9%, 173 , 11.5 ,19.36,732," 6,000 "," 36,976 ",53.1,2,0,0,0
1,home_improvement,12%, 248 , 10.3 ,17.72,692," 6,270 "," 6,349 ",44.7,1,1,0,0
1,credit_card,12%, 599 , 11.1 ,19.22,702," 5,220 "," 22,897 ",64.5,1,0,1,1
1,all_other,13%, 536 , 11.7 ,10.62,692," 5,970 "," 35,114 ",52.6,0,0,0,0
1,debt_consolidation,14%, 236 , 11.8 ,11.16,662," 6,840 "," 31,081 ",28.3,1,1,0,0
1,credit_card,12%, 179 , 10.6 ,10.57,682," 3,780 "," 6,770 ",21.2,3,0,0,0
1,all_other,9%, 159 , 11.4 ,5.46,737," 3,090 "," 6,528 ",14.3,1,0,0,0
1,small_business,10%, 32 , 10.3 ,2.64,717," 1,929 "," 11,738 ",30.3,1,0,0,0
1,home_improvement,11%, 820 , 11.5 ,5.95,732," 6,120 "," 31,752 ",53.1,2,0,0,0
1,all_other,13%, 384 , 11.5 ,8.98,697," 1,170 "," 6,201 ",66.7,1,0,0,0
1,credit_card,8%, 257 , 11.2 ,11.46,772," 6,420 "," 23,891 ",19.3,0,0,0,0
1,credit_card,12%, 265 , 10.9 ,9.09,687," 3,630 "," 15,217 ",58.1,0,0,0,0
1,small_business,11%, 260 , 10.7 ,11.41,787," 3,930 "," 2,193 ",6.9,0,0,0,0
1,credit_card,12%, 166 , 10.8 ,22.49,692," 8,160 ", -   ,0,3,0,1,1
1,debt_consolidation,6%, 216 , 10.2 ,12.09,667," 2,550 "," 14,320 ",67.5,1,0,0,0
1,all_other,8%, 31 , 11.2 ,16.9,767," 6,420 "," 28,938 ",23.4,0,0,0,0
1,debt_consolidation,12%, 518 , 10.5 ,9.06,692," 5,250 "," 17,297 ",77.6,1,0,1,0
1,credit_card,11%, 216 , 11.2 ,17.87,712," 3,900 "," 5,595 ",14.9,0,0,1,0
1,debt_consolidation,12%, 334 , 11.0 ,22.43,682," 8,670 "," 12,792 ",50.6,2,2,0,0
1,credit_card,12%, 234 , 11.5 ,7.88,677," 9,270 "," 6,410 ",41.4,0,0,0,0
1,home_improvement,8%, 109 , 10.9 ,7.57,762," 7,831 "," 1,369 ",5.9,0,1,0,0
1,debt_consolidation,14%, 816 , 11.5 ,17.68,697," 3,330 "," 34,565 ",89.3,1,0,0,0
1,all_other,10%, 162 , 11.2 ,8.21,732," 3,070 "," 2,535 ",50.7,3,0,0,0
1,debt_consolidation,11%, 490 , 11.0 ,16.01,732," 5,850 "," 35,692 ",40.1,3,0,0,0
1,home_improvement,12%, 215 , 11.4 ,2.14,732," 4,410 "," 4,541 ",96.6,2,0,0,1
1,all_other,12%, 200 , 10.8 ,17.53,707," 6,510 "," 1,966 ",93.6,1,0,0,1
1,debt_consolidation,13%, 202 , 10.4 ,24.89,672," 1,830 "," 3,139 ",50.6,1,1,0,0
1,all_other,8%, 313 , 10.6 ,6.48,777," 4,923 "," 19,998 ",18.3,1,0,0,0
1,all_other,11%, 82 , 11.0 ,12.36,692," 5,190 ", 257 ,5.8,1,3,0,0
1,all_other,13%, 203 , 11.0 ,16.24,662," 3,540 "," 1,995 ",30.7,1,0,0,0
1,debt_consolidation,14%, 490 , 11.7 ,13.01,672," 4,200 "," 14,827 ",43.5,3,0,0,1
1,all_other,10%, 178 , 10.7 ,6.03,787," 4,590 "," 1,442 ",13.5,0,0,0,0
1,debt_consolidation,12%, 596 , 11.4 ,17.43,707," 3,900 "," 29,046 ",41.8,0,0,0,0
1,debt_consolidation,10%, 275 , 10.7 ,9.15,727," 2,910 "," 6,725 ",43.7,1,0,0,0
1,small_business,12%, 501 , 12.8 ,5.86,692," 2,430 "," 36,073 ",72.9,2,0,0,1
1,debt_consolidation,11%, 325 , 11.1 ,22.63,717," 6,660 "," 15,655 ",44.3,3,0,0,0
1,debt_consolidation,11%, 330 , 10.5 ,19.3,702," 2,070 "," 5,680 ",25.2,0,0,1,0
1,all_other,11%, 198 , 12.4 ,3.64,722," 3,210 "," 58,753 ",94,0,0,0,0
1,small_business,11%, 330 , 10.9 ,21.69,722," 5,250 "," 21,462 ",40.9,1,0,0,0
1,major_purchase,12%, 330 , 11.4 ,12.92,687," 2,190 "," 26,845 ",80.5,0,0,0,0
1,small_business,15%, 517 , 11.6 ,11.56,667," 4,650 "," 13,706 ",45.7,1,1,0,1
1,credit_card,9%, 192 , 10.7 ,10.69,742," 2,760 "," 1,774 ",13.3,1,0,0,0
1,small_business,16%, 699 , 10.8 ,12.39,672," 4,830 "," 13,335 ",39.8,1,1,0,0
1,debt_consolidation,11%, 163 , 10.4 ,2.4,767," 3,848 "," 1,411 ",35.3,1,0,0,0
1,debt_consolidation,11%, 392 , 10.6 ,18.22,717," 2,520 "," 16,100 ",39.3,1,0,0,0
1,home_improvement,11%, 328 , 10.6 ,21.92,722," 2,640 "," 9,042 ",16.2,2,0,0,0
1,small_business,10%, 485 , 11.5 ,7.93,747," 3,600 "," 86,429 ",37.8,0,0,0,1
1,all_other,13%, 506 , 12.0 ,12.61,692," 3,570 "," 30,055 ",72.1,0,0,0,0
1,educational,13%, 135 , 10.4 ,12.8,667," 8,130 "," 6,793 ",31.4,3,2,0,0
1,debt_consolidation,13%, 674 , 12.2 ,7.02,692," 3,720 "," 61,977 ",59.3,0,0,0,0
1,debt_consolidation,11%, 330 , 11.5 ,7.85,727," 6,600 "," 17,465 ",95.4,1,0,0,1
1,debt_consolidation,12%, 497 , 11.1 ,22.43,717," 8,013 "," 10,635 ",46.9,0,0,0,0
1,educational,11%, 336 , 11.2 ,1.73,742," 3,038 "," 7,044 ",13.7,3,0,0,0
1,small_business,15%, 346 , 11.0 ,20.58,682," 6,720 "," 56,189 ",89.2,0,0,0,1
1,debt_consolidation,11%, 653 , 11.1 ,8.2,742," 4,171 "," 12,418 ",66.2,1,0,0,1
1,educational,12%, 261 , 11.1 ,11.5,682," 1,920 "," 36,081 ",87.8,1,0,1,0
1,credit_card,14%, 206 , 11.2 ,15.18,662," 6,709 "," 38,616 ",76.3,1,0,0,0
1,debt_consolidation,9%, 318 , 11.0 ,4.32,782," 5,370 "," 49,421 ",2.7,1,0,0,0
1,debt_consolidation,11%, 244 , 10.9 ,7.82,722," 4,380 "," 5,911 ",20.9,3,0,0,0
1,debt_consolidation,10%, 162 , 10.6 ,13.08,722," 3,930 "," 6,013 ",51,3,0,0,0
1,debt_consolidation,14%, 111 , 10.1 ,24.34,672," 1,223 "," 10,098 ",24.7,2,0,0,0
1,home_improvement,10%, 58 , 10.6 ,11.09,707," 2,520 "," 3,628 ",26.1,2,0,0,0
1,debt_consolidation,11%, 492 , 11.2 ,7.81,722," 7,140 "," 14,340 ",71.3,0,0,0,0
1,debt_consolidation,14%, 748 , 11.1 ,13.13,687," 3,990 "," 25,716 ",55.4,0,0,0,0
1,debt_consolidation,11%, 748 , 11.2 ,24.93,772," 3,840 "," 3,553 ",5.6,1,0,0,0
1,credit_card,12%, 530 , 10.6 ,15.31,712," 3,000 "," 19,604 ",43.3,3,0,0,0
1,debt_consolidation,12%, 401 , 11.4 ,7.4,697," 1,470 "," 10,868 ",37.6,2,0,0,0
1,debt_consolidation,15%, 519 , 11.6 ,24.8,662," 5,580 "," 36,002 ",71.3,1,1,0,0
1,credit_card,11%, 127 , 11.2 ,20.23,707," 4,620 "," 4,508 ",30.7,0,0,0,0
1,all_other,8%, 125 , 11.0 ,5.07,817," 4,081 ", 345 ,0.6,0,0,0,0
1,debt_consolidation,11%, 247 , 10.4 ,21.48,717," 5,990 "," 7,779 ",83.6,1,0,0,0
1,credit_card,11%, 261 , 10.6 ,13.29,712," 5,190 "," 30,362 ",46.4,1,0,0,0
1,small_business,15%, 346 , 11.3 ,8.68,682," 5,340 ", 9 ,0,0,0,0,0
1,major_purchase,11%, 725 , 11.3 ,3.33,762," 3,926 "," 6,628 ",7.3,1,0,0,0
1,credit_card,10%, 485 , 10.3 ,12.87,752," 5,790 "," 14,857 ",31.3,2,1,0,0
1,all_other,9%, 208 , 10.1 ,15.98,767," 3,757 ", 583 ,21.6,3,0,0,0
1,small_business,12%, 331 , 10.8 ,17.67,722," 3,600 "," 27,496 ",33.4,1,0,0,0
1,debt_consolidation,13%, 302 , 10.6 ,9.29,712," 6,180 "," 3,910 ",46.3,0,0,0,0
1,major_purchase,11%, 260 , 10.4 ,11.19,757," 2,520 ", 10 ,0.1,3,0,0,1
1,small_business,11%, 166 , 11.0 ,5.67,752," 1,800 ", 40 ,1.7,0,0,0,0
1,small_business,13%, 268 , 11.0 ,0.51,702," 4,020 ", 276 ,0.8,2,0,0,0
1,credit_card,9%, 96 , 11.1 ,3.03,727," 6,510 "," 4,483 ",72.3,0,0,0,1
1,all_other,10%, 104 , 10.4 ,4.95,717," 9,570 ", 995 ,2.2,1,2,0,0
1,debt_consolidation,14%, 410 , 10.8 ,10.11,662," 4,830 "," 15,043 ",76,1,0,0,0
1,home_improvement,11%, 79 , 10.8 ,12.43,682," 1,950 "," 5,027 ",62.8,1,0,0,0
1,debt_consolidation,12%, 331 , 11.1 ,8.8,717," 2,310 "," 27,406 ",40.5,2,0,0,0
1,credit_card,12%, 560 , 10.7 ,24.75,722," 6,180 "," 28,116 ",95.3,1,0,0,0
1,all_other,11%, 49 , 10.3 ,7.22,702," 1,650 ", -   ,0,2,1,0,0
1,small_business,15%, 870 , 11.8 ,15.56,722," 11,850 "," 95,356 ",58.1,0,0,0,0
1,debt_consolidation,11%, 262 , 11.0 ,8.64,702," 4,350 "," 3,754 ",50.7,1,1,0,0
1,credit_card,14%, 218 , 11.6 ,24.03,667," 4,740 "," 36,475 ",92.3,3,0,0,0
1,all_other,8%, 345 , 10.7 ,1.94,822," 11,580 "," 3,879 ",7.9,2,0,0,0
1,debt_consolidation,11%, 441 , 11.3 ,11.52,717," 4,320 "," 12,266 ",41.2,1,0,0,1
1,debt_consolidation,11%, 621 , 10.9 ,14.34,772," 4,230 "," 5,503 ",55,4,0,0,0
1,small_business,14%, 327 , 11.2 ,13.97,682," 3,637 "," 9,375 ",93.7,0,0,0,0
1,debt_consolidation,13%, 503 , 10.8 ,24.94,687," 3,690 "," 8,214 ",54.4,0,0,0,0
1,debt_consolidation,14%, 308 , 10.6 ,10.71,662," 4,590 "," 3,015 ",82.2,0,0,0,0
1,home_improvement,14%, 412 , 11.2 ,20.87,662," 3,270 "," 12,089 ",64.6,0,0,0,0
1,debt_consolidation,14%, 516 , 11.2 ,3.22,682," 3,180 "," 15,137 ",43.6,0,2,0,0
1,all_other,9%, 223 , 10.7 ,21.65,747," 2,970 "," 5,368 ",16.6,0,0,0,0
1,debt_consolidation,14%, 275 , 10.5 ,23.27,667," 3,000 "," 11,531 ",76.9,1,0,0,0
1,small_business,14%, 412 , 11.5 ,3.83,762," 6,060 "," 10,106 ",67.4,3,0,0,0
1,small_business,11%, 824 , 11.4 ,13.86,757," 4,530 "," 46,055 ",20.2,0,0,0,1
1,debt_consolidation,13%, 270 , 10.7 ,5.7,677," 8,250 "," 8,033 ",73,0,0,0,0
1,educational,12%, 185 , 10.0 ,11.73,677," 3,540 "," 1,212 ",22.9,3,0,0,1
1,debt_consolidation,8%, 313 , 11.1 ,20.25,772," 8,220 "," 9,632 ",6.8,3,0,0,0
1,all_other,11%, 309 , 11.2 ,14.33,727," 5,070 "," 13,823 ",79.9,0,0,0,0
1,educational,14%, 34 , 9.6 ,15.04,662," 3,330 "," 6,553 ",96,3,0,0,0
1,all_other,13%, 185 , 10.0 ,5.02,697," 2,160 "," 2,614 ",52.3,0,0,0,0
1,debt_consolidation,15%, 557 , 11.0 ,11.48,662," 4,920 "," 16,052 ",88.2,3,0,0,1
1,debt_consolidation,11%, 294 , 10.6 ,17.86,737," 2,670 ", -   ,0,1,0,0,0
1,debt_consolidation,12%, 233 , 10.8 ,9.8,712," 4,290 "," 5,585 ",6.4,1,0,1,0
1,all_other,13%, 336 , 10.6 ,22.53,682," 4,020 ", 408 ,2.1,3,2,0,0
1,all_other,11%, 98 , 10.6 ,4.54,702," 3,840 "," 4,693 ",75.2,0,0,0,0
1,debt_consolidation,14%, 340 , 11.0 ,12.54,697," 3,570 "," 27,860 ",89.4,3,0,0,0
1,all_other,11%, 185 , 11.4 ,8.28,692," 6,030 "," 5,559 ",58.5,2,0,1,0
1,debt_consolidation,11%, 195 , 10.3 ,14.36,727," 1,920 "," 5,028 ",40.2,0,0,0,0
1,credit_card,12%, 50 , 12.0 ,7.68,682," 3,630 "," 5,350 ",87.7,3,0,0,0
1,credit_card,11%, 274 , 11.3 ,15.5,727," 3,364 "," 22,164 ",96.8,1,0,0,0
1,all_other,11%, 175 , 11.4 ,19.8,762," 7,590 "," 14,494 ",29.6,6,0,0,0
1,debt_consolidation,11%, 78 , 10.5 ,17.62,712," 2,640 "," 15,755 ",88.5,0,0,0,0
1,educational,12%, 267 , 9.9 ,0.6,762," 1,440 "," 2,000 ",11.4,0,0,0,0
1,credit_card,13%, 294 , 11.4 ,20.12,682," 2,790 "," 25,965 ",52.5,1,0,0,0
1,debt_consolidation,14%, 854 , 11.7 ,19.76,692," 3,780 "," 41,077 ",60,0,1,0,0
1,all_other,8%, 157 , 11.4 ,4.28,762," 5,010 "," 14,442 ",28.3,0,0,0,0
1,educational,11%, 276 , 11.4 ,11.88,702," 4,110 "," 24,216 ",73.8,3,0,0,1
1,all_other,11%, 330 , 11.5 ,4.43,707," 2,850 "," 13,175 ",46.9,2,0,0,0
1,debt_consolidation,14%, 341 , 11.1 ,4.15,662," 3,960 "," 11,574 ",75.6,1,0,0,0
1,all_other,12%, 267 , 10.5 ,6.38,712," 1,410 "," 7,740 ",37.6,1,0,0,0
1,all_other,8%, 150 , 11.2 ,17.81,767," 8,010 "," 71,386 ",11.6,0,0,0,0
1,credit_card,12%, 60 , 11.5 ,19.24,677," 5,460 "," 34,093 ",93.7,0,0,0,0
1,debt_consolidation,11%, 256 , 10.6 ,20.46,717," 2,831 "," 11,437 ",41.6,0,0,0,0
1,home_improvement,14%, 513 , 11.1 ,5.38,702," 3,600 "," 12,945 ",76.6,2,0,1,1
1,debt_consolidation,11%, 468 , 11.1 ,15.83,727," 3,660 "," 11,306 ",44.7,1,1,0,0
1,all_other,14%, 136 , 9.6 ,14,662," 3,000 "," 5,617 ",87.8,0,0,0,1
1,small_business,8%, 187 , 10.6 ,24.15,782," 3,030 "," 1,478 ",10.4,0,0,0,0
1,credit_card,11%, 686 , 11.0 ,14.38,737," 4,050 "," 8,886 ",17.8,0,1,0,0
1,debt_consolidation,16%, 245 , 10.8 ,2.72,672," 3,010 "," 3,273 ",69.6,1,0,0,1
1,debt_consolidation,9%, 318 , 10.8 ,9.62,752," 6,150 "," 18,917 ",33.2,0,0,0,0
1,all_other,11%, 197 , 11.1 ,22.41,697," 7,350 "," 2,611 ",7.8,0,6,0,0
1,all_other,11%, 52 , 10.3 ,5.36,702," 3,780 "," 7,020 ",42,0,1,0,0
1,small_business,11%, 525 , 11.9 ,2.5,722," 7,710 "," 23,165 ",31.7,0,2,0,0
1,all_other,12%, 232 , 10.4 ,16.85,717," 4,530 ", -   ,0,2,0,0,0
1,all_other,13%, 509 , 11.5 ,13.44,707," 2,256 "," 8,272 ",33.2,3,0,0,0
1,all_other,11%, 245 , 10.8 ,14.59,707," 4,050 "," 3,800 ",21.7,1,0,0,0
1,credit_card,11%, 78 , 10.6 ,15.75,697," 5,160 "," 13,620 ",29.9,2,0,0,1
1,credit_card,12%, 167 , 11.4 ,23.88,677," 3,750 "," 40,726 ",83,1,0,1,1
1,all_other,14%, 170 , 10.7 ,16.29,662," 2,160 "," 4,373 ",81,0,0,2,0
1,credit_card,11%, 476 , 10.5 ,21.8,712," 10,368 "," 23,772 ",84,0,0,0,1
1,debt_consolidation,13%, 134 , 10.6 ,3.98,667," 1,830 "," 5,490 ",12.2,0,0,0,0
1,home_improvement,15%, 242 , 10.2 ,11.77,662," 1,170 "," 12,597 ",63,1,0,0,0
1,credit_card,8%, 94 , 10.7 ,3.97,762," 10,260 "," 4,361 ",7.3,1,0,0,0
1,debt_consolidation,13%, 711 , 11.4 ,10.74,687," 6,630 "," 29,381 ",88.2,2,0,1,1
1,debt_consolidation,12%, 662 , 10.9 ,15.42,727," 3,755 "," 25,971 ",66.6,0,0,0,1
1,all_other,12%, 240 , 11.6 ,5.04,707," 3,630 "," 2,134 ",12.5,1,0,0,0
1,small_business,9%, 425 , 11.4 ,8.93,772," 5,648 "," 126,302 ",27.6,1,0,0,1
1,debt_consolidation,14%, 222 , 10.8 ,13.81,672," 3,060 "," 29,212 ",63.1,0,0,0,0
1,debt_consolidation,14%, 683 , 11.4 ,24.94,692," 4,976 "," 27,160 ",65.7,1,0,0,0
1,all_other,19%, 458 , 11.7 ,5.84,662," 6,210 "," 13,363 ",99,1,1,0,1
1,debt_consolidation,12%, 249 , 10.8 ,19.73,692," 3,360 "," 12,985 ",22.9,3,0,0,0
1,small_business,13%, 339 , 11.0 ,7.24,697," 5,250 "," 3,617 ",14.4,0,2,0,0
1,home_improvement,8%, 143 , 11.0 ,5.58,757," 7,590 "," 19,572 ",49.3,1,0,0,0
1,all_other,8%, 94 , 10.4 ,19.33,777," 2,610 "," 2,707 ",13.4,1,0,0,0
1,all_other,9%, 318 , 11.5 ,9.79,807," 7,470 ", -   ,0,2,0,0,0
1,major_purchase,12%, 199 , 10.6 ,10.6,692," 3,090 "," 1,878 ",81.7,1,0,0,0
1,debt_consolidation,11%, 260 , 11.0 ,23.46,717," 3,403 "," 44,282 ",61.2,1,0,0,0
1,debt_consolidation,14%, 410 , 10.8 ,12.14,677," 2,220 "," 12,651 ",86.1,3,0,0,0
1,all_other,16%, 315 , 10.6 ,0,687," 2,940 ", -   ,42.4,1,0,0,0
1,debt_consolidation,11%, 279 , 10.6 ,19.54,702," 3,990 "," 2,689 ",14.5,1,0,0,0
1,all_other,13%, 102 , 10.3 ,17.46,662," 1,860 "," 4,922 ",65.6,0,0,0,0
1,debt_consolidation,9%, 153 , 10.8 ,14.6,742," 7,350 "," 8,900 ",49.2,0,0,0,0
1,credit_card,11%, 431 , 11.4 ,12.63,727," 5,520 "," 27,920 ",33,0,0,0,0
1,debt_consolidation,12%, 399 , 10.1 ,11.04,692," 8,435 "," 9,931 ",29.6,0,1,0,1
1,small_business,11%, 303 , 11.0 ,6.48,782," 2,580 ", 52 ,1.5,0,0,0,0
1,credit_card,14%, 748 , 11.2 ,22.08,692," 2,940 "," 23,176 ",84.3,0,0,0,0
1,credit_card,12%, 615 , 11.6 ,14.38,702," 5,640 "," 56,969 ",89.6,1,0,0,0
1,debt_consolidation,11%, 497 , 11.0 ,9.94,757," 5,010 "," 23,218 ",29.8,0,0,0,0
1,educational,11%, 49 , 10.9 ,12.94,702," 9,120 ", 388 ,6.2,0,0,0,0
1,debt_consolidation,11%, 59 , 11.0 ,18.42,682," 4,470 "," 4,170 ",59.2,0,1,0,0
1,debt_consolidation,19%, 876 , 11.0 ,19.8,667," 3,271 "," 23,555 ",60.3,1,0,1,1
1,debt_consolidation,10%, 162 , 11.1 ,11.09,717," 3,600 ", 836 ,9.2,3,0,0,0
1,small_business,11%, 165 , 10.8 ,13.09,717," 1,260 "," 2,042 ",13.9,1,0,0,0
1,educational,10%, 78 , 9.5 ,0.86,757," 1,772 ", 185 ,1.7,1,0,0,0
1,small_business,12%, 333 , 11.5 ,15.01,687," 5,130 "," 25,853 ",41.7,0,0,0,0
1,all_other,11%, 198 , 10.3 ,4.34,687," 2,280 "," 3,430 ",25.2,1,0,0,0
1,debt_consolidation,11%, 494 , 11.2 ,11.58,707," 4,350 "," 20,133 ",76.8,0,0,0,0
1,home_improvement,14%, 218 , 10.9 ,16.35,662," 9,030 "," 6,713 ",59.9,0,1,0,0
1,debt_consolidation,16%, 212 , 11.1 ,14.91,662," 4,621 "," 3,234 ",98,3,0,0,0
1,debt_consolidation,13%, 201 , 10.7 ,3.08,677," 5,400 "," 4,901 ",58.7,1,2,0,0
1,educational,15%, 346 , 10.9 ,12.85,667," 4,052 "," 18,810 ",59.5,0,0,0,0
1,debt_consolidation,11%, 173 , 11.4 ,21.12,722," 7,350 "," 30,067 ",61.8,1,0,0,0
1,credit_card,9%, 458 , 11.4 ,1.5,792," 4,470 "," 4,658 ",10.7,0,0,0,0
1,all_other,9%, 352 , 11.3 ,0,747," 7,920 "," 3,425 ",6,0,1,0,0
1,home_improvement,16%, 491 , 11.7 ,20.67,662," 6,000 "," 69,937 ",97.8,1,0,0,0
1,small_business,11%, 178 , 11.3 ,24.77,712," 3,750 "," 12,216 ",56.6,1,0,0,0
1,debt_consolidation,13%, 674 , 10.9 ,8.87,692," 4,380 "," 5,432 ",50.8,0,0,0,0
1,debt_consolidation,14%, 340 , 12.4 ,10.51,712," 3,990 "," 89,156 ",99.2,2,0,0,0
1,all_other,12%, 200 , 11.3 ,18.06,682," 3,030 "," 23,958 ",87.1,0,0,0,0
1,home_improvement,7%, 93 , 10.9 ,8.95,772," 7,410 "," 4,975 ",21,0,0,0,0
1,small_business,13%, 847 , 11.8 ,16.62,712," 7,890 "," 46,663 ",47.4,1,0,0,1
1,debt_consolidation,15%, 83 , 10.6 ,21.55,672," 5,460 "," 4,332 ",98.5,0,0,1,1
1,small_business,11%, 381 , 11.2 ,0.26,807," 6,570 ", 495 ,4.9,1,0,0,0
1,debt_consolidation,11%, 212 , 10.6 ,24.43,717," 3,900 "," 28,473 ",26.6,1,0,0,0
1,debt_consolidation,14%, 273 , 11.2 ,11.98,677," 5,160 "," 6,372 ",95.7,1,0,0,0
1,small_business,11%, 122 , 11.2 ,22.97,697," 4,290 "," 47,039 ",89.5,0,0,0,1
1,debt_consolidation,16%, 419 , 10.7 ,12.5,667," 1,860 "," 12,376 ",97.4,1,0,0,0
1,home_improvement,11%, 383 , 11.7 ,3.91,742," 4,110 "," 20,892 ",33.2,1,0,0,0
1,debt_consolidation,14%, 170 , 11.7 ,3.02,667," 3,289 "," 4,339 ",13.7,1,3,0,0
1,small_business,11%, 375 , 11.7 ,8.42,742," 7,320 "," 94,699 ",54.2,3,0,0,0
1,credit_card,11%, 147 , 11.0 ,8.66,712," 4,710 "," 13,103 ",53.5,0,0,1,0
1,credit_card,10%, 330 , 10.7 ,14.37,732," 2,610 "," 14,869 ",46.9,0,0,0,0
1,credit_card,11%, 392 , 11.6 ,17.82,722," 10,290 "," 28,631 ",54.9,0,0,0,0
1,debt_consolidation,12%, 432 , 10.8 ,11.16,717," 3,450 "," 12,941 ",96.6,0,0,0,0
1,small_business,8%, 94 , 11.2 ,11.9,752," 3,210 "," 5,263 ",48.7,0,0,0,0
1,debt_consolidation,16%, 526 , 11.0 ,17.14,672," 10,170 "," 13,853 ",73.3,1,0,0,0
1,small_business,10%, 194 , 11.0 ,3.56,722," 8,100 "," 3,567 ",66.1,2,0,0,0
1,debt_consolidation,9%, 176 , 10.9 ,5.36,737," 3,570 "," 2,707 ",56.4,0,0,0,0
1,debt_consolidation,12%, 334 , 11.2 ,10.35,682," 3,180 "," 7,198 ",29.1,2,3,0,0
1,debt_consolidation,10%, 324 , 10.5 ,16.22,747," 7,890 "," 21,626 ",64,0,0,0,0
1,educational,11%, 82 , 11.1 ,20.15,692," 5,250 "," 51,489 ",77.9,2,0,0,1
1,credit_card,12%, 668 , 11.6 ,10.92,702," 5,370 "," 25,717 ",33.9,3,0,0,0
1,debt_consolidation,17%, 536 , 11.2 ,19.83,667," 3,690 "," 52,639 ",79.2,3,0,0,0
1,debt_consolidation,9%, 192 , 11.7 ,14.72,727," 3,900 "," 73,534 ",31.6,2,0,0,0
1,debt_consolidation,11%, 39 , 10.6 ,6.59,697," 2,310 "," 1,262 ",42.1,0,0,0,0
1,all_other,12%, 50 , 10.6 ,5.43,687," 2,970 "," 1,434 ",13.7,0,1,0,0
1,debt_consolidation,12%, 166 , 11.2 ,1.84,702," 5,430 "," 5,104 ",44.4,1,0,0,0
1,home_improvement,11%, 656 , 11.7 ,2.82,727," 6,690 "," 13,417 ",31.3,1,1,0,0
1,home_improvement,11%, 390 , 11.9 ,2.92,827," 8,763 "," 84,236 ",4.6,0,0,0,0
1,small_business,12%, 833 , 11.8 ,11.97,742," 6,388 "," 2,796 ",6.1,4,0,0,0
1,credit_card,14%, 204 , 10.7 ,22.78,692," 8,490 "," 19,270 ",97.3,1,0,1,0
1,home_improvement,15%, 348 , 11.0 ,1.28,702," 1,290 "," 4,980 ",55.3,1,0,0,0
1,debt_consolidation,16%, 271 , 10.3 ,23.12,662," 1,200 "," 7,333 ",71.9,3,0,0,0
1,debt_consolidation,13%, 168 , 10.2 ,7.19,682," 1,860 "," 5,091 ",57.2,0,0,0,0
1,all_other,12%, 668 , 10.5 ,1.96,787," 8,641 ", 507 ,0.3,7,0,0,0
1,debt_consolidation,8%, 157 , 9.9 ,9.23,772," 5,190 "," 5,783 ",25.4,2,0,0,0
1,debt_consolidation,11%, 328 , 11.7 ,7.92,717," 6,060 "," 111,055 ",87.2,1,0,0,0
1,credit_card,12%, 99 , 11.1 ,5.29,687," 3,750 "," 10,870 ",80.5,0,1,0,0
1,credit_card,12%, 323 , 11.0 ,16.52,687," 2,940 "," 4,121 ",71,0,1,0,0
1,debt_consolidation,12%, 399 , 11.1 ,4.29,697," 1,710 "," 9,273 ",19.7,1,0,0,0
1,credit_card,8%, 156 , 10.8 ,8.47,782," 4,950 "," 14,020 ",38.5,0,0,0,0
1,all_other,9%, 230 , 10.7 ,0,782," 4,500 ", -   ,0,3,0,0,0
1,small_business,13%, 674 , 11.5 ,13.95,722," 1,139 "," 1,175 ",22.2,1,0,0,0
1,major_purchase,11%, 483 , 10.8 ,5.52,722," 2,581 "," 3,943 ",12.2,2,0,0,0
1,all_other,12%, 399 , 11.1 ,21.03,702," 3,750 "," 18,273 ",85.4,1,0,0,0
1,major_purchase,9%, 160 , 10.4 ,1.66,732," 3,287 "," 2,221 ",34.2,3,0,0,0
1,debt_consolidation,12%, 359 , 10.6 ,5.53,697," 1,650 "," 14,922 ",43.8,1,0,0,1
1,debt_consolidation,13%, 677 , 10.9 ,18.19,682," 3,360 "," 26,282 ",68.6,1,0,0,0
1,all_other,13%, 202 , 11.8 ,11.06,672," 8,192 "," 42,125 ",50.7,3,0,0,0
1,debt_consolidation,13%, 536 , 11.2 ,3.52,712," 3,270 "," 16,122 ",97.7,0,0,0,0
1,credit_card,9%, 432 , 11.5 ,10.6,752," 6,964 "," 18,640 ",44.9,0,0,0,0
1,all_other,8%, 78 , 10.6 ,23.88,747," 4,380 ", 634 ,14.4,2,0,0,0
1,debt_consolidation,14%, 293 , 11.3 ,18.14,692," 4,440 "," 7,987 ",42.5,3,0,0,1
1,credit_card,12%, 160 , 11.1 ,13.81,672," 2,880 "," 5,034 ",45.4,3,1,1,1
1,small_business,12%, 298 , 11.4 ,13.63,687," 8,100 "," 51,664 ",18,2,0,0,1
1,credit_card,13%, 168 , 10.7 ,17.03,672," 2,670 "," 7,837 ",41.2,2,1,0,0
1,all_other,9%, 306 , 10.9 ,3.67,807," 5,490 "," 1,631 ",1.3,1,0,0,0
1,debt_consolidation,16%, 526 , 11.5 ,11.13,697," 4,921 "," 9,935 ",16.5,0,0,0,0
1,debt_consolidation,8%, 160 , 10.9 ,7.85,747," 4,080 "," 2,839 ",35,0,0,0,0
1,credit_card,11%, 117 , 10.9 ,19.87,707," 6,840 "," 9,423 ",31.3,0,0,0,0
1,credit_card,13%, 588 , 11.9 ,15.72,692," 4,800 "," 37,008 ",56.2,0,1,0,0
1,debt_consolidation,9%, 205 , 10.5 ,19.03,732," 4,114 "," 13,871 ",38.6,1,0,0,0
1,all_other,14%, 102 , 10.7 ,2.57,677," 3,120 "," 1,864 ",44.4,0,2,0,0
1,debt_consolidation,16%, 490 , 10.9 ,18.92,672," 1,680 "," 20,619 ",59.4,0,0,0,0
1,credit_card,9%, 400 , 11.3 ,3.67,772," 4,410 "," 6,495 ",0,1,0,0,0
1,credit_card,11%, 594 , 10.7 ,18.83,722," 3,660 "," 21,526 ",55.5,3,0,0,0
1,debt_consolidation,13%, 108 , 10.5 ,17.18,682," 4,590 "," 4,548 ",81.2,0,1,0,0
1,all_other,12%, 530 , 11.6 ,7.77,712," 3,690 "," 4,923 ",29,2,0,0,0
1,small_business,10%, 322 , 11.2 ,11.78,732," 5,667 "," 7,875 ",25.8,3,0,0,0
1,credit_card,11%, 46 , 9.2 ,21.84,697," 3,630 "," 5,032 ",47.5,0,0,0,0
1,debt_consolidation,16%, 681 , 10.8 ,14.57,662," 6,030 "," 15,563 ",50.9,1,1,0,0
1,debt_consolidation,11%, 294 , 10.2 ,12.3,742," 4,500 "," 11,679 ",51.2,2,0,0,0
1,educational,11%, 197 , 10.5 ,2.34,712," 2,640 ", 647 ,17.5,1,0,0,1
1,all_other,10%, 233 , 11.2 ,11.36,732," 2,490 ", 737 ,73.7,2,0,0,0
1,debt_consolidation,14%, 412 , 11.1 ,4.95,687," 4,830 "," 12,379 ",91.7,0,1,0,0
1,home_improvement,11%, 327 , 11.0 ,2.88,762," 3,450 "," 3,123 ",10.4,0,0,0,0
1,small_business,13%, 537 , 11.0 ,21.82,692," 9,750 "," 22,252 ",80.2,2,1,0,0
1,credit_card,10%, 324 , 11.4 ,13.32,737," 1,740 "," 14,411 ",20.9,0,0,0,0
1,all_other,11%, 229 , 11.5 ,13.56,707," 5,940 "," 32,024 ",63.8,1,0,0,0
1,debt_consolidation,12%, 333 , 11.2 ,19.01,692," 4,500 "," 16,390 ",89.6,0,0,1,0
1,debt_consolidation,12%, 399 , 11.2 ,11.25,747," 7,290 "," 13,816 ",23.7,6,0,0,0
1,debt_consolidation,13%, 687 , 11.0 ,9.48,692," 3,840 "," 14,066 ",24.3,3,0,0,0
1,small_business,9%, 223 , 10.9 ,0.73,742," 2,370 "," 2,240 ",5.1,2,0,0,0
1,small_business,12%, 662 , 11.3 ,0.22,807," 3,510 ", 106 ,0.5,0,0,0,0
1,debt_consolidation,9%, 448 , 10.3 ,21.76,762," 5,280 "," 19,291 ",34.1,0,0,0,0
1,educational,12%, 166 , 10.2 ,14.77,692," 1,800 "," 7,443 ",23,3,0,0,0
1,debt_consolidation,13%, 677 , 11.3 ,18.56,682," 3,570 "," 18,661 ",76.5,0,0,0,0
1,credit_card,10%, 388 , 11.2 ,6.88,767," 2,760 ", -   ,0,0,0,0,1
1,debt_consolidation,11%, 231 , 10.8 ,8.74,692," 1,890 "," 20,248 ",27.7,0,0,0,1
1,small_business,15%, 870 , 11.9 ,6.82,682," 4,980 ", -   ,0,0,0,0,0
1,debt_consolidation,17%, 572 , 11.1 ,19.13,667," 4,290 "," 55,188 ",98.3,3,0,0,1
1,small_business,9%, 208 , 10.8 ,14.34,747," 1,979 ", 178 ,0.5,2,0,0,0
1,home_improvement,9%, 256 , 10.9 ,14.84,782," 3,900 "," 9,589 ",12.6,0,0,0,0
1,all_other,12%, 200 , 9.8 ,6.27,687," 3,575 "," 3,289 ",32.6,1,0,0,1
1,debt_consolidation,12%, 399 , 11.6 ,23.61,692," 11,040 "," 24,417 ",77.5,2,0,0,0
1,home_improvement,8%, 226 , 11.7 ,7.29,752," 2,913 "," 16,405 ",21.1,0,0,0,0
1,all_other,13%, 67 , 10.6 ,19.2,697," 3,270 "," 5,396 ",89.9,3,0,0,0
1,credit_card,11%, 423 , 10.9 ,1.38,782," 4,370 "," 3,153 ",23.7,0,0,0,0
1,credit_card,17%, 897 , 11.6 ,3.94,662," 4,530 "," 31,852 ",80.6,3,1,0,1
1,debt_consolidation,12%, 283 , 10.7 ,10.1,682," 4,350 "," 8,787 ",44.4,1,2,0,0
1,all_other,14%, 170 , 11.1 ,9.03,667," 11,700 "," 1,026 ",51.3,0,1,0,0
1,small_business,11%, 459 , 12.1 ,6.24,747," 3,600 "," 60,936 ",24.7,2,0,0,1
1,credit_card,9%, 384 , 11.4 ,10.55,767," 14,580 "," 2,887 ",60.1,3,0,0,0
1,home_improvement,9%, 319 , 11.6 ,0.45,772," 6,244 ", 755 ,1.6,0,0,0,0
1,all_other,13%, 94 , 11.1 ,11.62,667," 4,350 "," 6,219 ",57.1,3,0,0,0
1,debt_consolidation,12%, 668 , 11.4 ,7.66,707," 6,900 "," 15,565 ",81.5,0,0,0,0
1,debt_consolidation,12%, 828 , 11.8 ,10.2,717," 8,460 "," 29,601 ",55.1,2,0,0,1
1,debt_consolidation,12%, 551 , 11.2 ,11.47,707," 3,630 "," 17,565 ",53.9,0,0,0,0
1,credit_card,13%, 236 , 11.0 ,13.77,672," 2,970 "," 21,159 ",76.1,0,0,0,0
1,debt_consolidation,11%, 203 , 9.9 ,9.63,707," 3,420 "," 6,949 ",81.8,1,0,0,0
1,all_other,9%, 41 , 10.8 ,0.75,732," 3,690 ", 542 ,60.2,0,0,0,0
1,all_other,11%, 130 , 11.8 ,5.07,712," 4,470 "," 11,840 ",56.1,0,0,0,1
1,debt_consolidation,9%, 208 , 11.2 ,13.42,742," 6,810 "," 29,258 ",1.6,0,0,0,0
1,all_other,13%, 591 , 11.1 ,12.14,687," 8,880 "," 18,734 ",62,2,0,1,0
1,credit_card,8%, 63 , 10.4 ,13.38,742," 3,330 "," 7,713 ",32.4,1,0,0,0
1,all_other,12%, 60 , 10.1 ,22.28,687," 6,751 "," 2,842 ",47.4,0,0,0,1
1,debt_consolidation,14%, 516 , 12.4 ,20.01,692," 7,290 "," 77,179 ",82.5,1,0,0,0
1,debt_consolidation,14%, 719 , 11.1 ,5.19,682," 2,130 "," 15,005 ",64.1,2,0,1,0
1,debt_consolidation,13%, 234 , 10.9 ,19.45,707," 3,818 "," 18,310 ",56.7,0,0,0,0
1,home_improvement,12%, 273 , 11.2 ,9.1,707," 6,240 "," 11,136 ",42.7,1,0,1,0
1,debt_consolidation,15%, 520 , 10.8 ,10.63,677," 4,470 "," 14,761 ",77.3,0,1,0,0
1,debt_consolidation,13%, 594 , 11.2 ,13.39,697," 4,350 "," 31,834 ",71.5,2,0,0,0
1,credit_card,12%, 400 , 10.7 ,23.69,712," 6,360 ", 147 ,0.5,3,0,0,0
1,major_purchase,8%, 78 , 10.7 ,17.59,787," 5,768 ", 406 ,1.2,0,0,0,0
1,credit_card,9%, 307 , 10.8 ,14.54,742," 7,362 "," 3,865 ",34.2,0,0,0,0
1,credit_card,16%, 378 , 10.5 ,21.93,667," 1,230 "," 15,977 ",83.6,0,0,0,0
1,small_business,14%, 171 , 10.4 ,13.77,687," 3,030 "," 6,557 ",52.9,2,0,0,0
1,all_other,9%, 89 , 10.4 ,23.86,742," 5,010 ", -   ,0,0,1,0,0
1,educational,12%, 50 , 10.3 ,24.63,687," 2,250 "," 3,206 ",80.1,2,0,0,0
1,all_other,12%, 267 , 11.9 ,13.29,697," 2,250 "," 93,265 ",76.4,1,0,0,0
1,credit_card,9%, 319 , 10.5 ,16.64,752," 3,900 "," 20,738 ",40.6,0,0,0,0
1,small_business,12%, 305 , 11.9 ,14.47,722," 4,710 "," 42,053 ",66.6,0,0,0,0
1,major_purchase,10%, 193 , 10.2 ,1.76,772," 2,310 "," 1,292 ",4.3,1,0,0,0
1,educational,9%, 403 , 11.5 ,8.55,777," 5,430 "," 2,340 ",5.5,1,0,0,0
1,educational,12%, 70 , 9.2 ,19.68,752," 1,121 ", 603 ,6.2,0,0,0,0
1,all_other,9%, 128 , 10.9 ,6.76,737," 3,330 "," 5,287 ",18.4,0,0,0,0
1,debt_consolidation,13%, 134 , 11.8 ,17.68,707," 4,170 "," 51,973 ",95,3,0,0,0
1,credit_card,12%, 249 , 10.0 ,16.89,717," 8,100 ", 555 ,23.1,0,0,0,0
1,credit_card,12%, 227 , 11.8 ,19.37,757," 8,670 "," 32,255 ",31.6,0,0,0,0
1,debt_consolidation,14%, 341 , 10.6 ,21.63,682," 7,380 "," 15,615 ",87.7,3,0,1,1
1,debt_consolidation,13%, 709 , 11.6 ,15.02,702," 8,880 "," 18,071 ",65.5,2,0,1,0
1,debt_consolidation,12%, 185 , 11.1 ,7.85,712," 6,090 "," 8,854 ",68.1,0,0,0,0
1,debt_consolidation,12%, 248 , 11.3 ,14.52,742," 4,710 "," 45,953 ",57.8,2,0,0,0
1,debt_consolidation,14%, 34 , 10.8 ,7.39,692," 4,830 "," 6,519 ",98.8,1,0,0,0
1,small_business,11%, 294 , 11.4 ,12.78,722," 2,640 "," 19,457 ",63.6,0,0,0,0
1,debt_consolidation,9%, 236 , 10.7 ,14.24,737," 2,282 "," 14,429 ",28.2,0,0,0,0
1,debt_consolidation,14%, 84 , 9.7 ,21.6,702," 7,170 "," 14,052 ",98.3,2,0,0,1
1,small_business,16%, 420 , 11.5 ,22.68,712," 3,000 "," 27,844 ",89.8,2,0,0,0
1,debt_consolidation,10%, 160 , 10.8 ,14.88,722," 2,880 "," 5,930 ",21.4,1,0,0,0
1,all_other,12%, 215 , 10.3 ,3.06,712," 3,300 "," 19,349 ",86.4,0,1,0,0
1,educational,13%, 335 , 10.4 ,18.5,707," 4,080 "," 10,160 ",29.8,3,0,0,0
1,home_improvement,13%, 100 , 10.6 ,10.55,717," 1,141 "," 2,255 ",21.3,0,0,0,0
1,credit_card,10%, 103 , 10.5 ,11.27,712," 7,590 "," 7,572 ",17.1,2,0,0,0
1,major_purchase,13%, 269 , 10.2 ,20.23,702," 1,320 "," 2,259 ",23.1,3,0,0,0
1,credit_card,13%, 806 , 11.7 ,24.5,712," 6,420 "," 81,833 ",84.6,0,0,0,0
1,credit_card,12%, 168 , 11.1 ,7.75,727," 7,380 "," 17,088 ",85.4,1,0,0,0
1,debt_consolidation,17%, 713 , 11.9 ,13.61,672," 4,830 "," 16,473 ",94.1,2,2,0,0
1,home_improvement,15%, 416 , 11.8 ,11.85,662," 4,410 "," 28,218 ",85,2,0,0,0
1,small_business,12%, 186 , 12.1 ,9.59,742," 9,600 ", 4 ,0,1,0,1,0
1,credit_card,10%, 289 , 11.9 ,7.47,737," 6,150 "," 16,912 ",30.7,0,0,0,0
1,debt_consolidation,12%, 170 , 11.2 ,11.64,707," 1,710 "," 12,142 ",38.2,0,0,0,0
1,debt_consolidation,15%, 694 , 11.3 ,16.74,682," 1,440 "," 13,596 ",49.3,1,0,0,0
1,debt_consolidation,14%, 447 , 11.5 ,16.46,702," 3,150 "," 24,400 ",32.4,1,0,0,0
1,all_other,12%, 80 , 10.4 ,7.52,712," 1,140 "," 8,960 ",35.3,0,0,0,0
1,debt_consolidation,12%, 46 , 11.0 ,21.09,692," 3,780 "," 1,361 ",11.1,1,0,1,0
1,small_business,8%, 63 , 11.5 ,0.71,787," 5,490 "," 3,520 ",6.8,1,0,0,0
1,small_business,16%, 350 , 11.1 ,7.03,667," 2,250 "," 31,590 ",80.8,0,0,0,1
1,small_business,11%, 200 , 12.0 ,15.02,762," 7,470 "," 141,165 ",59.5,1,0,0,1
1,debt_consolidation,14%, 241 , 10.7 ,15.25,677," 3,870 "," 23,951 ",97.4,0,0,0,1
1,debt_consolidation,13%, 645 , 11.5 ,20.21,727," 9,210 "," 8,776 ",25.2,2,0,0,1
1,debt_consolidation,14%, 513 , 11.2 ,15.99,707," 3,360 "," 40,868 ",66.6,0,0,0,1
1,debt_consolidation,8%, 350 , 10.1 ,19.15,737," 6,030 "," 10,485 ",36.2,0,0,0,1
1,debt_consolidation,13%, 67 , 11.2 ,11.97,672," 7,313 "," 11,260 ",69.9,1,0,1,0
1,debt_consolidation,10%, 32 , 11.0 ,6.16,727," 8,310 ", 100 ,0.5,0,1,1,0
1,debt_consolidation,8%, 313 , 10.6 ,23.01,797," 5,250 "," 10,538 ",13.9,0,0,0,0
1,all_other,9%, 160 , 10.8 ,0.36,757," 3,210 ", 49 ,0.5,2,3,0,0
1,small_business,12%, 333 , 11.1 ,10.76,792," 5,850 ", -   ,0,7,0,0,1
1,credit_card,12%, 232 , 10.9 ,7.52,752," 3,330 "," 9,856 ",13.3,7,0,0,0
1,debt_consolidation,16%, 316 , 10.6 ,15.75,662," 2,640 "," 13,072 ",90.2,0,0,0,0
1,credit_card,16%, 280 , 12.1 ,22.49,662," 4,710 "," 45,496 ",62.7,2,0,0,0
1,credit_card,15%, 278 , 11.3 ,12.07,667," 3,509 "," 9,229 ",93.2,1,0,0,0
1,small_business,13%, 837 , 11.7 ,13.74,727," 9,214 "," 40,110 ",2.9,0,0,0,0
1,debt_consolidation,12%, 267 , 10.7 ,21.87,697," 2,940 "," 6,569 ",22.3,2,0,0,0
1,all_other,12%, 160 , 11.1 ,3.99,702," 5,040 ", 468 ,7.2,1,1,0,0
1,home_improvement,11%, 329 , 10.6 ,6.15,732," 7,680 "," 1,101 ",3.3,2,0,0,0
1,all_other,12%, 264 , 10.3 ,9.48,707," 2,550 "," 14,058 ",22.7,0,0,0,0
1,debt_consolidation,15%, 345 , 10.8 ,18.71,672," 4,740 "," 18,540 ",62.4,2,0,0,1
1,small_business,13%, 253 , 10.5 ,21.5,702," 1,560 "," 1,478 ",12.2,0,0,0,1
1,debt_consolidation,14%, 342 , 11.0 ,21.32,682," 3,090 "," 7,168 ",23.3,1,0,0,1
1,small_business,11%, 327 , 12.1 ,10.07,717," 3,630 "," 61,676 ",28.5,2,0,0,1
1,debt_consolidation,12%, 396 , 11.2 ,3.53,712," 9,330 "," 9,826 ",42.7,1,0,1,0
1,educational,9%, 319 , 11.4 ,7.81,752," 2,610 "," 2,001 ",12.1,1,0,0,0
1,debt_consolidation,10%, 240 , 10.4 ,15.51,727," 3,134 "," 15,689 ",37.9,2,0,0,0
1,small_business,10%, 327 , 10.8 ,15.46,747," 6,660 "," 15,303 ",48.9,1,0,0,0
1,all_other,13%, 101 , 11.0 ,14.08,672," 3,810 "," 2,490 ",49.8,1,1,0,0
1,all_other,12%, 50 , 10.1 ,21.15,692," 1,650 "," 1,888 ",82.1,0,0,0,0
1,all_other,11%, 236 , 11.2 ,11.93,792," 5,100 "," 4,931 ",8.5,6,0,0,0
1,educational,17%, 98 , 8.3 ,0,687," 1,238 ", -   ,42.5,0,0,0,0
1,all_other,13%, 339 , 10.8 ,20.83,692," 1,470 "," 10,634 ",57.5,2,0,0,0
1,credit_card,11%, 329 , 12.1 ,4.16,727," 7,222 "," 44,331 ",86.8,3,0,0,0
1,debt_consolidation,11%, 329 , 10.6 ,17.73,747," 5,430 "," 2,895 ",19.6,0,0,0,0
1,small_business,13%, 840 , 11.6 ,5.52,762," 8,630 "," 1,900 ",38,4,0,0,0
1,credit_card,15%, 345 , 10.7 ,16.33,727," 4,350 "," 13,592 ",25.7,1,1,0,0
1,debt_consolidation,10%, 321 , 10.2 ,22.97,742," 4,470 "," 11,488 ",22.3,0,0,0,0
1,debt_consolidation,11%, 329 , 11.0 ,12.2,762," 3,690 "," 5,264 ",28.8,2,0,0,0
1,major_purchase,12%, 281 , 10.2 ,20.75,717," 2,716 "," 12,496 ",57.3,0,0,0,0
1,home_improvement,11%, 262 , 11.1 ,7.1,732," 3,180 "," 18,831 ",48.5,1,0,0,0
1,debt_consolidation,14%, 550 , 11.1 ,18.12,677," 2,400 "," 17,085 ",81.4,0,0,0,0
1,credit_card,11%, 41 , 11.8 ,5.18,707," 4,110 "," 26,652 ",80.5,2,0,0,0
1,debt_consolidation,13%, 136 , 10.6 ,8.55,672," 4,620 "," 3,469 ",56.9,1,0,1,1
1,small_business,9%, 256 , 11.2 ,1.08,757," 4,232 "," 3,416 ",8.6,1,0,0,0
1,credit_card,6%, 195 , 10.4 ,17.12,742," 2,430 "," 7,005 ",40,0,0,0,0
1,all_other,13%, 368 , 11.3 ,1.62,692," 2,880 "," 4,526 ",20.6,0,0,1,0
1,debt_consolidation,13%, 487 , 10.7 ,14.24,722," 3,540 "," 8,511 ",71.5,2,0,0,0
1,debt_consolidation,10%, 481 , 11.1 ,9.62,797," 11,820 "," 4,002 ",12.4,0,0,0,0
1,all_other,9%, 307 , 11.0 ,8.52,797," 4,050 "," 1,309 ",3.3,0,0,0,0
1,debt_consolidation,13%, 261 , 10.2 ,20.14,692," 1,942 "," 11,307 ",82.8,0,0,0,0
1,major_purchase,15%, 56 , 10.1 ,14.15,667," 3,450 "," 9,603 ",96,1,0,0,0
1,debt_consolidation,11%, 394 , 10.9 ,21.41,727," 3,900 "," 17,102 ",73.1,1,0,0,0
1,credit_card,11%, 38 , 11.3 ,7.75,712," 6,240 "," 6,907 ",54.3,0,0,1,0
1,debt_consolidation,12%, 166 , 11.1 ,1.62,732," 5,612 "," 3,005 ",50.1,0,1,0,0
1,debt_consolidation,12%, 495 , 11.5 ,10.51,727," 10,500 "," 37,281 ",69.4,1,0,0,0
1,all_other,13%, 254 , 10.4 ,21.3,692," 2,252 "," 14,629 ",93.8,1,0,0,0
1,debt_consolidation,13%, 338 , 10.7 ,21.34,687," 3,690 "," 18,049 ",66.8,2,0,0,0
1,all_other,13%, 95 , 10.9 ,16.71,672," 3,000 "," 2,275 ",49.5,1,0,0,0
1,debt_consolidation,14%, 417 , 10.3 ,13.28,692," 1,132 "," 12,558 ",61.3,0,0,0,1
1,debt_consolidation,11%, 262 , 10.9 ,19.06,762," 10,710 "," 2,477 ",18.2,5,0,0,0
1,debt_consolidation,14%, 136 , 11.6 ,1.52,667," 3,480 "," 2,783 ",45.6,1,0,0,0
1,debt_consolidation,14%, 511 , 11.0 ,7.12,692," 5,640 "," 24,803 ",77.5,2,0,1,0
1,credit_card,9%, 176 , 10.1 ,16.23,757," 4,110 "," 3,997 ",29.6,0,0,0,0
1,educational,9%, 160 , 10.1 ,18.75,782," 10,110 ", -   ,0,4,0,0,0
1,home_improvement,9%, 128 , 11.2 ,20.5,737," 4,530 "," 9,337 ",16.8,2,0,0,0
1,small_business,12%, 396 , 11.2 ,10.99,732," 4,171 "," 40,109 ",81.7,0,0,0,1
1,educational,10%, 160 , 10.5 ,14.02,732," 4,350 "," 10,011 ",43.2,3,0,0,0
1,debt_consolidation,11%, 131 , 11.2 ,8.77,742," 8,340 "," 17,094 ",19.6,0,0,0,0
1,debt_consolidation,13%, 378 , 11.2 ,4.48,682," 3,420 "," 4,712 ",56.8,1,0,0,0
1,credit_card,13%, 435 , 10.9 ,14.38,707," 7,020 "," 1,109 ",9.7,2,0,0,0
1,home_improvement,13%, 84 , 10.8 ,10.92,682," 5,610 "," 3,510 ",41.8,2,0,0,0
1,all_other,8%, 38 , 10.6 ,7.26,737," 1,896 "," 3,770 ",18.6,1,0,0,0
1,all_other,14%, 85 , 9.9 ,23.82,667," 2,700 "," 5,411 ",76.1,1,0,0,0
1,all_other,12%, 50 , 10.8 ,18.13,692," 7,530 "," 2,573 ",67.7,0,0,1,0
1,debt_consolidation,9%, 256 , 10.3 ,8.48,752," 3,990 "," 8,840 ",24.6,2,0,0,0
1,debt_consolidation,9%, 383 , 11.1 ,8.68,807," 8,580 "," 7,336 ",7.2,0,0,0,0
1,small_business,13%, 507 , 11.4 ,14.34,697," 5,130 ", 388 ,4.6,1,1,0,0
1,credit_card,10%, 193 , 11.9 ,6.14,727," 8,310 "," 13,455 ",20.6,1,0,0,0
1,debt_consolidation,12%, 464 , 10.6 ,11.46,717," 7,347 "," 17,523 ",35.9,0,0,1,0
1,credit_card,12%, 433 , 11.0 ,16.04,707," 3,885 "," 12,671 ",60.6,1,0,0,0
1,all_other,13%, 167 , 11.3 ,15.21,677," 5,160 "," 1,015 ",25.4,0,0,0,0
1,debt_consolidation,13%, 471 , 11.0 ,22.06,697," 2,220 "," 13,932 ",71.8,0,0,0,0
1,small_business,12%, 500 , 11.2 ,15.02,722," 5,400 "," 40,882 ",31.8,2,0,0,0
1,major_purchase,9%, 224 , 10.1 ,12.82,737," 1,920 "," 2,944 ",22.5,0,0,0,0
1,debt_consolidation,14%, 229 , 10.6 ,23.67,667," 4,980 "," 10,106 ",40.3,1,0,0,0
1,all_other,13%, 50 , 10.7 ,20.75,677," 4,080 ", 920 ,21.9,0,0,0,1
1,small_business,11%, 50 , 10.1 ,11.62,727," 6,510 "," 2,108 ",23.2,0,0,1,0
1,debt_consolidation,12%, 267 , 11.2 ,14.58,712," 5,730 "," 30,692 ",92.4,1,0,0,0
1,small_business,10%, 154 , 11.8 ,7.38,727," 5,490 "," 27,399 ",41.1,1,0,0,0
1,debt_consolidation,9%, 319 , 11.0 ,11.02,757," 3,510 "," 2,710 ",5.7,0,0,0,0
1,small_business,11%, 427 , 11.4 ,14.05,722," 7,200 "," 9,551 ",43.8,0,0,1,0
1,debt_consolidation,11%, 164 , 10.0 ,4.33,727," 2,130 "," 3,612 ",54.6,0,1,0,0
1,debt_consolidation,15%, 345 , 10.7 ,18.3,667," 4,620 "," 10,155 ",73.9,1,0,0,0
1,major_purchase,8%, 38 , 10.6 ,18.78,732," 3,870 "," 4,086 ",32.2,2,0,0,0
1,debt_consolidation,8%, 219 , 11.6 ,5.1,752," 8,250 "," 36,923 ",27.7,2,0,0,0
1,all_other,9%, 96 , 10.1 ,18.01,722," 1,860 "," 4,851 ",12.9,2,0,0,0
1,debt_consolidation,14%, 171 , 10.7 ,12.11,672," 2,700 "," 10,523 ",57.8,0,1,0,0
1,educational,13%, 507 , 11.0 ,7.28,687," 2,190 "," 9,108 ",82.8,0,0,0,0
1,debt_consolidation,9%, 351 , 11.4 ,6.43,767," 5,610 "," 7,264 ",20.8,0,0,0,0
1,credit_card,13%, 286 , 11.8 ,10.62,682," 3,210 "," 12,417 ",77.1,0,0,0,0
1,credit_card,12%, 626 , 10.5 ,13.07,712," 4,998 "," 26,554 ",47.8,2,0,0,0
1,credit_card,13%, 471 , 11.1 ,15.53,697," 3,750 "," 26,208 ",78.5,0,0,0,0
1,all_other,12%, 166 , 10.7 ,5.47,702," 2,940 ", 452 ,12.6,2,0,0,0
1,debt_consolidation,8%, 63 , 10.8 ,10.51,737," 2,370 "," 2,270 ",14,1,0,0,1
1,small_business,13%, 504 , 12.1 ,20.69,697," 3,149 "," 84,844 ",79.4,3,0,0,0
1,all_other,12%, 40 , 10.9 ,24.37,697," 8,700 "," 22,723 ",76.9,2,0,1,0
1,all_other,11%, 283 , 10.8 ,2.88,712," 4,320 "," 1,076 ",8.7,3,0,0,1
1,debt_consolidation,13%, 407 , 12.7 ,10.05,692," 9,060 "," 127,192 ",67,1,0,0,0
1,home_improvement,14%, 164 , 11.4 ,10.64,662," 5,940 "," 17,965 ",79.5,1,0,0,0
1,debt_consolidation,15%, 523 , 10.7 ,5.84,672," 2,460 "," 20,800 ",88.1,1,0,0,0
1,debt_consolidation,12%, 366 , 11.2 ,14.97,732," 6,360 "," 11,961 ",17.1,2,0,0,0
1,all_other,12%, 464 , 11.3 ,10.33,717," 1,860 "," 23,149 ",32.6,3,0,0,0
1,all_other,12%, 462 , 10.9 ,13.99,717," 3,090 "," 7,535 ",39.5,1,0,0,0
1,small_business,10%, 481 , 11.9 ,8.44,812," 6,750 "," 67,128 ",31.3,2,0,0,0
1,all_other,9%, 319 , 11.5 ,3.83,747," 3,390 "," 9,961 ",13.2,0,0,0,0
1,all_other,11%, 262 , 10.6 ,7.68,732," 2,460 "," 13,161 ",25.2,0,0,0,0
1,debt_consolidation,8%, 229 , 10.9 ,11.08,752," 1,920 "," 4,381 ",14.3,1,0,0,0
1,debt_consolidation,14%, 409 , 12.4 ,8.32,677," 7,560 "," 31,458 ",91.2,0,0,0,0
1,debt_consolidation,15%, 139 , 10.9 ,12.7,682," 3,750 "," 3,864 ",99.1,0,0,1,0
1,small_business,12%, 495 , 11.2 ,13.27,727," 4,050 "," 23,236 ",42.4,2,0,0,1
1,credit_card,16%, 530 , 11.9 ,6.55,662," 4,050 "," 22,783 ",93.7,3,1,0,0
1,debt_consolidation,11%, 315 , 11.1 ,18.31,722," 4,110 "," 39,660 ",46.5,0,0,0,0
1,debt_consolidation,12%, 165 , 10.0 ,22.8,692," 5,310 "," 10,128 ",46,0,0,0,0
1,debt_consolidation,8%, 436 , 11.0 ,10.26,782," 8,340 "," 4,198 ",15.4,1,0,0,0
1,debt_consolidation,12%, 500 , 11.2 ,6.58,707," 3,690 "," 16,048 ",34.8,2,1,0,0
1,major_purchase,12%, 66 , 10.3 ,16.17,722," 1,830 "," 1,416 ",40.5,1,0,0,0
1,debt_consolidation,15%, 486 , 11.2 ,11.42,672," 2,940 "," 2,698 ",21.4,3,3,0,0
1,major_purchase,9%, 294 , 11.1 ,8.35,787," 7,650 "," 2,719 ",4.6,0,0,0,0
1,all_other,9%, 149 , 10.4 ,8.48,782," 3,390 ", 16 ,0.3,0,0,0,0
1,debt_consolidation,14%, 513 , 11.4 ,16.8,682," 5,700 "," 16,935 ",91,1,0,1,0
1,debt_consolidation,13%, 403 , 10.7 ,19.57,697," 3,450 "," 27,261 ",87.4,1,0,0,0
1,debt_consolidation,8%, 78 , 10.4 ,0.38,822," 9,968 ", 510 ,1,0,0,0,1
1,credit_card,10%, 289 , 11.6 ,18.41,737," 3,481 "," 2,737 ",6.4,1,0,0,1
1,debt_consolidation,12%, 265 , 11.0 ,17.24,707," 4,770 "," 5,476 ",46.4,0,0,0,1
1,credit_card,13%, 187 , 10.8 ,14.42,682," 5,640 "," 10,460 ",42.9,0,0,0,0
1,credit_card,11%, 408 , 12.0 ,10.01,727," 6,750 "," 9,800 ",38.4,1,0,0,0
1,debt_consolidation,11%, 329 , 11.0 ,4.49,722," 1,710 "," 9,021 ",27.7,0,0,0,0
1,debt_consolidation,13%, 385 , 10.7 ,15.91,697," 2,220 "," 11,562 ",60.2,2,0,0,0
1,debt_consolidation,11%, 262 , 11.2 ,23.25,722," 6,540 "," 55,723 ",55.8,3,0,0,0
1,all_other,13%, 241 , 10.9 ,9.12,702," 3,240 "," 1,050 ",44.5,2,0,0,0
1,educational,13%, 509 , 11.1 ,12.93,712," 6,553 "," 18,231 ",97,3,0,0,0
1,all_other,15%, 260 , 11.4 ,9.08,667," 6,930 "," 55,163 ",93.7,0,0,0,0
1,debt_consolidation,11%, 131 , 10.8 ,22.46,717," 5,820 "," 24,046 ",68.7,2,0,0,0
1,credit_card,14%, 238 , 11.1 ,19.2,677," 4,290 "," 18,748 ",72.4,2,0,0,0
1,debt_consolidation,13%, 284 , 10.7 ,9.27,687," 2,850 "," 3,294 ",18.7,3,1,0,1
1,debt_consolidation,11%, 414 , 10.7 ,18.15,722," 2,674 "," 4,297 ",39.8,0,0,0,0
1,small_business,9%, 45 , 9.3 ,24.98,727," 2,310 "," 5,010 ",63.4,0,0,0,0
1,debt_consolidation,10%, 321 , 11.2 ,6.31,737," 3,480 "," 20,423 ",46.7,2,0,0,1
1,debt_consolidation,13%, 405 , 11.1 ,7.97,697," 3,150 "," 16,331 ",76,0,0,1,0
1,home_improvement,12%, 495 , 11.5 ,0.13,797," 4,770 ", 144 ,0.3,2,0,0,0
1,small_business,11%, 493 , 12.1 ,3.31,757," 5,880 "," 1,631 ",65.2,0,0,0,0
1,debt_consolidation,13%, 269 , 10.8 ,18.6,682," 5,162 "," 8,690 ",65.3,3,0,1,0
1,credit_card,8%, 156 , 11.5 ,15.29,777," 4,080 "," 3,839 ",6.2,0,0,0,0
1,small_business,14%, 514 , 11.0 ,3.48,702," 3,870 "," 4,628 ",94.4,3,0,0,0
1,debt_consolidation,15%, 260 , 10.8 ,15.06,662," 9,180 "," 19,469 ",84.8,1,1,0,1
1,all_other,10%, 209 , 10.6 ,9.18,727," 4,980 "," 3,736 ",14.2,3,1,0,0
1,credit_card,12%, 100 , 10.5 ,20.63,692," 4,410 "," 10,455 ",54.5,1,0,0,1
1,credit_card,9%, 96 , 10.9 ,6.6,727," 1,921 "," 2,979 ",28.9,1,0,0,1
1,all_other,15%, 312 , 11.5 ,17.72,667," 7,080 "," 44,313 ",93.5,2,0,0,1
1,debt_consolidation,13%, 507 , 11.2 ,21.9,687," 6,000 "," 63,202 ",51.3,0,0,0,1
1,all_other,12%, 83 , 11.5 ,4.81,702," 5,070 "," 26,223 ",77.4,2,0,0,0
1,small_business,10%, 193 , 11.0 ,6.35,732," 1,980 "," 3,879 ",32.9,0,0,0,0
1,all_other,10%, 96 , 10.3 ,14.4,722," 3,257 ", 277 ,5.4,2,0,0,0
1,all_other,10%, 321 , 11.4 ,3.27,732," 3,720 "," 8,976 ",15.7,3,0,0,1
1,all_other,13%, 127 , 11.0 ,20.14,687," 4,140 "," 27,759 ",71.7,1,0,0,1
1,credit_card,12%, 264 , 10.3 ,6.89,712," 5,670 "," 11,025 ",55.1,1,0,1,1
1,debt_consolidation,8%, 187 , 11.1 ,8.4,782," 11,340 "," 6,047 ",11,1,0,0,0
1,debt_consolidation,13%, 163 , 11.5 ,21.8,687," 6,420 "," 52,757 ",96.4,0,0,0,0
1,all_other,14%, 274 , 10.9 ,12.59,672," 1,650 "," 6,844 ",75.2,2,0,0,0
1,credit_card,13%, 502 , 11.8 ,16.16,707," 4,470 "," 54,445 ",87.8,2,0,0,0
1,credit_card,12%, 297 , 11.2 ,21.24,702," 7,860 "," 50,822 ",70,0,0,0,0
1,all_other,9%, 160 , 10.3 ,14.16,762," 5,550 "," 1,445 ",6.5,2,0,0,0
1,debt_consolidation,15%, 518 , 11.1 ,22.1,672," 4,934 "," 23,535 ",66.7,2,0,1,1
1,credit_card,14%, 516 , 11.2 ,13.7,697," 2,550 "," 11,129 ",89,0,0,0,0
1,debt_consolidation,12%, 398 , 10.5 ,19.64,707," 1,890 "," 6,472 ",53.5,1,0,0,0
1,all_other,14%, 170 , 10.7 ,6,722," 5,280 ", -   ,40.5,1,0,0,0
1,debt_consolidation,8%, 59 , 10.8 ,19.06,732," 4,773 "," 27,835 ",45.8,0,0,0,0
1,small_business,13%, 339 , 11.8 ,13.85,702," 4,200 "," 26,822 ",90.9,2,1,0,0
1,debt_consolidation,13%, 405 , 10.4 ,19.55,682," 2,490 "," 23,806 ",76.1,0,0,0,0
1,small_business,15%, 520 , 11.5 ,17.72,667," 7,501 "," 12,586 ",84.5,2,0,0,0
1,debt_consolidation,14%, 344 , 10.5 ,22.43,667," 2,877 "," 9,469 ",59.2,1,0,0,0
1,debt_consolidation,11%, 329 , 11.2 ,11.61,722," 6,480 "," 15,116 ",38.7,2,0,0,0
1,home_improvement,12%, 139 , 10.4 ,22.09,702," 2,945 "," 14,166 ",81.4,0,0,0,0
1,debt_consolidation,10%, 289 , 10.7 ,7,742," 3,600 "," 10,232 ",30.6,1,0,0,0
1,credit_card,12%, 500 , 11.3 ,14.96,712," 4,860 "," 30,985 ",79.4,3,0,0,0
1,debt_consolidation,9%, 256 , 10.5 ,10.73,752," 13,770 "," 8,128 ",27.7,3,0,0,0
1,credit_card,15%, 347 , 10.6 ,20.64,662," 3,030 "," 15,350 ",37.5,1,0,0,0
1,small_business,13%, 507 , 11.9 ,4.06,697," 7,170 "," 85,892 ",2.1,1,2,0,0
1,credit_card,12%, 169 , 10.2 ,16.11,697," 4,080 "," 20,722 ",52.1,2,0,0,0
1,debt_consolidation,13%, 281 , 11.3 ,1.85,687," 4,320 "," 6,716 ",32.7,2,0,0,0
1,credit_card,8%, 100 , 10.7 ,8.6,742," 3,150 "," 5,624 ",32,0,0,0,0
1,debt_consolidation,14%, 342 , 10.7 ,14.45,672," 8,940 "," 10,942 ",57,0,0,0,0
1,debt_consolidation,14%, 191 , 10.7 ,9.07,682," 5,100 "," 9,287 ",97.8,0,0,1,0
1,debt_consolidation,12%, 398 , 10.6 ,14.88,757," 6,150 "," 15,280 ",56.2,0,0,0,0
1,all_other,9%, 319 , 11.0 ,1.78,797," 8,100 "," 2,111 ",4,2,0,0,0
1,major_purchase,11%, 245 , 10.5 ,14.72,777," 3,811 "," 1,194 ",3.8,1,0,0,0
1,credit_card,15%, 155 , 10.8 ,13.94,662," 2,191 "," 21,628 ",93.2,1,0,0,0
1,home_improvement,10%, 481 , 11.2 ,12.19,772," 4,080 "," 8,850 ",16.5,1,0,0,1
1,debt_consolidation,14%, 511 , 10.8 ,9.17,712," 8,847 "," 17,500 ",85.6,0,0,1,0
1,debt_consolidation,12%, 53 , 11.1 ,18.14,677," 5,251 "," 4,658 ",44.3,3,1,1,1
1,debt_consolidation,11%, 491 , 11.6 ,8.14,757," 6,960 "," 13,333 ",25.8,0,0,0,0
1,all_other,14%, 516 , 11.1 ,14.26,677," 4,530 "," 13,235 ",47.8,1,0,0,0
1,all_other,14%, 411 , 11.3 ,7.21,672," 3,030 "," 7,887 ",37.2,0,0,0,0
1,small_business,15%, 35 , 9.2 ,1.2,667," 1,860 ", 437 ,9.7,0,1,0,0
1,educational,12%, 333 , 11.0 ,11.42,702," 1,950 "," 6,116 ",33.1,2,0,0,0
1,debt_consolidation,12%, 120 , 11.0 ,10.56,692," 4,080 "," 5,211 ",30.1,0,3,0,0
1,all_other,9%, 134 , 10.5 ,8.52,737," 4,590 "," 13,385 ",57.5,1,0,0,0
1,educational,10%, 177 , 10.7 ,15.63,727," 4,200 "," 21,002 ",36.7,1,0,0,0
1,all_other,12%, 83 , 11.7 ,14.51,712," 6,780 "," 53,094 ",91.2,2,0,0,0
1,debt_consolidation,12%, 300 , 11.2 ,1.81,697," 10,290 "," 17,307 ",31.8,2,0,0,0
1,credit_card,10%, 321 , 11.0 ,11.24,742," 5,790 "," 3,649 ",33.8,2,0,0,0
1,credit_card,12%, 277 , 11.6 ,1.92,702," 8,730 "," 3,421 ",7.4,1,0,0,0
1,debt_consolidation,14%, 204 , 10.2 ,5.34,682," 10,309 "," 5,177 ",12.5,3,1,0,0
1,debt_consolidation,13%, 153 , 10.3 ,21.18,682," 4,110 "," 1,125 ",64.3,3,0,1,0
1,debt_consolidation,12%, 330 , 11.8 ,8.32,727," 4,890 "," 44,128 ",42,1,0,0,1
1,small_business,14%, 256 , 10.9 ,4.18,687," 7,184 "," 3,554 ",37.8,3,0,0,0
1,small_business,11%, 329 , 12.9 ,15.68,792," 9,041 "," 23,217 ",8.5,3,0,0,0
1,educational,13%, 170 , 10.1 ,12.15,687," 1,925 "," 1,643 ",8.6,2,1,0,0
1,all_other,10%, 225 , 11.4 ,14.05,727," 5,100 "," 5,265 ",39.6,1,0,0,0
1,debt_consolidation,13%, 509 , 10.9 ,13.61,677," 6,390 "," 26,821 ",52.6,3,0,0,0
1,credit_card,13%, 441 , 11.3 ,21.11,687," 3,330 "," 64,411 ",87.8,2,0,0,0
1,debt_consolidation,14%, 206 , 11.5 ,13.57,662," 5,157 "," 27,254 ",80.4,0,0,0,0
1,all_other,14%, 136 , 10.4 ,15.47,692," 1,861 "," 7,321 ",88.2,1,0,0,0
1,educational,14%, 55 , 10.9 ,14.68,662," 5,310 "," 23,713 ",73.5,1,0,0,0
1,home_improvement,9%, 383 , 11.9 ,4.69,792," 12,433 "," 4,384 ",5,0,0,0,0
1,small_business,13%, 502 , 11.7 ,15.83,702," 6,420 "," 109,255 ",63.4,0,2,0,0
1,debt_consolidation,15%, 523 , 11.8 ,18.12,667," 9,000 "," 17,258 ",81.4,1,1,0,1
1,debt_consolidation,12%, 497 , 11.3 ,17.64,717," 2,226 "," 9,663 ",30.7,2,0,0,0
1,major_purchase,13%, 203 , 11.4 ,7.4,687," 3,300 ", 281 ,7.4,3,0,2,0
1,small_business,11%, 491 , 11.6 ,1.07,762," 4,290 "," 3,889 ",18.3,0,0,0,1
1,debt_consolidation,14%, 222 , 10.5 ,21.15,667," 2,640 "," 5,518 ",34.9,2,1,0,0
1,credit_card,8%, 180 , 11.2 ,2.59,807," 4,800 "," 5,231 ",2.4,1,0,0,0
1,credit_card,14%, 171 , 12.0 ,6.84,702," 4,770 "," 18,115 ",98.5,0,0,0,0
1,home_improvement,10%, 481 , 10.3 ,4.08,817," 8,250 "," 24,665 ",5.3,0,0,0,0
1,debt_consolidation,9%, 319 , 11.7 ,5.93,747," 3,150 "," 5,761 ",36.2,1,0,0,0
1,debt_consolidation,12%, 200 , 10.6 ,20.43,707," 7,050 "," 12,694 ",63.8,3,0,0,0
1,debt_consolidation,12%, 466 , 10.9 ,14.38,712," 4,080 "," 12,837 ",37.8,1,1,0,0
1,debt_consolidation,11%, 345 , 11.0 ,3.61,722," 3,690 "," 14,080 ",31.2,0,0,0,0
1,all_other,14%, 83 , 10.1 ,12.38,677," 1,410 "," 5,285 ",60.1,3,0,0,0
1,debt_consolidation,12%, 495 , 11.5 ,22.37,727," 3,652 "," 16,386 ",62,0,0,0,0
1,all_other,8%, 116 , 10.2 ,7.84,772," 1,591 "," 1,271 ",8.7,1,0,0,0
1,credit_card,12%, 495 , 11.1 ,21.86,727," 5,790 "," 22,359 ",25,0,1,0,0
1,all_other,11%, 276 , 10.5 ,1.4,772," 5,640 "," 1,569 ",14.7,1,0,0,0
1,debt_consolidation,13%, 192 , 11.1 ,6.18,672," 4,950 "," 5,333 ",47.2,1,1,0,0
1,debt_consolidation,16%, 177 , 10.0 ,8.67,662," 1,140 "," 8,517 ",71.6,2,0,0,1
1,all_other,12%, 167 , 10.9 ,17.64,697," 2,443 "," 7,398 ",37.9,0,0,0,0
1,credit_card,15%, 520 , 10.9 ,16.95,677," 8,670 "," 16,918 ",90.5,0,0,0,0
1,debt_consolidation,14%, 273 , 11.3 ,3.29,682," 4,560 "," 7,921 ",58.7,0,0,0,0
1,home_improvement,10%, 481 , 11.6 ,9.63,777," 6,270 "," 19,181 ",9.3,2,0,0,0
1,debt_consolidation,12%, 497 , 11.4 ,7.34,717," 3,060 "," 15,648 ",45.8,1,0,0,1
1,debt_consolidation,12%, 497 , 11.2 ,18.28,717," 6,960 "," 4,826 ",58.1,1,1,0,0
1,credit_card,10%, 481 , 10.6 ,11.57,812," 4,650 "," 1,140 ",9.7,1,0,0,0
1,credit_card,12%, 495 , 11.5 ,23.7,727," 5,040 "," 30,929 ",65.9,2,0,0,0
1,debt_consolidation,15%, 488 , 10.3 ,11.24,677," 3,060 "," 23,762 ",94.3,1,0,0,1
1,all_other,9%, 192 , 10.8 ,5.28,732," 3,810 "," 6,477 ",26,1,0,0,0
1,credit_card,9%, 319 , 11.6 ,10.29,752," 4,410 "," 28,840 ",34.3,0,0,0,0
1,all_other,13%, 405 , 11.4 ,12.01,752," 3,749 ", -   ,38.3,0,0,0,0
1,debt_consolidation,16%, 530 , 11.4 ,9.77,672," 6,633 "," 15,080 ",90.3,3,1,0,0
1,debt_consolidation,14%, 342 , 10.1 ,13.73,682," 4,320 "," 10,564 ",72.4,0,0,1,1
1,home_improvement,9%, 128 , 11.2 ,13.72,767," 5,850 ", 159 ,1.3,1,0,0,0
1,debt_consolidation,13%, 509 , 10.7 ,13.76,692," 4,334 "," 18,546 ",94.1,0,0,0,0
1,debt_consolidation,13%, 170 , 11.1 ,12.48,692," 2,940 "," 8,681 ",42.3,1,0,0,0
1,educational,13%, 234 , 10.6 ,2.46,747," 4,978 "," 5,327 ",47.4,7,0,0,0
1,debt_consolidation,15%, 261 , 11.0 ,17.5,677," 2,761 "," 16,422 ",76.6,0,0,0,0
1,debt_consolidation,11%, 164 , 10.1 ,12.48,732," 3,810 "," 3,318 ",18.1,0,1,0,0
1,credit_card,13%, 301 , 10.8 ,20.59,722," 11,100 "," 14,379 ",89.3,0,0,0,0
1,debt_consolidation,14%, 258 , 10.7 ,15.92,682," 5,730 "," 9,562 ",21.9,1,0,0,1
1,home_improvement,13%, 168 , 10.4 ,17.67,702," 2,550 "," 5,051 ",51.5,2,0,0,0
1,small_business,12%, 495 , 11.5 ,20.26,722," 5,700 "," 72,333 ",29.9,1,0,0,0
1,all_other,8%, 62 , 10.8 ,13.6,752," 3,733 "," 6,316 ",11.5,3,0,0,0
1,debt_consolidation,10%, 193 , 10.8 ,7.43,732," 2,760 "," 11,629 ",37.6,0,0,0,0
1,debt_consolidation,14%, 246 , 10.5 ,6.99,677," 2,640 "," 10,606 ",62,0,0,0,0
1,debt_consolidation,14%, 291 , 10.0 ,10.15,682," 6,720 "," 8,451 ",89.9,2,0,0,0
1,debt_consolidation,12%, 497 , 11.0 ,12.42,717," 2,370 "," 31,563 ",40.5,3,0,0,0
1,credit_card,10%, 321 , 11.2 ,0,782," 4,050 ", -   ,0,4,0,0,0
1,credit_card,10%, 231 , 11.1 ,19.11,727," 6,210 "," 35,333 ",66.9,3,0,0,0
1,debt_consolidation,8%, 188 , 10.2 ,12.14,762," 2,040 "," 1,491 ",5.5,0,0,0,0
1,major_purchase,12%, 80 , 10.0 ,9.5,712," 1,380 ", 981 ,25.2,0,0,0,0
1,debt_consolidation,16%, 228 , 11.0 ,15.87,667," 2,190 "," 20,341 ",85.1,0,0,0,0
1,all_other,15%, 207 , 10.4 ,12.45,672," 2,970 "," 3,633 ",44.9,2,0,0,0
1,debt_consolidation,13%, 81 , 10.3 ,5.11,692," 1,350 "," 5,727 ",54,1,0,0,0
1,debt_consolidation,15%, 139 , 10.7 ,7.67,667," 3,060 "," 17,293 ",94.5,0,1,0,0
1,small_business,17%, 355 , 11.4 ,15.61,662," 5,529 "," 66,526 ",93.6,3,0,0,0
1,small_business,16%, 264 , 10.8 ,22.13,677," 2,580 "," 16,767 ",46.2,0,0,0,0
1,debt_consolidation,13%, 507 , 10.8 ,21.44,707," 4,020 "," 19,855 ",74.1,1,0,0,0
1,debt_consolidation,14%, 409 , 11.6 ,4.58,687," 5,490 "," 12,636 ",30.2,1,1,0,0
1,small_business,12%, 497 , 11.5 ,2.3,717," 5,520 "," 2,548 ",8.4,0,0,0,0
1,debt_consolidation,14%, 155 , 10.4 ,7.58,687," 1,320 "," 3,952 ",44.1,1,0,0,0
1,major_purchase,13%, 271 , 10.8 ,4.35,687," 3,844 "," 1,935 ",22.8,0,3,0,0
1,debt_consolidation,8%, 207 , 10.6 ,10.74,752," 4,800 "," 7,112 ",50.4,1,0,0,0
1,debt_consolidation,13%, 268 , 11.2 ,20.67,712," 5,340 "," 14,193 ",46.4,3,0,1,0
1,all_other,8%, 156 , 10.6 ,5.78,802," 4,440 "," 5,312 ",7.2,0,0,0,0
1,small_business,13%, 504 , 11.7 ,8.1,697," 6,506 "," 25,311 ",53.5,1,0,0,0
1,credit_card,13%, 196 , 10.9 ,5.52,702," 2,040 "," 6,105 ",74.5,0,0,0,0
1,home_improvement,9%, 134 , 11.2 ,3.33,732," 3,240 "," 11,127 ",13.4,0,0,0,0
1,small_business,11%, 327 , 11.5 ,5.68,722," 5,460 "," 37,964 ",57.4,2,0,0,0
1,small_business,14%, 330 , 11.3 ,11.46,702," 1,260 "," 4,040 ",20.2,0,0,0,0
1,all_other,12%, 495 , 11.2 ,9.81,742," 6,480 "," 4,218 ",1.4,0,1,1,0
1,debt_consolidation,11%, 296 , 11.4 ,7.45,742," 5,370 "," 8,827 ",34.3,1,0,0,0
1,debt_consolidation,16%, 525 , 11.7 ,19.87,682," 5,010 "," 87,502 ",96.4,0,1,0,0
1,credit_card,10%, 481 , 10.9 ,16.56,782," 4,980 "," 17,709 ",31.1,0,0,0,0
1,debt_consolidation,13%, 242 , 10.4 ,19.16,702," 1,890 "," 6,136 ",42.9,0,0,0,0
1,small_business,16%, 281 , 10.6 ,23.13,662," 3,090 "," 31,006 ",85.4,3,0,0,0
1,all_other,14%, 516 , 11.6 ,6.33,682," 1,890 "," 6,585 ",20.3,2,1,0,0
1,major_purchase,14%, 274 , 10.5 ,16.96,692," 1,500 "," 5,252 ",56.5,2,0,0,0
1,small_business,11%, 491 , 11.3 ,2.77,752," 5,717 "," 11,002 ",20.9,1,0,0,0
1,debt_consolidation,16%, 311 , 10.3 ,19.53,692," 3,738 "," 21,894 ",99.5,0,0,0,0
1,debt_consolidation,12%, 198 , 10.5 ,23.08,732," 7,050 "," 4,397 ",86.4,0,0,0,0
1,small_business,13%, 509 , 11.8 ,12.18,702," 3,390 "," 65,230 ",68.9,1,0,0,0
1,debt_consolidation,17%, 534 , 11.1 ,22.85,682," 2,670 "," 17,820 ",98.5,0,0,0,0
1,credit_card,14%, 516 , 11.5 ,11.22,682," 3,450 "," 24,432 ",68.6,0,0,0,0
1,credit_card,13%, 368 , 11.4 ,19.35,692," 5,449 "," 32,307 ",83.3,0,0,0,0
1,all_other,10%, 289 , 11.2 ,8.45,737," 4,890 "," 7,215 ",30.8,2,0,0,0
1,home_improvement,13%, 509 , 11.2 ,11.73,702," 2,820 "," 8,417 ",43.4,1,0,0,0
1,debt_consolidation,15%, 146 , 10.5 ,6,662," 1,470 "," 8,597 ",56.9,1,0,0,0
1,educational,14%, 170 , 11.2 ,20.86,767," 7,950 "," 38,511 ",22.9,2,0,0,0
1,all_other,9%, 319 , 10.8 ,0.36,777," 3,092 ", 311 ,0.5,2,0,0,0
1,debt_consolidation,13%, 204 , 11.2 ,4.75,682," 5,520 "," 6,684 ",66.2,1,0,0,0
1,debt_consolidation,14%, 342 , 10.8 ,15,687," 4,590 "," 11,011 ",57.1,0,2,0,0
1,debt_consolidation,11%, 164 , 10.8 ,6.38,717," 3,630 "," 4,044 ",18,0,0,1,0
1,debt_consolidation,15%, 523 , 11.7 ,6.52,677," 2,880 "," 92,391 ",72.6,0,0,0,0
1,major_purchase,8%, 206 , 10.7 ,13.28,767," 11,310 "," 5,889 ",27.1,3,0,0,0
1,small_business,11%, 493 , 10.9 ,7.16,737," 2,970 "," 30,282 ",54.3,1,0,0,0
1,credit_card,17%, 501 , 11.8 ,9.33,672," 1,650 "," 29,101 ",96.6,1,0,0,0
1,small_business,13%, 100 , 10.1 ,3.65,712," 2,190 "," 3,238 ",10.4,0,0,0,0
1,debt_consolidation,14%, 513 , 11.0 ,14.02,692," 2,370 "," 20,002 ",52.2,3,0,0,1
1,credit_card,15%, 347 , 11.1 ,13.96,672," 2,294 "," 6,365 ",25.2,1,1,0,0
1,small_business,14%, 344 , 11.0 ,11.26,682," 6,540 "," 4,395 ",57.8,2,0,1,1
1,all_other,14%, 341 , 10.8 ,4.95,687," 3,150 "," 1,718 ",14.9,1,0,0,0
1,major_purchase,8%, 56 , 12.0 ,0.18,797," 12,153 "," 2,044 ",7.5,2,0,0,0
1,debt_consolidation,10%, 231 , 10.8 ,12.53,727," 2,490 "," 1,596 ",8.9,2,0,0,0
1,debt_consolidation,13%, 402 , 10.8 ,11.88,722," 2,790 "," 7,085 ",41.7,1,0,0,1
1,major_purchase,8%, 219 , 11.5 ,11.79,817," 5,962 "," 1,254 ",3.8,0,0,0,0
1,credit_card,13%, 301 , 10.8 ,15.41,727," 1,590 "," 6,183 ",31.5,1,0,0,0
1,debt_consolidation,12%, 597 , 11.2 ,11.23,747," 4,441 "," 11,286 ",69.5,0,1,0,0
1,debt_consolidation,13%, 645 , 11.7 ,4.64,762," 5,829 "," 7,888 ",7.5,1,0,0,0
1,all_other,10%, 193 , 11.1 ,0.28,752," 2,280 "," 1,070 ",16.5,0,0,0,0
1,credit_card,12%, 497 , 11.9 ,6.78,752," 6,150 "," 24,055 ",54.2,1,0,0,0
1,debt_consolidation,15%, 348 , 10.6 ,20.16,667," 3,090 "," 10,393 ",78.7,3,0,0,0
1,debt_consolidation,13%, 602 , 11.2 ,11.37,732," 5,100 "," 14,940 ",40.2,2,0,0,0
1,all_other,12%, 497 , 11.2 ,4.05,782," 2,760 ", 552 ,2.9,1,0,0,0
1,debt_consolidation,13%, 355 , 10.9 ,7,702," 1,920 "," 10,720 ",63.4,1,0,0,0
1,all_other,8%, 156 , 11.6 ,14.09,777," 3,960 "," 3,272 ",5.8,3,0,0,0
1,debt_consolidation,14%, 205 , 10.6 ,19.67,667," 3,240 "," 5,155 ",56.6,1,0,0,1
1,debt_consolidation,8%, 125 , 11.4 ,8.97,757," 4,470 "," 51,498 ",31,0,0,0,0
1,all_other,12%, 100 , 10.3 ,6.44,712," 2,940 "," 5,064 ",72.3,2,0,0,0
1,debt_consolidation,13%, 169 , 10.3 ,23.12,707," 2,490 "," 7,058 ",94.3,3,0,0,0
1,debt_consolidation,13%, 405 , 11.3 ,20.5,702," 3,240 "," 57,822 ",78.5,0,0,0,1
1,educational,12%, 40 , 9.8 ,14.07,787," 5,621 ", 14 ,2.8,0,0,0,0
1,debt_consolidation,14%, 688 , 11.5 ,7.09,707," 4,771 "," 10,047 ",70.3,0,0,0,0
1,debt_consolidation,16%, 211 , 10.0 ,18.62,662," 1,740 "," 5,040 ",71,2,0,0,0
1,debt_consolidation,8%, 141 , 9.9 ,13.74,777," 10,411 "," 3,223 ",4,0,0,0,0
1,all_other,13%, 473 , 10.9 ,7.13,717," 3,120 "," 8,358 ",46.2,2,0,0,0
1,all_other,14%, 371 , 10.4 ,6.78,732," 1,170 ", 932 ,15.5,0,0,0,0
1,debt_consolidation,16%, 665 , 10.9 ,22.25,692," 5,880 "," 13,303 ",95,1,0,0,0
1,credit_card,10%, 417 , 10.7 ,8.16,787," 6,630 ", 176 ,0.3,3,0,0,0
1,all_other,13%, 335 , 10.3 ,17.76,732," 1,950 ", 312 ,3.6,1,0,0,0
1,debt_consolidation,12%, 333 , 11.3 ,1.42,747," 2,670 "," 4,399 ",18.4,0,0,0,0
1,credit_card,14%, 154 , 10.3 ,18.1,672," 4,440 "," 4,321 ",56.5,2,2,0,0
1,debt_consolidation,16%, 565 , 11.1 ,20.22,687," 5,340 "," 16,731 ",96.2,1,0,1,0
1,debt_consolidation,13%, 204 , 10.0 ,7.31,712," 3,780 "," 6,095 ",73.4,2,0,0,0
1,all_other,17%, 285 , 12.4 ,8.46,662," 5,100 "," 47,014 ",96.5,3,0,0,0
1,all_other,13%, 101 , 11.1 ,4.89,687," 5,520 "," 2,305 ",31.6,1,0,0,1
1,debt_consolidation,14%, 477 , 11.4 ,17.26,702," 6,960 "," 43,998 ",87.6,0,0,0,1
1,debt_consolidation,13%, 303 , 10.7 ,9.68,712," 6,720 "," 2,058 ",4.2,0,1,0,0
1,home_improvement,14%, 550 , 11.4 ,4.35,687," 6,900 "," 13,171 ",25.3,3,1,0,0
1,credit_card,15%, 328 , 10.7 ,19.81,672," 7,050 "," 28,594 ",67,2,0,0,0
1,debt_consolidation,19%, 707 , 11.0 ,13.88,662," 1,590 ", -   ,0,1,0,0,0
1,all_other,12%, 50 , 10.2 ,5.62,752," 1,560 ", 47 ,1.6,2,0,0,0
1,debt_consolidation,12%, 360 , 11.3 ,12.68,717," 6,810 "," 23,722 ",51.8,0,0,0,1
1,small_business,13%, 837 , 12.3 ,7.9,747," 4,680 "," 9,393 ",16,1,0,0,0
1,debt_consolidation,10%, 385 , 12.3 ,13.14,762," 9,504 "," 56,967 ",28.3,2,0,0,0
1,all_other,12%, 133 , 10.7 ,19.81,712," 3,090 "," 9,754 ",61.3,1,0,0,0
1,home_improvement,13%, 186 , 10.1 ,23.52,692," 2,850 "," 22,479 ",86.8,2,0,0,1
1,debt_consolidation,15%, 249 , 9.9 ,15.47,697," 1,260 "," 7,249 ",47.1,0,0,0,0
1,debt_consolidation,10%, 578 , 10.6 ,4.05,772," 14,167 "," 8,259 ",42.8,2,0,0,0
1,debt_consolidation,13%, 509 , 11.5 ,11.89,702," 4,500 "," 31,565 ",68.3,0,0,0,1
1,educational,17%, 171 , 9.6 ,9.36,662," 1,267 "," 2,368 ",84.6,1,0,0,1
1,debt_consolidation,14%, 481 , 11.7 ,13.27,682," 8,473 "," 30,160 ",33.1,2,1,0,0
1,credit_card,13%, 170 , 11.3 ,15.2,682," 5,334 "," 28,637 ",63.3,0,1,0,0
1,debt_consolidation,13%, 236 , 10.4 ,18.85,697," 2,641 ", 566 ,8.2,3,2,0,1
1,small_business,13%, 403 , 11.2 ,22.45,732," 4,410 "," 11,194 ",32.9,3,0,0,0
1,credit_card,13%, 268 , 10.8 ,9.32,712," 4,472 "," 3,489 ",42.5,1,0,0,0
1,all_other,15%, 279 , 11.2 ,10.03,667," 3,390 "," 2,646 ",22.2,2,0,0,0
1,debt_consolidation,14%, 477 , 10.8 ,3.7,707," 2,580 "," 14,499 ",63,3,1,0,0
1,all_other,16%, 525 , 10.3 ,2.68,682," 1,201 "," 3,004 ",27.1,2,0,0,0
1,major_purchase,7%, 112 , 11.0 ,3.5,777," 6,630 "," 5,514 ",19.5,0,0,0,0
1,all_other,14%, 341 , 10.9 ,19.83,707," 1,500 "," 7,284 ",29,0,0,0,0
1,all_other,14%, 511 , 11.3 ,3.08,752," 4,380 "," 2,149 ",17.5,7,0,0,0
1,debt_consolidation,13%, 706 , 11.1 ,18.09,727," 3,870 "," 22,289 ",49.8,1,0,0,0
1,home_improvement,10%, 481 , 11.7 ,2.93,802," 4,442 "," 7,265 ",11.7,0,0,0,0
1,debt_consolidation,12%, 431 , 10.9 ,20.11,737," 5,040 "," 12,755 ",64.4,0,0,0,0
1,all_other,14%, 286 , 11.4 ,15.05,682," 4,980 "," 26,295 ",70.3,0,1,0,0
1,small_business,9%, 224 , 10.8 ,7.8,742," 3,720 "," 5,749 ",33.8,0,0,0,0
1,debt_consolidation,13%, 678 , 11.6 ,14.67,702," 5,041 "," 22,908 ",59.2,3,0,0,0
1,small_business,10%, 77 , 10.0 ,2.14,727," 5,340 ", 948 ,13.5,1,0,1,0
1,all_other,15%, 691 , 11.2 ,0.32,702," 2,820 "," 2,229 ",14.1,0,0,0,0
1,debt_consolidation,9%, 319 , 10.6 ,24.37,757," 3,390 "," 1,711 ",24.1,2,0,0,0
1,debt_consolidation,13%, 229 , 10.9 ,11.59,707," 2,046 "," 7,398 ",70.5,1,0,0,0
1,small_business,15%, 278 , 10.6 ,10.62,682," 3,270 "," 6,933 ",82.5,1,0,0,0
1,small_business,13%, 840 , 11.2 ,3.02,757," 7,830 "," 2,906 ",4.5,0,1,0,0
1,credit_card,10%, 193 , 10.3 ,22.46,732," 2,640 "," 11,049 ",28.3,0,0,0,0
1,credit_card,16%, 352 , 11.6 ,17.94,662," 4,320 "," 15,206 ",38,2,1,0,0
1,all_other,17%, 160 , 10.8 ,5.65,662," 2,611 "," 1,925 ",96.2,0,1,0,0
1,small_business,8%, 113 , 10.5 ,9.74,737," 3,360 "," 9,376 ",41.5,0,0,0,0
1,credit_card,13%, 304 , 10.4 ,21.46,717," 5,490 "," 12,439 ",55.8,0,0,0,0
1,all_other,8%, 125 , 11.0 ,12.21,767," 3,900 "," 60,506 ",31.9,2,0,0,0
1,debt_consolidation,12%, 90 , 9.8 ,10.55,727," 2,430 "," 7,226 ",51.6,0,0,0,0
1,debt_consolidation,13%, 168 , 10.5 ,11.59,707," 1,650 "," 4,516 ",30.9,0,0,0,0
1,debt_consolidation,16%, 525 , 11.4 ,22.16,672," 2,970 "," 24,143 ",59.5,1,0,0,1
1,credit_card,10%, 321 , 10.3 ,7.38,777," 5,100 "," 2,770 ",9.1,0,1,0,0
1,debt_consolidation,12%, 497 , 11.2 ,6.19,747," 2,700 "," 16,476 ",43.1,0,0,0,0
1,credit_card,16%, 420 , 11.7 ,10.54,667," 4,860 "," 15,187 ",87.3,0,1,0,0
1,home_improvement,14%, 382 , 10.4 ,18.07,682," 3,300 "," 6,720 ",88.4,3,0,0,1
1,debt_consolidation,7%, 109 , 11.1 ,7.68,782," 5,340 "," 4,991 ",7.7,0,0,0,0
1,credit_card,10%, 116 , 10.4 ,15.11,717," 2,754 "," 12,811 ",41.5,1,0,0,0
1,debt_consolidation,14%, 341 , 11.0 ,15.14,697," 4,800 "," 10,852 ",64.2,1,0,1,1
1,debt_consolidation,13%, 136 , 11.0 ,17.86,682," 3,750 "," 1,267 ",31.7,0,0,0,1
1,credit_card,13%, 382 , 10.8 ,14.5,722," 4,680 "," 8,775 ",48,0,0,0,0
1,all_other,14%, 516 , 11.0 ,21.54,682," 2,280 "," 4,649 ",43.4,0,0,0,0
1,credit_card,14%, 516 , 11.6 ,15.61,697," 2,040 "," 12,352 ",34.7,1,0,1,0
1,debt_consolidation,10%, 481 , 12.2 ,9.64,772," 8,520 "," 12,228 ",17.5,1,0,0,0
1,debt_consolidation,15%, 70 , 11.1 ,15.45,667," 4,080 "," 16,181 ",96.3,1,1,0,0
1,home_improvement,14%, 511 , 10.7 ,6.72,697," 3,841 "," 14,244 ",29.6,0,0,0,0
1,educational,13%, 201 , 10.1 ,11.85,702," 4,441 ", 153 ,25.5,1,0,0,0
1,debt_consolidation,13%, 183 , 10.3 ,18.18,687," 2,730 "," 3,647 ",66.3,0,0,0,0
1,debt_consolidation,14%, 219 , 10.7 ,16.05,692," 2,970 "," 8,959 ",90.5,0,0,0,0
1,debt_consolidation,16%, 525 , 10.9 ,22.3,677," 3,150 "," 28,473 ",88.3,1,0,0,0
1,small_business,13%, 151 , 11.1 ,22.47,717," 9,780 "," 8,596 ",90.5,0,0,0,0
1,debt_consolidation,16%, 527 , 11.0 ,7.39,672," 7,800 "," 11,307 ",50,3,0,0,0
1,small_business,10%, 160 , 10.4 ,0.39,747," 3,480 "," 1,063 ",6.2,4,0,0,0
1,small_business,15%, 520 , 11.3 ,11.38,677," 4,410 "," 31,724 ",90.4,2,0,0,1
1,major_purchase,13%, 151 , 10.6 ,1.95,722," 4,442 ", 337 ,3,2,0,0,0
1,all_other,14%, 279 , 9.4 ,0,687," 5,193 ", -   ,0,0,1,0,0
1,small_business,15%, 174 , 10.7 ,7.55,692," 1,440 "," 11,369 ",80.6,0,0,0,0
1,debt_consolidation,10%, 193 , 10.8 ,9.1,732," 3,660 "," 1,825 ",15.6,2,0,0,0
1,small_business,8%, 219 , 11.8 ,3.78,762," 5,010 "," 20,488 ",24.7,1,0,0,0
1,small_business,8%, 313 , 11.3 ,2.63,802," 4,320 "," 5,390 ",10.4,0,0,0,0
1,debt_consolidation,14%, 206 , 10.0 ,18.39,677," 1,890 "," 11,297 ",85.6,1,0,0,0
1,debt_consolidation,14%, 205 , 10.5 ,16.76,677," 3,600 "," 1,243 ",22.6,0,1,0,0
1,debt_consolidation,10%, 321 , 11.3 ,19.9,752," 3,300 "," 4,474 ",82.9,4,0,0,1
1,all_other,17%, 178 , 11.6 ,14.95,677," 6,990 "," 49,238 ",48.3,0,4,0,0
1,debt_consolidation,13%, 407 , 11.0 ,17.74,697," 5,910 "," 11,401 ",83.2,0,0,0,1
1,small_business,10%, 385 , 11.4 ,22.11,752," 5,550 "," 13,073 ",16.5,0,0,0,0
1,debt_consolidation,15%, 487 , 11.1 ,23.13,682," 3,750 "," 13,641 ",97.4,0,0,1,0
1,credit_card,10%, 193 , 12.6 ,5.74,727," 6,201 "," 132,103 ",14.2,0,0,1,0
1,all_other,9%, 51 , 10.3 ,19.21,727," 4,620 ", 714 ,10.1,3,0,1,0
1,debt_consolidation,14%, 342 , 10.9 ,16.52,682," 7,950 "," 18,707 ",73.4,1,0,0,0
1,debt_consolidation,16%, 506 , 10.4 ,14.86,667," 2,880 "," 8,969 ",53.7,0,0,0,0
1,credit_card,13%, 135 , 10.0 ,10.08,702," 1,440 "," 4,428 ",59,0,0,0,0
1,small_business,10%, 481 , 11.6 ,5.65,777," 5,370 "," 25,476 ",16.5,1,0,0,0
1,all_other,10%, 71 , 10.6 ,21.77,722," 2,970 "," 14,544 ",38,0,0,0,0
1,educational,13%, 504 , 11.2 ,11.42,722," 4,920 "," 27,576 ",73.7,1,0,0,0
1,small_business,13%, 252 , 10.2 ,12.68,697," 3,720 "," 16,280 ",74.7,0,0,0,1
1,credit_card,13%, 182 , 10.2 ,23.68,687," 2,280 "," 16,757 ",85.1,0,0,0,0
1,debt_consolidation,13%, 336 , 10.8 ,17.26,707," 5,580 "," 12,013 ",42.5,3,1,0,0
1,credit_card,14%, 164 , 10.8 ,2.45,672," 1,860 "," 8,757 ",67.9,0,0,0,0
1,small_business,8%, 188 , 10.1 ,12.62,762," 5,194 "," 8,440 ",17.1,3,0,0,0
1,credit_card,8%, 188 , 10.7 ,16.96,757," 4,440 "," 3,628 ",9.3,0,0,0,0
1,debt_consolidation,12%, 216 , 10.0 ,8.57,722," 3,210 "," 9,317 ",53.6,1,0,0,1
1,home_improvement,13%, 152 , 9.4 ,11.5,742," 4,531 "," 3,954 ",24,5,0,0,0
1,credit_card,9%, 319 , 10.8 ,20.07,752," 6,210 "," 8,903 ",77.4,0,0,0,0
1,all_other,8%, 187 , 11.4 ,1.29,777," 4,200 "," 5,921 ",10.5,0,0,0,0
1,debt_consolidation,14%, 438 , 11.4 ,20.33,702," 4,860 "," 32,785 ",91.8,3,0,0,0
1,all_other,8%, 172 , 10.3 ,0.8,802," 3,996 ", 527 ,1,0,0,0,0
1,debt_consolidation,12%, 133 , 10.3 ,5.81,757," 1,890 ", 65 ,0.9,0,0,0,0
1,credit_card,12%, 83 , 10.0 ,17.13,707," 3,090 "," 9,847 ",44.4,1,1,0,0
1,credit_card,12%, 497 , 12.0 ,5.2,752," 3,030 "," 6,077 ",7.8,1,0,0,0
1,credit_card,15%, 500 , 10.7 ,7,677," 4,530 "," 7,854 ",81,0,0,0,0
1,all_other,13%, 170 , 10.9 ,8.66,707," 1,530 "," 5,337 ",56.2,0,0,0,0
1,all_other,12%, 182 , 10.6 ,19.54,722," 8,190 ", 919 ,6.1,0,0,0,0
1,debt_consolidation,14%, 212 , 10.2 ,12.97,677," 3,330 "," 1,365 ",40.1,1,1,0,0
1,debt_consolidation,15%, 518 , 11.4 ,23.49,682," 4,500 "," 28,766 ",0.1,1,0,0,0
1,major_purchase,10%, 321 , 11.2 ,4.08,762," 2,700 ", 110 ,11,0,0,0,0
1,debt_consolidation,14%, 516 , 11.4 ,15.81,692," 7,020 "," 25,892 ",89,1,0,1,0
1,all_other,12%, 100 , 10.2 ,8.25,767," 1,860 ", 72 ,2.8,1,0,0,0
1,debt_consolidation,16%, 177 , 11.3 ,7.52,662," 1,169 "," 25,505 ",60.7,2,0,0,0
1,all_other,12%, 166 , 10.6 ,7.14,737," 10,110 "," 8,773 ",57.2,0,1,0,0
1,educational,10%, 108 , 11.3 ,7.3,717," 3,420 "," 14,578 ",56.1,0,0,0,0
1,credit_card,12%, 205 , 10.3 ,22.2,707," 2,378 "," 15,509 ",53.5,1,0,0,0
1,all_other,12%, 398 , 10.6 ,21.36,732," 4,920 "," 22,026 ",65.9,1,0,0,0
1,educational,18%, 108 , 11.9 ,19.97,672," 10,470 "," 29,748 ",51.3,0,1,0,0
1,debt_consolidation,17%, 532 , 11.0 ,11.15,667," 4,410 "," 13,672 ",93.8,1,0,0,1
1,debt_consolidation,13%, 395 , 11.0 ,13.28,692," 3,210 "," 22,195 ",45.7,1,0,0,0
1,all_other,13%, 509 , 11.8 ,6.76,707," 11,550 ", -   ,0,3,1,0,0
1,small_business,12%, 250 , 11.0 ,1.41,777," 5,464 "," 3,444 ",23.8,3,0,0,0
1,all_other,13%, 118 , 10.8 ,19.6,687," 2,610 "," 13,632 ",50.7,1,0,0,0
1,debt_consolidation,15%, 260 , 10.4 ,17.51,692," 3,452 "," 15,708 ",95.8,2,0,0,0
1,debt_consolidation,14%, 382 , 11.2 ,18.82,692," 7,560 "," 18,384 ",43.5,1,1,0,0
1,debt_consolidation,15%, 382 , 11.1 ,15.47,677," 5,250 "," 27,780 ",74.7,1,0,0,0
1,home_improvement,12%, 332 , 11.1 ,18.83,727," 4,110 "," 24,185 ",44.9,2,0,0,1
1,debt_consolidation,16%, 459 , 10.8 ,17.23,667," 1,470 "," 6,570 ",39.3,1,0,0,0
1,debt_consolidation,14%, 409 , 11.1 ,24.7,687," 4,080 "," 11,972 ",72.1,0,0,0,0
1,debt_consolidation,15%, 345 , 11.2 ,7.59,687," 4,740 "," 4,073 ",81.5,2,0,0,0
1,debt_consolidation,15%, 520 , 11.3 ,11.71,692," 3,660 "," 18,126 ",96.9,0,0,0,0
1,home_improvement,13%, 502 , 11.9 ,3.03,732," 6,000 "," 2,732 ",4.9,0,1,0,0
1,major_purchase,13%, 269 , 12.0 ,8.21,707," 6,210 "," 23,021 ",78.3,3,0,0,0
1,debt_consolidation,13%, 441 , 10.9 ,12.44,707," 2,700 "," 8,898 ",75.4,0,0,0,1
1,debt_consolidation,13%, 217 , 10.8 ,20.32,687," 3,420 "," 9,216 ",38.9,1,1,0,0
1,debt_consolidation,10%, 231 , 10.7 ,6.8,722," 2,640 "," 9,500 ",31.1,1,0,0,0
1,credit_card,16%, 472 , 10.6 ,18.08,677," 3,431 "," 18,688 ",92.1,1,0,1,0
1,debt_consolidation,12%, 216 , 10.6 ,23.88,717," 2,250 "," 6,901 ",21.2,1,0,0,0
1,home_improvement,12%, 166 , 10.9 ,2.23,747," 2,280 "," 3,200 ",43.2,4,0,0,0
1,all_other,10%, 481 , 11.0 ,16.97,797," 13,470 "," 3,658 ",5.4,0,0,0,0
1,credit_card,8%, 282 , 11.8 ,17.15,782," 7,050 "," 7,181 ",30.3,0,0,0,0
1,debt_consolidation,12%, 100 , 10.1 ,19.06,707," 8,730 "," 1,952 ",26,0,0,0,1
1,all_other,8%, 313 , 10.9 ,9.6,802," 5,550 "," 2,893 ",5.3,0,0,0,1
1,all_other,15%, 139 , 10.1 ,22.48,662," 6,870 "," 4,624 ",67,0,1,0,0
1,credit_card,10%, 231 , 10.6 ,20.07,747," 10,470 "," 12,776 ",68.3,0,0,0,0
1,credit_card,13%, 284 , 10.6 ,4.47,717," 4,806 "," 7,174 ",56.6,3,0,1,0
1,credit_card,12%, 259 , 10.8 ,9.63,742," 4,953 "," 3,501 ",23.5,1,0,0,1
1,debt_consolidation,15%, 295 , 10.5 ,18.57,667," 1,830 "," 8,297 ",72.1,0,0,0,1
1,all_other,16%, 176 , 10.8 ,3.73,672," 1,530 "," 3,218 ",42.9,3,0,0,0
1,all_other,13%, 68 , 10.2 ,14.54,717," 2,820 ", -   ,0,2,0,0,0
1,credit_card,13%, 339 , 11.1 ,8.51,697," 4,530 "," 15,351 ",77.9,1,0,0,0
1,all_other,12%, 666 , 11.2 ,15.69,802," 5,400 ", 114 ,0.3,0,0,0,0
1,debt_consolidation,15%, 295 , 9.9 ,12,667," 2,490 "," 6,574 ",79.2,1,0,0,0
1,credit_card,15%, 312 , 10.9 ,23.8,682," 3,360 "," 35,379 ",89.4,0,0,0,1
1,educational,13%, 187 , 10.4 ,15.64,682," 3,300 "," 13,403 ",83.8,1,0,0,0
1,debt_consolidation,15%, 523 , 11.7 ,12.72,687," 3,210 "," 23,997 ",36.9,1,1,0,0
1,home_improvement,9%, 304 , 11.6 ,13.93,762," 5,132 "," 10,828 ",14,2,0,0,0
1,debt_consolidation,12%, 400 , 11.0 ,20.59,732," 1,860 "," 2,941 ",56.6,1,0,0,0
1,debt_consolidation,9%, 32 , 11.1 ,21.19,727," 5,550 "," 22,930 ",51.2,2,0,0,0
1,credit_card,14%, 481 , 10.9 ,17,687," 1,830 "," 6,309 ",70.1,0,0,0,1
1,credit_card,13%, 177 , 10.8 ,18.62,702," 7,530 "," 8,063 ",64.2,2,0,1,0
1,debt_consolidation,10%, 71 , 9.2 ,18.62,717," 5,190 "," 5,209 ",46.9,0,0,1,0
1,home_improvement,8%, 187 , 11.0 ,11.58,787," 3,810 "," 1,157 ",5.2,0,0,0,0
1,home_improvement,8%, 187 , 11.6 ,14.12,777," 7,860 "," 13,430 ",30.9,2,0,0,0
1,all_other,12%, 383 , 11.2 ,1.05,737," 3,660 ", 19 ,0.2,0,1,0,0
1,debt_consolidation,13%, 588 , 10.8 ,14.21,717," 3,450 "," 19,621 ",80.7,0,0,0,0
1,debt_consolidation,14%, 172 , 10.3 ,11.16,672," 4,170 "," 9,493 ",56.8,1,0,0,0
1,debt_consolidation,17%, 713 , 11.7 ,15.74,677," 5,190 "," 13,273 ",89.7,0,1,0,0
1,debt_consolidation,12%, 370 , 10.4 ,23.71,717," 3,090 "," 14,339 ",58.1,0,0,0,0
1,educational,16%, 225 , 10.3 ,5.76,667," 1,290 ", 395 ,1.7,2,1,0,0
1,all_other,10%, 481 , 11.7 ,4.24,797," 4,560 "," 5,491 ",10.6,0,0,0,0
1,credit_card,10%, 231 , 11.2 ,11.14,722," 3,510 "," 9,222 ",48,1,1,0,0
1,all_other,9%, 112 , 10.9 ,15.42,727," 2,340 "," 2,880 ",27.4,0,0,0,0
1,debt_consolidation,18%, 431 , 11.1 ,8.62,667," 6,690 "," 21,233 ",57.1,3,0,0,0
1,debt_consolidation,14%, 342 , 11.0 ,18.92,697," 2,310 "," 16,843 ",90.1,1,0,0,0
1,debt_consolidation,13%, 504 , 10.7 ,6.59,717," 2,040 "," 12,644 ",30.8,3,0,0,0
1,debt_consolidation,12%, 333 , 10.8 ,3,717," 3,433 "," 6,063 ",19.6,0,0,0,0
1,credit_card,16%, 565 , 11.0 ,21.46,667," 7,200 "," 20,702 ",82.5,2,1,0,1
1,debt_consolidation,15%, 190 , 10.3 ,16.04,677," 1,590 "," 2,640 ",80,0,0,0,0
1,debt_consolidation,10%, 151 , 11.4 ,18.54,732," 3,990 "," 23,096 ",55.3,1,0,0,0
1,small_business,13%, 252 , 10.9 ,8.92,732," 2,581 "," 4,590 ",17.7,1,0,0,0
1,debt_consolidation,17%, 532 , 11.3 ,20.15,692," 3,900 "," 36,123 ",98.4,3,0,0,0
1,debt_consolidation,14%, 341 , 10.4 ,20.29,692," 6,570 "," 16,354 ",63.6,0,0,0,0
1,all_other,12%, 400 , 10.7 ,14.27,747," 7,740 "," 7,224 ",73.7,0,0,0,0
1,all_other,10%, 193 , 10.9 ,16.78,722," 2,700 "," 13,066 ",24.9,1,0,0,0
1,major_purchase,15%, 375 , 9.9 ,5.02,687," 1,205 "," 1,889 ",43.9,2,0,0,0
1,debt_consolidation,13%, 167 , 11.2 ,23.29,712," 4,530 "," 40,752 ",89.5,0,0,0,0
1,debt_consolidation,13%, 675 , 11.7 ,9.52,717," 8,253 "," 22,424 ",34.4,0,0,0,0
1,debt_consolidation,14%, 275 , 10.5 ,24.63,677," 5,880 "," 8,928 ",62.2,2,0,0,0
1,all_other,7%, 61 , 10.5 ,14.49,777," 4,950 "," 1,595 ",5.1,0,0,0,0
1,credit_card,9%, 192 , 11.0 ,3.41,737," 6,870 "," 7,711 ",58.4,3,0,0,0
1,credit_card,8%, 156 , 11.6 ,1.07,787," 3,150 "," 4,333 ",17.1,0,0,0,0
1,educational,14%, 170 , 11.4 ,0.42,737," 1,140 ", 890 ,6.4,1,0,0,0
1,major_purchase,8%, 282 , 10.9 ,8.4,792," 3,870 "," 2,475 ",12.3,1,0,0,0
1,small_business,13%, 672 , 11.2 ,16.87,747," 5,001 "," 4,304 ",4.1,4,0,0,0
1,educational,13%, 50 , 11.4 ,17.32,692," 7,320 "," 27,248 ",79.4,1,0,0,0
1,all_other,13%, 80 , 10.0 ,23.73,707," 1,620 "," 3,228 ",38.4,3,0,0,0
1,all_other,12%, 232 , 10.9 ,17.95,712," 4,920 "," 14,968 ",28.1,1,0,0,0
1,all_other,13%, 170 , 11.1 ,18.92,687," 5,550 ", -   ,0,1,3,0,0
1,home_improvement,13%, 309 , 11.0 ,7.61,702," 8,071 "," 22,493 ",30.9,1,0,0,0
1,educational,14%, 182 , 10.8 ,15.24,672," 2,760 "," 2,401 ",57.2,0,0,0,0
1,credit_card,12%, 200 , 10.0 ,11.77,712," 15,150 "," 8,680 ",24.6,0,0,1,0
1,debt_consolidation,13%, 236 , 11.4 ,5.83,697," 7,140 "," 8,091 ",36.4,0,0,0,0
1,home_improvement,10%, 193 , 11.3 ,9.92,767," 3,600 "," 1,431 ",4.4,4,0,0,0
1,credit_card,10%, 193 , 11.3 ,7.29,727," 2,672 "," 11,646 ",33.8,3,0,0,0
1,small_business,18%, 182 , 9.9 ,10.32,697," 1,545 "," 3,688 ",97.1,1,0,0,0
1,debt_consolidation,13%, 336 , 10.2 ,10.89,712," 2,370 "," 9,020 ",56.7,1,0,0,0
1,credit_card,10%, 247 , 11.3 ,24.5,737," 9,360 "," 13,734 ",75.5,1,0,0,0
1,debt_consolidation,14%, 196 , 10.9 ,18.58,687," 5,562 "," 6,180 ",92.2,0,0,0,0
1,credit_card,13%, 570 , 11.2 ,13.63,712," 6,510 "," 15,646 ",81.9,1,1,0,0
1,debt_consolidation,13%, 336 , 10.6 ,19.44,727," 4,470 "," 17,944 ",57.5,0,0,0,0
1,debt_consolidation,14%, 136 , 10.6 ,13.68,682," 2,340 "," 4,764 ",79.4,2,1,0,0
1,credit_card,16%, 270 , 10.5 ,16.37,667," 1,470 "," 16,083 ",71.8,0,0,0,0
1,debt_consolidation,15%, 250 , 11.2 ,8,677," 4,440 "," 17,321 ",87.6,0,1,0,0
1,home_improvement,9%, 224 , 11.9 ,7.5,762," 2,340 "," 79,333 ",4.5,0,0,0,0
1,all_other,14%, 685 , 11.0 ,22.24,702," 4,410 "," 9,520 ",76.2,0,0,0,0
1,debt_consolidation,14%, 245 , 10.6 ,18.57,682," 2,370 "," 9,625 ",56,2,0,0,0
1,credit_card,10%, 385 , 10.7 ,22.02,752," 2,807 "," 22,486 ",26.6,0,0,0,1
1,major_purchase,10%, 257 , 11.7 ,10.53,742," 12,540 "," 9,348 ",49.5,2,0,0,0
1,all_other,9%, 160 , 10.4 ,1.13,752," 3,780 ", 833 ,8.2,2,0,0,0
1,all_other,9%, 160 , 11.0 ,10.46,777," 3,100 ", 152 ,0.6,1,0,0,0
1,debt_consolidation,15%, 86 , 11.2 ,19.87,672," 4,800 "," 5,517 ",34.1,2,0,0,1
1,debt_consolidation,10%, 462 , 11.1 ,16.78,762," 4,560 "," 11,160 ",14.9,1,0,0,0
1,all_other,16%, 177 , 11.9 ,4.35,667," 8,190 ", 157 ,52.3,1,1,1,0
1,small_business,15%, 871 , 11.4 ,22.59,702," 4,980 "," 30,523 ",77.7,1,0,0,0
1,debt_consolidation,16%, 280 , 10.9 ,22.18,667," 11,130 "," 43,110 ",93.3,1,0,0,0
1,credit_card,14%, 239 , 10.1 ,18,672," 3,780 "," 9,394 ",44.6,3,0,0,1
1,all_other,13%, 675 , 11.2 ,16.56,712," 3,245 "," 21,118 ",65.2,0,0,0,1
1,credit_card,13%, 167 , 11.1 ,16.55,722," 8,280 "," 24,345 ",93.6,0,0,0,0
1,debt_consolidation,13%, 417 , 10.4 ,22.08,697," 5,220 "," 10,543 ",29.1,0,0,0,0
1,small_business,14%, 62 , 10.7 ,15.68,677," 6,990 "," 17,826 ",92.8,2,0,0,0
1,all_other,13%, 405 , 11.3 ,17.96,702," 3,240 ", 754 ,9.5,1,2,0,0
1,credit_card,14%, 545 , 11.3 ,10.95,702," 3,420 "," 13,742 ",64.5,0,0,0,1
1,credit_card,8%, 31 , 11.4 ,2.82,767," 6,300 "," 7,603 ",20.7,0,0,0,0
1,debt_consolidation,15%, 380 , 10.9 ,10.87,677," 2,790 "," 11,419 ",84.6,1,1,0,0
1,all_other,13%, 100 , 10.3 ,17.8,697," 3,450 "," 1,568 ",44.8,1,0,0,0
1,debt_consolidation,12%, 107 , 9.9 ,5.04,722," 5,280 "," 3,246 ",22.2,1,0,1,0
1,all_other,13%, 669 , 10.9 ,10.56,747," 6,330 "," 25,121 ",88.4,1,0,0,0
1,all_other,7%, 56 , 10.3 ,7.25,772," 7,381 "," 6,469 ",14.9,1,0,0,0
1,debt_consolidation,15%, 691 , 11.2 ,10.43,687," 3,180 "," 13,693 ",68.8,0,0,0,0
1,all_other,14%, 138 , 9.7 ,8.26,697," 1,181 "," 3,090 ",55.2,0,0,0,0
1,debt_consolidation,17%, 428 , 11.4 ,16.53,667," 1,322 "," 15,534 ",87.3,3,0,0,0
1,home_improvement,12%, 333 , 11.1 ,11.77,742," 5,130 ", 220 ,4,1,0,0,0
1,debt_consolidation,14%, 341 , 11.2 ,24.91,692," 8,850 "," 6,344 ",32.4,0,1,0,0
1,all_other,9%, 192 , 11.1 ,9.73,762," 5,858 ", 717 ,2.7,1,0,0,0
1,debt_consolidation,15%, 694 , 11.3 ,16.54,697," 6,270 "," 12,147 ",91.3,0,0,0,1
1,debt_consolidation,18%, 290 , 10.6 ,10.76,672," 1,980 "," 9,961 ",99.6,0,0,0,0
1,debt_consolidation,14%, 481 , 11.2 ,21.21,692," 5,730 "," 40,125 ",92,1,0,0,0
1,home_improvement,19%, 262 , 11.3 ,4.41,672," 6,120 "," 12,513 ",99.3,0,0,0,0
1,debt_consolidation,13%, 402 , 10.9 ,20.15,737," 5,940 "," 18,154 ",54.4,0,0,0,0
1,small_business,13%, 269 , 11.3 ,4.97,787," 3,930 ", 11 ,1,3,0,0,0
1,debt_consolidation,12%, 400 , 11.0 ,17.7,762," 4,831 "," 12,416 ",21.9,3,0,0,0
1,debt_consolidation,13%, 201 , 10.4 ,24.71,702," 3,930 "," 8,375 ",58.2,1,0,0,0
1,home_improvement,14%, 102 , 11.4 ,17.63,682," 4,710 "," 6,345 ",90.6,0,0,1,0
1,debt_consolidation,12%, 466 , 11.8 ,0.32,747," 1,620 "," 3,926 ",11.5,0,0,0,0
1,debt_consolidation,14%, 516 , 10.7 ,11.48,712," 2,970 "," 16,727 ",53.1,2,0,0,0
1,debt_consolidation,14%, 409 , 10.5 ,13.46,702," 3,210 "," 4,800 ",94.1,1,0,0,1
1,all_other,14%, 375 , 11.2 ,14.8,687," 3,210 "," 10,619 ",47.8,0,1,0,0
1,debt_consolidation,16%, 141 , 10.6 ,9.72,667," 2,370 "," 10,490 ",96.2,1,0,0,0
1,small_business,12%, 400 , 10.8 ,19.38,727," 4,110 "," 9,554 ",34.2,1,1,0,0
1,debt_consolidation,13%, 271 , 10.7 ,21.68,687," 2,730 "," 12,000 ",82.2,0,0,0,0
1,credit_card,8%, 219 , 11.1 ,8.22,752," 8,580 "," 2,932 ",17.2,0,0,0,0
1,debt_consolidation,13%, 590 , 11.6 ,13.38,707," 5,580 "," 35,598 ",57.9,0,0,0,0
1,home_improvement,8%, 168 , 10.4 ,10.53,797," 5,640 "," 5,133 ",7.3,0,0,0,0
1,major_purchase,15%, 174 , 10.5 ,11.67,672," 2,070 "," 8,105 ",87.2,1,0,0,0
1,small_business,9%, 279 , 10.9 ,16.59,757," 5,520 "," 43,232 ",41.1,0,0,0,1
1,small_business,14%, 856 , 12.5 ,7.82,712," 8,760 "," 11,697 ",33.2,0,0,0,0
1,debt_consolidation,14%, 41 , 9.2 ,8.28,677," 1,920 ", 802 ,6.3,1,1,0,1
1,credit_card,11%, 198 , 10.9 ,11.16,712," 2,368 "," 18,513 ",60.1,2,0,0,1
1,all_other,10%, 385 , 11.0 ,4.32,752," 6,840 "," 3,428 ",6.1,0,0,0,0
1,credit_card,10%, 169 , 11.1 ,20.16,727," 3,398 "," 25,147 ",60.3,1,0,0,0
1,credit_card,10%, 117 , 11.6 ,15.75,717," 2,760 "," 35,544 ",67.6,2,0,0,0
1,all_other,13%, 101 , 10.6 ,17.86,687," 2,910 "," 8,817 ",60,1,0,0,0
1,debt_consolidation,13%, 538 , 11.5 ,19.26,717," 4,140 "," 26,711 ",41.7,2,0,0,0
1,all_other,14%, 767 , 11.4 ,7.78,697," 4,830 "," 18,067 ",60.6,0,0,0,1
1,debt_consolidation,14%, 409 , 10.9 ,20.4,702," 5,550 "," 7,085 ",41.7,1,0,0,0
1,small_business,9%, 222 , 10.3 ,23.24,737," 5,220 "," 16,775 ",47.4,0,0,0,0
1,debt_consolidation,16%, 527 , 10.8 ,6.19,667," 3,720 "," 11,819 ",75.8,0,0,0,0
1,debt_consolidation,9%, 160 , 10.7 ,20.35,737," 1,950 "," 4,717 ",51.3,0,0,0,0
1,small_business,13%, 168 , 11.0 ,13,697," 3,840 "," 5,878 ",52,0,0,0,1
1,debt_consolidation,17%, 638 , 11.0 ,22.98,672," 2,310 "," 18,182 ",72.7,0,0,0,0
1,major_purchase,14%, 172 , 10.1 ,13.5,692," 2,640 "," 2,109 ",42.2,1,0,0,0
1,all_other,12%, 117 , 10.9 ,15.07,707," 5,580 "," 12,324 ",25.5,2,0,0,1
1,all_other,10%, 96 , 11.3 ,18.88,717," 1,950 "," 5,033 ",17.1,1,0,0,0
1,all_other,9%, 32 , 10.5 ,20.37,742," 3,690 "," 8,990 ",58,0,0,0,1
1,debt_consolidation,13%, 405 , 11.0 ,14.07,702," 5,850 "," 14,057 ",37.8,0,0,0,0
1,home_improvement,14%, 103 , 11.2 ,21.01,672," 6,120 "," 10,025 ",57.8,1,1,0,0
1,credit_card,12%, 267 , 9.9 ,0,772," 4,144 "," 7,405 ",18.5,0,0,0,0
1,all_other,12%, 531 , 11.2 ,3.06,752," 3,750 "," 4,498 ",5.3,0,0,0,1
1,home_improvement,15%, 694 , 11.1 ,9.76,692," 4,260 ", -   ,0,1,0,0,0
1,debt_consolidation,8%, 111 , 9.9 ,8.83,767," 8,280 "," 4,120 ",5.7,1,0,0,0
1,small_business,13%, 504 , 11.2 ,0.26,762," 4,380 ", 186 ,0.7,2,0,0,0
1,debt_consolidation,10%, 289 , 11.1 ,22.45,737," 6,930 "," 32,820 ",73.4,0,0,0,0
1,debt_consolidation,14%, 516 , 11.2 ,12.25,697," 5,310 "," 35,761 ",92.2,2,0,0,0
1,all_other,13%, 134 , 9.8 ,9.73,712," 1,650 ", 13 ,1.3,1,0,0,0
1,debt_consolidation,9%, 358 , 11.1 ,5.8,747," 4,560 "," 19,926 ",55.5,0,0,0,0
1,small_business,12%, 100 , 10.3 ,18.28,712," 7,020 "," 14,577 ",34.7,0,0,0,0
1,debt_consolidation,15%, 278 , 10.2 ,6.26,677," 1,830 "," 7,974 ",91.7,0,1,0,0
1,debt_consolidation,14%, 341 , 11.1 ,18.2,687," 2,400 "," 13,875 ",37.2,0,0,0,0
1,debt_consolidation,15%, 261 , 10.5 ,24.61,677," 1,393 "," 1,685 ",38.3,1,0,0,0
1,major_purchase,13%, 303 , 11.3 ,18.83,702," 3,090 "," 1,575 ",23.2,2,0,0,0
1,educational,10%, 209 , 10.4 ,3.75,742," 3,450 ", 883 ,13.8,1,0,0,0
1,all_other,12%, 533 , 11.3 ,17.8,737," 4,980 "," 24,177 ",20.2,1,0,0,0
1,debt_consolidation,13%, 174 , 10.8 ,9.17,702," 3,780 "," 5,229 ",15.2,0,0,0,0
1,major_purchase,14%, 170 , 10.8 ,24.07,687," 3,030 "," 4,305 ",56.6,3,1,0,1
1,all_other,7%, 70 , 11.4 ,6.83,777," 4,890 "," 103,088 ",29.8,1,0,0,0
1,home_improvement,13%, 254 , 11.1 ,6.76,687," 4,680 "," 9,463 ",83.7,1,0,0,0
1,all_other,17%, 638 , 10.8 ,10.91,667," 2,040 "," 6,241 ",21,3,0,0,1
1,credit_card,15%, 199 , 9.7 ,12.6,682," 1,263 "," 5,560 ",32.9,1,0,0,0
1,all_other,13%, 50 , 11.0 ,17.65,687," 2,490 "," 13,140 ",55.9,0,0,0,0
1,major_purchase,14%, 206 , 11.0 ,14.75,672," 2,371 "," 9,184 ",58.5,3,0,0,0
1,debt_consolidation,14%, 411 , 11.4 ,13.73,682," 5,010 "," 9,101 ",42.9,3,0,0,0
1,debt_consolidation,16%, 420 , 11.3 ,14.21,672," 4,470 "," 8,664 ",93.2,1,0,0,0
1,all_other,13%, 47 , 11.1 ,14.29,697," 3,945 "," 13,999 ",58.1,2,0,0,0
1,credit_card,13%, 303 , 11.0 ,19.22,682," 4,180 "," 14,309 ",57,1,0,0,0
1,debt_consolidation,13%, 507 , 10.6 ,13.14,712," 1,950 "," 2,897 ",33.3,1,0,0,0
1,debt_consolidation,9%, 96 , 11.1 ,6.9,727," 3,180 "," 20,863 ",52.8,0,0,0,0
1,debt_consolidation,16%, 700 , 10.8 ,15.1,677," 2,985 "," 24,738 ",50,2,0,0,0
1,home_improvement,14%, 342 , 11.2 ,24.7,677," 2,078 "," 45,383 ",79.6,0,0,0,0
1,debt_consolidation,13%, 535 , 10.7 ,21.7,727," 13,380 "," 15,354 ",35.5,2,0,0,0
1,all_other,9%, 192 , 10.8 ,4.08,742," 3,600 "," 4,014 ",25.9,0,0,0,0
1,debt_consolidation,13%, 227 , 11.2 ,14.21,687," 5,760 "," 53,683 ",74.4,0,0,0,0
1,debt_consolidation,13%, 101 , 11.5 ,18.58,692," 7,320 "," 71,161 ",60,1,0,0,0
1,small_business,13%, 312 , 11.4 ,18.58,712," 8,970 "," 67,614 ",49.2,0,0,0,1
1,debt_consolidation,13%, 672 , 10.7 ,19.12,767," 5,790 "," 14,729 ",48.9,5,0,0,1
1,all_other,8%, 47 , 10.1 ,14.73,767," 3,454 "," 2,130 ",12.3,4,0,0,1
1,debt_consolidation,13%, 203 , 10.5 ,23.77,692," 4,440 "," 6,581 ",39.6,1,0,0,1
1,debt_consolidation,13%, 270 , 10.4 ,11.44,697," 2,040 "," 6,389 ",58.1,2,0,0,0
1,all_other,13%, 115 , 10.4 ,9.67,717," 1,260 "," 3,967 ",48.9,0,0,0,0
1,debt_consolidation,16%, 371 , 10.7 ,9.97,662," 1,680 "," 10,039 ",53.7,1,0,0,0
1,all_other,13%, 237 , 11.4 ,4.73,692," 8,820 "," 40,479 ",8.4,3,0,0,0
1,debt_consolidation,14%, 245 , 10.4 ,22.13,682," 2,310 "," 7,458 ",64.3,0,0,0,0
1,debt_consolidation,8%, 100 , 11.2 ,5.79,737," 4,800 "," 4,000 ",11,0,0,1,0
1,debt_consolidation,14%, 342 , 10.7 ,7.95,682," 2,340 "," 11,816 ",47.6,0,0,0,0
1,all_other,15%, 69 , 10.8 ,22.99,667," 3,930 "," 6,712 ",64.5,2,0,0,0
1,credit_card,10%, 385 , 12.2 ,9.14,747," 3,960 "," 25,814 ",29.1,0,0,0,0
1,debt_consolidation,13%, 270 , 10.8 ,19.51,737," 4,514 "," 7,936 ",50.9,0,0,0,0
1,all_other,8%, 188 , 11.0 ,1.06,767," 4,757 "," 7,161 ",16.4,0,0,0,0
1,educational,15%, 90 , 10.3 ,5.3,662," 2,737 "," 4,620 ",64.2,1,0,0,0
1,small_business,10%, 319 , 10.8 ,24.52,742," 3,030 "," 39,689 ",69.5,1,0,0,0
1,small_business,15%, 207 , 10.5 ,14,677," 2,730 "," 20,616 ",94.1,2,0,0,1
1,all_other,13%, 339 , 10.9 ,5.59,692," 3,750 "," 2,432 ",24.1,1,2,0,0
1,all_other,8%, 201 , 10.8 ,11.4,792," 3,960 ", 339 ,1.1,0,0,0,0
1,small_business,15%, 173 , 10.8 ,6.79,692," 1,260 "," 6,165 ",79,1,0,0,0
1,credit_card,13%, 473 , 11.4 ,19.24,717," 14,760 "," 40,761 ",65.6,0,0,0,0
1,debt_consolidation,10%, 585 , 10.5 ,22.76,782," 5,430 "," 4,407 ",9.2,0,0,0,0
1,major_purchase,9%, 128 , 10.9 ,0.59,742," 3,750 ", 630 ,7.9,1,0,0,0
1,all_other,12%, 160 , 11.1 ,16.72,712," 7,320 "," 9,878 ",56.4,3,1,0,0
1,debt_consolidation,14%, 303 , 10.7 ,5.94,707," 4,380 "," 8,134 ",80.2,0,0,0,0
1,debt_consolidation,15%, 242 , 10.5 ,17.28,672," 3,519 "," 6,547 ",56.9,0,0,0,0
1,major_purchase,12%, 332 , 11.4 ,11.86,732," 6,481 "," 35,166 ",67.2,0,0,0,0
1,small_business,13%, 678 , 12.0 ,5.02,762," 7,080 "," 5,253 ",5.9,6,0,0,0
1,all_other,9%, 224 , 11.2 ,18.5,742," 6,570 "," 41,059 ",51,0,0,0,0
1,credit_card,12%, 222 , 11.2 ,12.74,712," 4,164 "," 71,116 ",72.1,3,0,0,0
1,all_other,12%, 232 , 11.6 ,7.04,792," 8,640 "," 2,759 ",11,5,0,0,0
1,debt_consolidation,9%, 70 , 9.7 ,24.63,732," 3,810 "," 5,101 ",30.4,1,0,0,1
1,debt_consolidation,13%, 202 , 10.7 ,11.95,692," 3,420 "," 3,517 ",40.4,0,0,0,0
1,all_other,9%, 268 , 12.2 ,1.05,777," 3,930 "," 2,009 ",9.1,0,0,0,0
1,debt_consolidation,14%, 550 , 11.2 ,20.54,687," 2,190 "," 16,124 ",70.1,1,0,0,0
1,small_business,10%, 449 , 11.8 ,14.59,787," 5,460 ", 152 ,1,1,0,0,0
1,small_business,8%, 204 , 10.8 ,3.24,822," 7,260 "," 35,624 ",2.5,0,0,0,0
1,small_business,14%, 341 , 10.8 ,16.58,712," 3,060 ", 757 ,22.9,1,0,0,0
1,debt_consolidation,15%, 691 , 11.6 ,15.27,702," 2,640 "," 52,285 ",93.4,1,0,0,0
1,debt_consolidation,14%, 469 , 10.4 ,20.36,702," 1,800 "," 19,812 ",66.7,0,0,0,0
1,small_business,13%, 169 , 11.9 ,10.98,692," 2,190 "," 75,454 ",72.4,1,0,0,0
1,debt_consolidation,15%, 207 , 11.5 ,4.96,672," 3,930 "," 3,402 ",47.9,2,0,0,0
1,all_other,14%, 619 , 11.2 ,7.89,722," 3,270 "," 18,505 ",95.9,1,0,0,0
1,debt_consolidation,13%, 639 , 11.1 ,16.25,722," 4,050 "," 15,923 ",56.3,0,0,0,0
1,major_purchase,8%, 125 , 10.4 ,5.7,772," 7,650 "," 7,549 ",14.2,2,0,0,0
1,all_other,13%, 402 , 10.6 ,13.75,717," 2,370 "," 8,123 ",57.2,1,0,0,0
1,all_other,17%, 644 , 11.5 ,14.42,662," 7,170 "," 3,781 ",16.3,3,0,0,0
1,all_other,15%, 156 , 10.4 ,11.78,662," 3,213 "," 6,063 ",49.3,1,1,0,0
1,small_business,13%, 270 , 10.9 ,20.07,717," 4,456 "," 34,260 ",77.5,0,0,0,0
1,debt_consolidation,14%, 409 , 10.8 ,11.7,687," 4,140 "," 17,386 ",84.4,2,0,0,0
1,debt_consolidation,13%, 678 , 12.1 ,7.28,732," 7,218 "," 50,381 ",68.5,1,0,0,1
1,all_other,12%, 200 , 10.5 ,15.22,717," 4,710 "," 6,881 ",27.3,0,1,0,0
1,debt_consolidation,14%, 516 , 11.4 ,8.21,687," 8,490 "," 5,226 ",48.8,2,0,0,0
1,all_other,7%, 78 , 11.6 ,0.39,772," 7,260 "," 2,498 ",10.6,0,0,0,0
1,debt_consolidation,16%, 565 , 11.1 ,10.39,667," 7,590 "," 12,736 ",70.4,2,2,0,0
1,debt_consolidation,7%, 155 , 11.4 ,7.92,822," 11,261 "," 1,874 ",5.5,0,0,0,0
1,debt_consolidation,14%, 308 , 10.9 ,24.92,687," 3,240 "," 28,336 ",86.9,0,0,0,0
1,debt_consolidation,13%, 269 , 10.6 ,14.2,717," 1,620 "," 8,687 ",54.6,0,0,0,0
1,debt_consolidation,13%, 407 , 10.8 ,13.7,692," 2,400 "," 11,442 ",52,0,0,0,0
1,debt_consolidation,14%, 682 , 11.2 ,20.1,707," 2,430 "," 27,316 ",45.2,0,0,0,0
1,home_improvement,13%, 305 , 10.5 ,21.91,757," 3,420 ", 615 ,6.1,7,0,0,0
1,all_other,9%, 112 , 11.4 ,13.5,727," 5,011 "," 18,695 ",53.7,3,0,0,0
1,home_improvement,16%, 385 , 10.8 ,13.94,667," 1,770 "," 11,929 ",48.7,0,0,0,0
1,debt_consolidation,10%, 321 , 10.3 ,15.88,762," 3,630 "," 4,532 ",33.6,0,0,0,1
1,debt_consolidation,8%, 188 , 11.4 ,5.07,752," 8,163 "," 21,365 ",39.4,0,0,0,1
1,debt_consolidation,15%, 414 , 10.9 ,4.62,697," 5,220 "," 7,956 ",48.5,0,1,0,0
1,all_other,13%, 301 , 10.6 ,0.9,732," 15,421 ", 114 ,2.8,0,0,0,0
1,credit_card,8%, 172 , 11.2 ,10.32,782," 5,550 "," 7,537 ",17.9,0,0,0,0
1,debt_consolidation,15%, 174 , 10.5 ,22.92,662," 4,080 "," 7,566 ",47.3,1,1,0,0
1,debt_consolidation,10%, 321 , 11.0 ,9.44,747," 5,220 "," 23,186 ",61.5,1,0,0,1
1,small_business,13%, 204 , 10.6 ,4.62,677," 2,250 "," 7,110 ",58.3,0,0,1,0
1,debt_consolidation,17%, 429 , 11.2 ,2.71,667," 5,970 "," 3,505 ",33.4,2,0,0,0
1,debt_consolidation,15%, 52 , 10.6 ,20.35,677," 1,380 "," 7,616 ",44.8,0,0,0,0
1,home_improvement,8%, 31 , 11.1 ,9.21,742," 6,480 "," 4,434 ",16.9,0,0,0,0
1,small_business,14%, 273 , 11.0 ,10.54,682," 7,050 "," 12,927 ",33.1,0,0,0,0
1,major_purchase,8%, 112 , 10.3 ,10.54,752," 2,191 "," 1,859 ",11.4,0,0,0,0
1,all_other,13%, 184 , 10.2 ,22.72,702," 2,940 "," 3,972 ",37.8,1,0,0,0
1,debt_consolidation,16%, 848 , 11.3 ,14.93,682," 3,690 "," 30,564 ",78.6,2,0,0,0
1,debt_consolidation,13%, 509 , 10.9 ,14.06,702," 11,460 "," 7,701 ",30.3,1,3,0,0
1,credit_card,13%, 488 , 11.0 ,10.35,702," 1,830 "," 17,499 ",60,0,0,0,0
1,all_other,13%, 65 , 9.6 ,10.48,702," 2,322 ", 653 ,3.7,1,0,0,0
1,debt_consolidation,8%, 172 , 11.0 ,18.76,747," 3,300 "," 40,383 ",63,3,0,0,0
1,all_other,13%, 202 , 10.6 ,15.29,692," 5,220 "," 5,826 ",31.5,0,1,0,0
1,credit_card,15%, 520 , 10.6 ,15.43,687," 4,170 "," 21,980 ",51.5,2,0,0,0
1,all_other,11%, 298 , 11.3 ,0.15,692," 4,380 ", 517 ,8.9,0,1,0,0
1,debt_consolidation,14%, 342 , 11.1 ,6.86,682," 5,250 "," 9,583 ",77.3,1,0,0,0
1,all_other,11%, 262 , 10.6 ,22.98,692," 7,230 "," 25,336 ",48.5,1,0,0,1
1,debt_consolidation,15%, 332 , 10.9 ,20.88,682," 2,880 "," 19,226 ",93.1,2,0,0,0
1,small_business,15%, 49 , 10.5 ,5.07,712," 2,221 ", -   ,11.3,2,0,0,0
1,debt_consolidation,15%, 190 , 10.2 ,21.33,672," 3,450 "," 12,041 ",59.3,3,0,0,0
1,debt_consolidation,15%, 529 , 10.7 ,11.76,682," 1,470 "," 10,244 ",43.2,2,0,0,0
1,credit_card,13%, 295 , 11.2 ,20.43,707," 4,680 "," 19,450 ",92.6,3,0,0,0
1,home_improvement,14%, 222 , 11.2 ,11.59,767," 5,523 ", -   ,34.5,1,0,0,1
1,debt_consolidation,13%, 399 , 11.5 ,16.4,697," 4,350 "," 30,993 ",71.2,0,0,0,0
1,home_improvement,7%, 62 , 11.1 ,2.38,782," 3,750 "," 3,630 ",10.1,0,0,0,0
1,debt_consolidation,10%, 225 , 10.1 ,7.85,727," 5,400 "," 13,197 ",22,2,0,0,0
1,all_other,8%, 94 , 10.7 ,5.49,737," 2,490 "," 2,786 ",39.2,2,0,0,0
1,all_other,10%, 257 , 10.6 ,9.03,742," 2,970 "," 14,894 ",48.1,3,0,0,0
1,debt_consolidation,8%, 204 , 11.4 ,6.59,807," 8,190 ", 713 ,3.9,0,0,0,0
1,educational,12%, 40 , 10.3 ,4.54,702," 2,310 "," 2,317 ",27.3,0,0,0,0
1,debt_consolidation,10%, 321 , 11.5 ,2.47,742," 3,421 "," 11,616 ",21.8,0,0,0,0
1,all_other,9%, 192 , 10.7 ,1.33,762," 5,340 "," 2,420 ",26.9,1,0,0,0
1,home_improvement,13%, 232 , 11.5 ,11.62,687," 3,120 "," 10,867 ",51.1,0,0,0,0
1,home_improvement,13%, 182 , 10.3 ,1.72,702," 3,450 ", 586 ,3.6,3,0,0,0
1,credit_card,14%, 315 , 10.8 ,15.85,682," 2,520 "," 6,012 ",74.2,1,0,0,0
1,all_other,13%, 216 , 10.9 ,12.45,692," 3,750 "," 3,981 ",62.2,1,0,0,0
1,debt_consolidation,9%, 192 , 10.6 ,10.77,742," 2,730 "," 1,763 ",17.8,1,0,0,0
1,credit_card,14%, 273 , 11.2 ,12.78,682," 6,840 "," 9,287 ",61.9,1,0,0,0
1,debt_consolidation,12%, 533 , 11.4 ,10.74,737," 3,750 "," 39,622 ",47.3,1,0,0,0
1,small_business,10%, 356 , 10.1 ,17.71,742," 4,843 "," 6,872 ",25.7,0,0,0,0
1,small_business,13%, 310 , 9.5 ,0.92,727," 3,426 "," 3,498 ",47.9,1,0,0,1
1,all_other,16%, 633 , 11.2 ,8.66,677," 3,810 "," 12,584 ",81.1,2,0,0,0
1,debt_consolidation,14%, 341 , 10.6 ,21.66,692," 4,050 "," 11,998 ",48.2,0,0,0,0
1,all_other,16%, 123 , 10.5 ,23.45,662," 3,810 "," 5,369 ",89.5,0,0,0,0
1,debt_consolidation,11%, 167 , 9.9 ,19.68,712," 1,835 "," 7,058 ",45.5,0,0,0,1
1,credit_card,12%, 116 , 10.3 ,11.68,722," 6,870 "," 4,621 ",45.8,0,0,0,0
1,debt_consolidation,15%, 382 , 10.5 ,7.78,672," 3,031 "," 9,778 ",77.6,0,0,0,0
1,all_other,7%, 522 , 11.3 ,1.15,772," 3,001 ", 800 ,2.3,2,0,0,0
1,debt_consolidation,13%, 692 , 11.2 ,20.06,722," 3,660 "," 20,450 ",60,1,0,0,0
1,major_purchase,14%, 273 , 10.0 ,11.43,682," 3,150 "," 5,142 ",46.3,2,0,0,0
1,debt_consolidation,15%, 276 , 11.5 ,6.42,672," 3,780 "," 17,588 ",47.8,0,2,0,0
1,debt_consolidation,13%, 402 , 11.4 ,11.15,717," 4,838 "," 29,755 ",77.9,2,0,0,0
1,debt_consolidation,12%, 332 , 10.7 ,21.95,752," 3,600 "," 5,811 ",32.1,1,0,0,0
1,small_business,17%, 534 , 10.8 ,0.38,687," 5,640 "," 5,330 ",82,0,0,0,0
1,debt_consolidation,10%, 546 , 11.4 ,14.71,772," 5,220 "," 10,359 ",21.1,0,0,0,0
1,all_other,13%, 373 , 10.1 ,13.65,697," 1,830 "," 8,476 ",42.2,0,0,0,0
1,all_other,8%, 125 , 10.8 ,2.77,772," 3,150 ", 703 ,2.3,0,0,0,0
1,all_other,10%, 160 , 10.7 ,11.12,732," 2,400 "," 4,637 ",12.6,1,0,0,0
1,home_improvement,8%, 266 , 11.3 ,6.75,787," 6,300 "," 7,439 ",6.5,0,0,0,0
1,home_improvement,13%, 169 , 11.9 ,23.26,687," 5,280 "," 71,053 ",83.4,2,0,1,0
1,credit_card,13%, 312 , 10.9 ,21.9,702," 2,040 "," 9,190 ",86.7,0,0,0,0
1,all_other,7%, 264 , 10.3 ,19.83,732," 2,220 "," 9,321 ",27.2,2,0,0,0
1,all_other,8%, 31 , 11.4 ,9.77,752," 4,110 "," 21,003 ",45.5,2,0,0,0
1,home_improvement,16%, 422 , 10.5 ,0.33,662," 13,080 "," 12,683 ",34.8,0,1,1,0
1,credit_card,9%, 351 , 11.1 ,19.15,747," 3,750 "," 4,148 ",14.3,2,0,0,0
1,debt_consolidation,14%, 342 , 11.4 ,3.92,682," 2,850 "," 3,520 ",22.1,1,2,0,0
1,all_other,12%, 333 , 10.9 ,19.2,762," 5,910 "," 2,435 ",13.8,2,0,0,0
1,small_business,16%, 336 , 11.1 ,9.51,697," 4,563 "," 17,105 ",38.8,1,0,0,0
1,small_business,13%, 338 , 10.4 ,17.37,772," 1,140 ", 26 ,0.6,0,0,0,0
1,all_other,12%, 120 , 10.3 ,0.6,717," 4,470 ", 90 ,1.8,2,0,0,0
1,all_other,15%, 167 , 9.7 ,9.98,667," 1,530 "," 1,101 ",61.2,1,0,0,0
1,major_purchase,8%, 225 , 11.4 ,16.72,777," 9,631 "," 3,712 ",38.3,2,0,0,0
1,debt_consolidation,8%, 442 , 11.1 ,10.82,717," 3,210 "," 10,513 ",32,1,0,0,0
1,debt_consolidation,13%, 339 , 11.2 ,8.54,742," 4,290 "," 24,485 ",26.3,5,0,0,0
1,all_other,13%, 605 , 10.9 ,7.29,747," 6,332 "," 16,955 ",22.8,5,0,0,0
1,debt_consolidation,12%, 332 , 10.9 ,21.54,732," 3,750 "," 11,628 ",40.4,0,0,1,0
1,educational,13%, 81 , 11.3 ,19.1,677," 3,600 "," 5,396 ",23.1,2,0,1,0
1,debt_consolidation,13%, 574 , 10.9 ,16.87,732," 7,800 "," 13,429 ",61,0,0,0,1
1,all_other,14%, 341 , 10.8 ,23.69,692," 4,590 "," 1,400 ",77.8,0,1,1,0
1,all_other,13%, 136 , 9.9 ,15.06,702," 1,470 "," 1,067 ",19.4,2,1,0,0
1,all_other,7%, 323 , 10.8 ,12.07,727," 3,300 "," 21,326 ",37.9,1,0,0,0
1,home_improvement,8%, 313 , 11.6 ,0.49,787," 4,232 "," 7,195 ",6.3,1,0,0,0
1,small_business,10%, 385 , 11.0 ,6.76,807," 7,080 "," 1,977 ",3.3,3,0,0,0
1,all_other,13%, 335 , 10.5 ,10.38,672," 3,270 "," 26,788 ",65.2,3,0,0,1
1,educational,13%, 837 , 11.4 ,16.24,762," 5,850 "," 93,559 ",22.1,1,0,0,0
1,major_purchase,15%, 193 , 10.7 ,8.26,667," 4,051 ", 260 ,3.3,3,0,1,0
1,small_business,13%, 669 , 11.4 ,0.68,792," 4,470 "," 3,719 ",15.2,1,0,0,0
1,credit_card,13%, 405 , 10.7 ,7.14,722," 1,741 "," 7,879 ",29,2,0,0,0
1,debt_consolidation,13%, 435 , 11.1 ,17.11,712," 5,010 "," 13,407 ",44.8,0,0,0,0
1,small_business,14%, 256 , 10.4 ,9.86,712," 3,000 "," 1,805 ",10.1,2,1,0,0
1,debt_consolidation,10%, 193 , 10.7 ,4.99,732," 4,260 "," 11,741 ",14.6,0,0,0,0
1,home_improvement,16%, 350 , 11.0 ,7.62,682," 2,850 "," 1,815 ",34.2,2,0,0,1
1,credit_card,17%, 780 , 11.1 ,14.96,677," 4,980 "," 27,302 ",34.8,0,0,0,0
1,debt_consolidation,14%, 413 , 10.5 ,7.91,682," 4,050 "," 8,748 ",85.8,1,0,0,1
1,all_other,8%, 188 , 10.1 ,8.95,757," 4,110 "," 1,112 ",25.3,0,0,0,0
1,debt_consolidation,14%, 406 , 10.8 ,20.96,682," 3,660 "," 15,677 ",49.9,3,0,0,0
1,debt_consolidation,13%, 402 , 10.9 ,16.26,717," 2,730 "," 7,464 ",41.2,2,0,0,1
1,major_purchase,12%, 166 , 10.8 ,18.13,722," 3,150 "," 15,155 ",42.3,2,0,0,0
1,all_other,16%, 148 , 10.2 ,21.69,712," 2,012 "," 6,154 ",99.3,0,0,0,0
1,debt_consolidation,15%, 86 , 9.8 ,19.08,672," 1,771 "," 5,002 ",32.1,3,0,0,0
1,debt_consolidation,13%, 504 , 10.3 ,12.92,717," 10,440 "," 20,105 ",33.4,3,0,0,0
1,all_other,10%, 185 , 10.5 ,7.15,732," 2,370 "," 9,619 ",65.9,0,0,0,1
1,all_other,14%, 222 , 10.5 ,23.37,687," 5,850 "," 12,518 ",49.1,0,1,0,0
1,debt_consolidation,15%, 276 , 10.7 ,24.08,672," 1,922 "," 8,441 ",66.5,1,0,1,0
1,home_improvement,14%, 292 , 11.4 ,6.11,677," 9,300 "," 7,429 ",91.1,1,0,0,0
1,debt_consolidation,13%, 87 , 9.7 ,19.2,697," 1,950 "," 7,155 ",38.3,1,0,0,0
1,debt_consolidation,14%, 168 , 10.9 ,3.22,682," 6,060 "," 4,341 ",90.4,2,0,0,0
1,credit_card,10%, 225 , 11.6 ,3.19,762," 3,210 "," 8,035 ",30,1,0,0,0
1,debt_consolidation,15%, 375 , 10.6 ,23.33,667," 3,392 "," 21,765 ",78.9,0,0,0,0
1,debt_consolidation,13%, 169 , 11.0 ,0.12,722," 2,070 "," 5,176 ",45.6,0,0,0,0
1,home_improvement,14%, 291 , 10.9 ,1,707," 1,230 "," 3,441 ",49.2,0,0,0,1
1,debt_consolidation,14%, 171 , 10.2 ,6.2,697," 3,390 "," 4,852 ",57.8,2,1,0,0
1,all_other,18%, 719 , 11.5 ,16.93,667," 3,660 "," 18,606 ",67.5,0,1,0,0
1,debt_consolidation,12%, 199 , 10.5 ,22.58,722," 4,680 "," 17,511 ",47.7,3,0,0,0
1,debt_consolidation,17%, 532 , 10.7 ,7.93,672," 3,030 "," 14,608 ",94.9,1,0,0,0
1,small_business,12%, 167 , 11.2 ,17.56,712," 7,170 "," 13,344 ",28.4,2,0,0,0
1,credit_card,12%, 298 , 11.4 ,8.84,732," 5,520 "," 5,390 ",27.2,0,0,1,0
1,home_improvement,14%, 144 , 9.8 ,4.62,677," 4,784 "," 2,255 ",37.6,1,0,0,0
1,debt_consolidation,9%, 208 , 10.4 ,12.08,747," 3,450 "," 2,530 ",63.2,0,0,0,1
1,debt_consolidation,13%, 504 , 11.5 ,12.46,722," 3,330 ", 2 ,0.1,2,0,0,0
1,all_other,12%, 400 , 10.5 ,20.33,677," 3,090 "," 24,029 ",70.3,1,0,0,0
1,major_purchase,9%, 64 , 10.9 ,5.71,787," 3,570 ", 21 ,0.4,2,0,0,0
1,all_other,14%, 685 , 11.4 ,19.27,702," 5,490 "," 17,811 ",79.2,1,0,0,0
1,all_other,12%, 500 , 11.9 ,17.84,752," 8,070 ", -   ,0,1,0,0,0
1,debt_consolidation,14%, 240 , 10.4 ,13.35,682," 1,410 "," 5,999 ",27.6,1,0,0,1
1,all_other,10%, 249 , 10.8 ,11.36,737," 5,602 "," 6,720 ",19,0,0,0,0
1,all_other,16%, 281 , 10.6 ,2.31,667," 1,800 "," 3,292 ",58.8,1,1,0,0
1,debt_consolidation,16%, 527 , 11.0 ,7.88,687," 2,520 "," 15,896 ",83.2,1,0,0,1
1,small_business,17%, 568 , 11.2 ,0.26,667," 3,330 ", 438 ,4.6,3,0,0,0
1,debt_consolidation,15%, 694 , 11.3 ,15.32,682," 4,380 "," 18,636 ",81.1,3,0,0,0
1,debt_consolidation,15%, 553 , 10.9 ,9.13,682," 7,620 "," 17,436 ",71.9,1,0,0,0
1,home_improvement,13%, 837 , 11.9 ,2.86,762," 3,390 "," 14,911 ",34,1,0,0,0
1,debt_consolidation,14%, 499 , 10.3 ,18.04,697," 8,911 "," 20,392 ",94,1,0,0,0
1,debt_consolidation,13%, 287 , 11.2 ,12.27,697," 8,070 "," 30,532 ",53.7,3,0,0,1
1,all_other,7%, 248 , 11.1 ,2.77,727," 5,220 "," 31,939 ",53.2,1,0,0,1
1,debt_consolidation,8%, 188 , 10.7 ,6.44,752," 5,340 "," 5,970 ",12.7,1,0,0,0
1,debt_consolidation,13%, 448 , 10.6 ,12.72,727," 1,500 "," 9,721 ",30.9,2,0,0,0
1,credit_card,10%, 160 , 11.5 ,15.4,727," 3,090 "," 9,347 ",41,2,0,0,0
1,credit_card,12%, 348 , 11.6 ,6.02,727," 6,720 "," 13,610 ",43.1,0,0,0,0
1,all_other,15%, 52 , 10.5 ,1.04,667," 2,130 "," 1,781 ",59.4,3,0,0,1
1,small_business,9%, 160 , 10.8 ,17.57,737," 2,670 "," 7,170 ",67,1,0,0,0
1,small_business,12%, 531 , 11.4 ,2.61,757," 5,041 "," 29,204 ",51.9,2,0,0,0
1,small_business,14%, 274 , 10.6 ,21.88,737," 2,681 "," 16,090 ",25,3,0,0,1
1,major_purchase,8%, 50 , 10.0 ,4.64,757," 12,391 "," 2,753 ",9.3,0,0,0,0
1,all_other,7%, 373 , 10.8 ,10.1,742," 7,770 "," 56,348 ",33.7,0,0,0,0
1,small_business,10%, 417 , 10.6 ,16.14,787," 3,840 ", -   ,0,1,0,0,0
1,debt_consolidation,13%, 380 , 11.2 ,18.69,702," 3,150 "," 11,197 ",81.7,2,0,0,0
1,all_other,9%, 319 , 10.9 ,0.39,782," 4,710 ", 99 ,0.2,1,0,0,0
1,small_business,13%, 251 , 10.6 ,12.87,787," 2,250 ", 298 ,1,0,0,0,1
1,all_other,12%, 332 , 10.9 ,17.12,727," 2,790 "," 4,435 ",59.1,0,0,0,0
1,educational,16%, 114 , 9.4 ,11.8,672," 1,500 "," 3,352 ",79.8,0,0,0,1
1,debt_consolidation,13%, 407 , 11.1 ,21.9,697," 5,408 "," 43,863 ",63.7,2,0,0,0
1,all_other,13%, 235 , 11.0 ,10.27,682," 4,203 "," 3,706 ",45.2,0,0,0,0
1,major_purchase,13%, 405 , 10.9 ,13.16,707," 13,681 "," 9,030 ",37.5,2,0,0,0
1,all_other,8%, 313 , 11.4 ,1.06,772," 6,780 "," 2,227 ",5.4,0,0,0,0
1,debt_consolidation,14%, 286 , 10.7 ,24.75,697," 4,830 "," 1,924 ",91.6,1,0,0,1
1,small_business,10%, 481 , 11.5 ,4.81,802," 9,638 "," 21,267 ",33.9,1,0,0,0
1,all_other,10%, 160 , 11.2 ,8.63,722," 5,190 "," 2,602 ",51,1,0,0,0
1,all_other,16%, 530 , 11.1 ,16.39,672," 5,310 "," 7,467 ",48.8,2,0,0,0
1,all_other,12%, 158 , 10.7 ,20.95,747," 5,760 "," 26,272 ",33.7,1,0,0,0
1,debt_consolidation,16%, 280 , 11.3 ,16.3,662," 4,500 "," 10,702 ",59.8,0,0,0,0
1,all_other,8%, 312 , 10.1 ,0,737," 1,650 ", 400 ,6.7,1,0,0,0
1,small_business,12%, 666 , 11.4 ,3.04,787," 6,510 "," 13,893 ",18.7,4,0,0,0
1,all_other,9%, 527 , 11.1 ,8.35,732," 4,080 "," 41,921 ",85.2,0,0,0,1
1,debt_consolidation,9%, 233 , 10.3 ,10.52,737," 3,243 "," 8,351 ",22.1,3,0,0,0
1,small_business,15%, 416 , 10.3 ,2.48,672," 4,020 "," 4,770 ",52.4,2,0,2,0
1,debt_consolidation,16%, 525 , 11.6 ,13.12,757," 7,560 "," 50,910 ",32.6,0,0,0,0
1,small_business,14%, 233 , 10.5 ,10.3,707," 3,780 "," 1,356 ",17.4,2,1,0,0
1,debt_consolidation,13%, 669 , 11.1 ,18.23,732," 5,070 "," 25,313 ",43.4,2,0,0,0
1,debt_consolidation,12%, 600 , 10.9 ,13.36,742," 5,640 "," 17,064 ",56.7,0,0,0,0
1,credit_card,13%, 117 , 10.5 ,13.39,707," 4,890 "," 7,730 ",33.6,1,0,0,0
1,credit_card,13%, 362 , 10.9 ,12.09,702," 2,220 "," 20,854 ",49.3,2,0,0,0
1,debt_consolidation,13%, 102 , 11.1 ,14.6,687," 5,979 "," 15,093 ",95.5,1,0,0,1
1,all_other,15%, 121 , 11.5 ,19.94,672," 6,180 "," 36,162 ",89.5,3,0,0,1
1,small_business,8%, 100 , 10.7 ,17.92,742," 1,950 ", 849 ,10.7,0,0,0,0
1,all_other,8%, 470 , 11.2 ,17.11,727," 3,450 "," 8,952 ",22.3,1,0,0,0
1,small_business,13%, 807 , 11.2 ,18.51,772," 6,780 "," 7,815 ",6.1,0,0,0,0
1,all_other,15%, 387 , 11.1 ,16.21,687," 4,320 "," 10,673 ",93.6,0,0,0,0
1,debt_consolidation,16%, 245 , 10.7 ,20.87,677," 2,340 "," 5,546 ",97.3,0,0,0,0
1,debt_consolidation,10%, 321 , 10.5 ,15.05,737," 4,080 "," 1,571 ",11.9,0,0,0,0
1,debt_consolidation,16%, 247 , 10.9 ,3.99,662," 2,190 "," 4,747 ",93.1,1,1,0,0
1,debt_consolidation,8%, 172 , 10.4 ,19.2,757," 3,750 "," 6,860 ",29.4,0,0,0,0
1,debt_consolidation,13%, 169 , 10.4 ,14,697," 1,710 "," 4,536 ",33.1,0,0,1,0
1,all_other,16%, 245 , 10.1 ,5.57,662," 1,500 "," 4,748 ",53.3,2,0,0,0
1,credit_card,13%, 844 , 11.7 ,8.24,727," 5,550 "," 14,323 ",50.3,1,0,0,1
1,small_business,12%, 633 , 11.6 ,15.51,752," 11,520 "," 49,836 ",42.1,1,0,0,0
1,debt_consolidation,18%, 290 , 11.2 ,13.92,662," 4,890 "," 8,111 ",57.9,2,0,0,0
1,all_other,12%, 199 , 11.1 ,21.07,722," 4,770 "," 18,136 ",44.7,0,0,0,0
1,debt_consolidation,16%, 404 , 10.5 ,21.09,662," 4,530 "," 22,416 ",67,1,0,0,0
1,debt_consolidation,13%, 538 , 10.6 ,10.37,717," 3,720 "," 16,016 ",84.7,0,0,0,0
1,debt_consolidation,13%, 237 , 10.5 ,14.71,707," 3,810 "," 3,915 ",93.2,0,0,0,0
1,credit_card,12%, 258 , 10.6 ,17.78,717," 2,520 "," 14,610 ",76.9,0,0,0,1
1,all_other,8%, 263 , 11.2 ,3.05,777," 4,021 "," 1,506 ",6.6,0,0,0,0
1,all_other,8%, 172 , 11.3 ,9.87,782," 5,730 "," 4,590 ",14.7,0,0,0,0
1,all_other,13%, 168 , 10.3 ,2.6,757," 4,590 ", 724 ,2.8,1,0,0,0
1,major_purchase,15%, 347 , 10.8 ,20.19,752," 4,621 ", -   ,27.7,2,0,0,0
1,all_other,13%, 338 , 10.7 ,3.97,732," 2,789 "," 2,025 ",15.6,1,0,0,1
1,all_other,8%, 374 , 11.2 ,12.62,722," 2,911 "," 16,810 ",32.3,2,0,0,1
1,major_purchase,10%, 215 , 9.5 ,6.4,807," 9,210 ", 35 ,1.7,0,0,0,0
1,home_improvement,8%, 125 , 11.2 ,8.78,757," 2,790 "," 3,008 ",8.7,0,0,0,0
1,debt_consolidation,13%, 407 , 11.0 ,15.12,697," 2,520 "," 12,540 ",54.3,1,0,0,0
1,credit_card,10%, 385 , 10.9 ,21.17,757," 10,740 "," 25,133 ",38.8,1,0,0,0
1,all_other,16%, 332 , 10.8 ,1.46,692," 1,620 "," 4,700 ",51.6,1,0,0,0
1,all_other,14%, 342 , 12.0 ,9.27,677," 5,190 "," 10,843 ",68.6,0,1,0,1
1,debt_consolidation,13%, 407 , 10.1 ,9.2,722," 11,340 "," 11,377 ",94.8,1,0,0,1
1,debt_consolidation,10%, 321 , 10.8 ,13.77,737," 5,400 "," 1,251 ",5.5,1,0,1,0
1,small_business,15%, 477 , 10.3 ,17.96,687," 1,441 "," 5,269 ",15.1,3,0,0,1
1,small_business,12%, 500 , 11.5 ,8.57,772," 4,110 "," 11,700 ",42.5,0,0,0,0
1,debt_consolidation,13%, 84 , 10.7 ,8.76,687," 5,670 "," 1,580 ",14,1,0,0,0
1,debt_consolidation,13%, 339 , 11.2 ,14.91,732," 3,738 "," 26,694 ",98.9,3,0,0,0
1,credit_card,13%, 504 , 11.1 ,6.65,717," 2,191 "," 27,201 ",57.4,0,0,0,0
1,debt_consolidation,10%, 321 , 10.6 ,12.81,742," 8,370 "," 7,108 ",18.3,2,0,0,0
1,major_purchase,14%, 688 , 12.5 ,16.97,697," 7,800 "," 58,981 ",84.9,2,0,0,0
1,all_other,8%, 157 , 10.9 ,9.05,757," 2,490 "," 1,012 ",10.1,0,0,0,0
1,all_other,12%, 666 , 10.8 ,3.1,782," 2,850 ", 99 ,0.4,0,0,0,0
1,all_other,15%, 105 , 11.0 ,1,672," 1,800 "," 1,048 ",31.8,1,0,0,1
1,debt_consolidation,15%, 276 , 10.3 ,15.44,677," 8,617 "," 21,202 ",88,0,1,0,0
1,debt_consolidation,9%, 313 , 10.4 ,22.62,747," 6,726 "," 16,248 ",23.9,0,0,0,0
1,home_improvement,9%, 160 , 10.1 ,3.89,777," 3,420 "," 3,901 ",10.6,2,0,0,0
1,all_other,13%, 672 , 11.4 ,1.95,787," 2,730 "," 45,210 ",3.8,1,0,0,0
1,debt_consolidation,17%, 895 , 12.5 ,12.76,692," 6,600 "," 35,172 ",95.3,0,0,0,1
1,debt_consolidation,14%, 688 , 11.2 ,23.25,697," 6,660 "," 18,789 ",52,3,0,0,0
1,credit_card,12%, 400 , 11.0 ,16.16,742," 4,380 "," 24,904 ",66.4,2,0,0,0
1,debt_consolidation,14%, 411 , 11.0 ,22.03,682," 3,150 "," 4,532 ",32.4,0,0,0,0
1,debt_consolidation,16%, 475 , 11.4 ,18.64,662," 7,920 "," 6,021 ",57.9,0,1,0,0
1,debt_consolidation,14%, 392 , 10.7 ,10.3,697," 3,660 "," 11,361 ",35.3,0,3,0,0
1,home_improvement,10%, 225 , 11.4 ,8.05,757," 4,800 ", 962 ,4.6,0,1,0,0
1,all_other,15%, 691 , 10.7 ,9.31,697," 3,375 "," 1,483 ",4.2,0,0,0,0
1,educational,6%, 91 , 9.8 ,5.69,727," 4,320 ", 859 ,10.7,0,0,0,0
1,small_business,17%, 356 , 11.0 ,11.18,662," 3,337 "," 6,070 ",88,1,0,0,0
1,credit_card,14%, 341 , 10.4 ,14.71,692," 2,520 "," 8,316 ",52.6,0,0,0,0
1,all_other,12%, 400 , 11.0 ,9.03,712," 7,321 "," 16,353 ",31.9,0,0,0,0
1,all_other,13%, 68 , 9.9 ,16.32,692," 2,190 "," 6,191 ",72,1,0,0,0
1,small_business,10%, 514 , 11.7 ,2.5,802," 12,330 "," 8,823 ",7.4,1,0,0,0
1,debt_consolidation,13%, 242 , 10.8 ,13.17,702," 10,260 "," 19,434 ",43.2,2,0,0,0
1,home_improvement,13%, 301 , 11.4 ,20.3,722," 4,447 "," 42,813 ",0,2,0,0,1
1,all_other,15%, 208 , 11.2 ,18.43,662," 5,517 "," 14,417 ",82.9,0,0,0,0
1,home_improvement,13%, 543 , 12.3 ,14.93,707," 6,360 "," 46,392 ",81.1,1,0,0,0
1,all_other,15%, 191 , 10.7 ,12.7,667," 3,720 "," 1,953 ",57.4,2,1,0,0
1,credit_card,9%, 192 , 11.1 ,19.45,747," 7,410 "," 42,518 ",68.9,2,0,0,0
1,all_other,9%, 192 , 11.0 ,11.56,777," 6,810 "," 14,650 ",24.5,5,0,0,0
1,small_business,13%, 167 , 11.6 ,23.9,707," 7,500 "," 70,432 ",89.3,0,0,0,0
1,small_business,12%, 666 , 11.7 ,8.22,782," 6,450 "," 3,606 ",4.5,0,0,0,0
1,all_other,15%, 260 , 12.4 ,15.01,672," 7,500 "," 82,153 ",88.1,0,0,0,0
1,all_other,14%, 52 , 11.2 ,11.4,677," 3,510 ", 457 ,18,0,0,0,0
1,debt_consolidation,15%, 295 , 10.0 ,13.75,672," 1,740 "," 11,131 ",57.7,1,0,0,1
1,major_purchase,13%, 187 , 10.5 ,14.43,702," 8,131 "," 15,341 ",40.2,1,0,0,1
1,all_other,11%, 312 , 11.2 ,3.73,747," 2,070 ", 700 ,14.6,7,0,0,0
1,all_other,13%, 304 , 10.6 ,9.66,727," 4,020 "," 1,813 ",27.1,1,0,1,0
1,debt_consolidation,13%, 244 , 11.4 ,12.83,687," 3,510 "," 28,767 ",74.9,1,0,0,0
1,major_purchase,15%, 156 , 11.3 ,11.56,667," 3,630 ", -   ,0,1,2,1,0
1,debt_consolidation,14%, 329 , 10.7 ,22.48,682," 2,310 "," 13,575 ",73.8,0,0,0,1
1,debt_consolidation,13%, 285 , 11.0 ,13.53,692," 3,990 "," 9,631 ",74.7,3,0,0,0
1,small_business,13%, 814 , 11.5 ,7.25,737," 2,160 ", 5 ,0.2,3,0,0,0
1,credit_card,14%, 511 , 11.0 ,11.07,707," 3,120 "," 15,166 ",94.8,2,0,0,0
1,home_improvement,14%, 55 , 10.2 ,12.98,692," 1,260 ", -   ,0,0,0,1,0
1,all_other,12%, 333 , 10.0 ,8.46,717," 1,830 "," 6,711 ",53.3,1,0,0,0
1,small_business,13%, 414 , 10.1 ,11.35,707," 2,130 "," 4,850 ",53.9,1,0,0,1
1,all_other,12%, 528 , 12.6 ,7.6,697," 4,214 "," 41,491 ",60.9,0,0,0,0
1,debt_consolidation,14%, 239 , 10.2 ,21.91,697," 3,180 "," 7,494 ",94.9,0,0,0,0
1,debt_consolidation,14%, 676 , 11.1 ,18.85,702," 8,250 "," 11,667 ",33.1,1,0,0,1
1,all_other,13%, 170 , 11.3 ,3.67,697," 5,100 "," 3,048 ",33.9,0,1,0,0
1,credit_card,13%, 507 , 11.2 ,18.87,727," 9,450 "," 49,542 ",54.6,2,0,0,0
1,debt_consolidation,9%, 319 , 10.5 ,19.88,762," 2,760 "," 12,255 ",24.2,0,0,0,0
1,small_business,9%, 64 , 11.1 ,12.04,742," 2,760 ", -   ,0,0,0,0,0
1,small_business,14%, 172 , 11.6 ,1.96,697," 2,670 "," 4,233 ",46,0,0,0,1
1,debt_consolidation,14%, 164 , 10.5 ,14.67,672," 1,394 "," 8,038 ",51.5,0,0,0,0
1,all_other,9%, 256 , 11.8 ,5.18,752," 5,010 "," 79,821 ",37.1,0,0,0,0
1,all_other,12%, 663 , 10.7 ,17.33,772," 9,120 "," 22,828 ",21.4,1,0,0,0
1,all_other,14%, 682 , 11.8 ,7.12,712," 5,100 "," 7,629 ",25.3,0,0,0,0
1,debt_consolidation,8%, 125 , 10.5 ,13.45,802," 4,560 "," 3,199 ",7.4,0,0,0,0
1,all_other,13%, 837 , 11.7 ,1.39,762," 2,160 "," 30,215 ",49.6,1,0,0,1
1,debt_consolidation,14%, 170 , 10.4 ,5.69,692," 5,160 ", 445 ,89,2,0,0,0
1,all_other,8%, 313 , 11.0 ,0.36,792," 2,520 "," 1,858 ",12.7,0,0,0,0
1,debt_consolidation,16%, 420 , 10.7 ,4.04,667," 3,390 "," 7,805 ",41.9,0,0,0,0
1,all_other,10%, 385 , 11.2 ,14.93,757," 4,110 "," 2,300 ",11.3,0,0,0,0
1,credit_card,14%, 436 , 11.6 ,24.88,702," 5,280 "," 39,311 ",85.8,0,0,0,0
1,small_business,8%, 195 , 10.7 ,21.43,797," 4,050 "," 2,094 ",7.7,1,0,0,0
1,debt_consolidation,16%, 353 , 10.8 ,20.55,672," 4,800 "," 3,996 ",97.5,0,0,1,1
1,all_other,11%, 170 , 11.3 ,10.34,692," 8,948 "," 25,972 ",89.6,1,0,0,0
1,small_business,16%, 527 , 10.8 ,7.92,702," 4,140 "," 5,918 ",98.6,1,0,0,1
1,credit_card,12%, 239 , 10.7 ,6.98,712," 5,040 "," 9,144 ",25.5,0,0,0,0
1,all_other,12%, 199 , 11.2 ,7.23,722," 2,250 "," 4,965 ",53.4,0,0,0,0
1,credit_card,13%, 336 , 11.8 ,2,712," 9,210 "," 3,462 ",21.6,0,0,0,0
1,educational,15%, 173 , 11.0 ,9.81,687," 6,120 "," 3,335 ",45.1,2,0,0,1
1,major_purchase,12%, 200 , 10.6 ,0.6,747," 3,780 ", 297 ,5.8,0,0,0,0
1,debt_consolidation,16%, 210 , 10.9 ,23.35,667," 3,870 "," 7,160 ",62.3,1,0,0,0
1,debt_consolidation,13%, 432 , 11.0 ,3.74,707," 2,340 "," 6,214 ",20.8,0,0,0,0
1,debt_consolidation,13%, 561 , 10.7 ,22.45,712," 4,140 "," 11,860 ",45.1,1,0,0,0
1,debt_consolidation,14%, 170 , 10.4 ,7.41,697," 12,390 ", 693 ,23.1,1,0,0,0
1,debt_consolidation,16%, 141 , 11.5 ,20.89,667," 5,670 "," 34,008 ",98.3,0,0,0,0
1,debt_consolidation,15%, 414 , 10.9 ,3.87,677," 1,830 "," 7,810 ",37.5,1,0,0,0
1,debt_consolidation,13%, 405 , 11.3 ,9.4,702," 3,300 "," 15,127 ",45.6,0,0,1,0
1,debt_consolidation,13%, 324 , 10.7 ,5.21,702," 13,770 "," 7,491 ",71.3,0,1,0,0
1,credit_card,15%, 685 , 10.8 ,11.72,687," 5,940 "," 43,620 ",92.9,0,0,0,0
1,credit_card,15%, 442 , 11.2 ,14.96,692," 3,270 "," 24,769 ",90.1,2,1,0,0
1,debt_consolidation,8%, 222 , 11.1 ,13.25,757," 6,510 "," 4,409 ",12.4,3,0,0,0
1,debt_consolidation,14%, 313 , 11.5 ,24.34,692," 13,410 "," 46,268 ",92.9,1,1,0,1
1,credit_card,12%, 415 , 11.0 ,14.68,737," 4,230 "," 12,663 ",34.4,1,0,0,0
1,debt_consolidation,15%, 139 , 10.2 ,23.83,672," 1,140 "," 4,071 ",78.3,0,0,0,0
1,debt_consolidation,17%, 533 , 12.0 ,22.57,682," 3,600 "," 15,214 ",68.7,0,2,0,0
1,home_improvement,11%, 654 , 11.1 ,18.89,777," 8,910 "," 12,683 ",18.1,0,0,0,0
1,home_improvement,16%, 385 , 11.2 ,14.97,662," 12,540 "," 9,649 ",50.5,0,0,0,1
1,debt_consolidation,16%, 707 , 11.5 ,20.93,677," 4,863 "," 22,739 ",59.5,0,0,0,0
1,home_improvement,8%, 150 , 11.0 ,1.2,787," 6,690 "," 3,473 ",10.7,4,0,0,0
1,all_other,13%, 336 , 10.8 ,4,707," 3,181 "," 7,350 ",13.8,3,1,0,0
1,debt_consolidation,15%, 691 , 11.3 ,15.51,687," 8,580 "," 19,367 ",49.9,2,0,0,0
1,all_other,13%, 402 , 10.5 ,24.6,712," 4,110 "," 13,376 ",33.9,2,0,0,0
1,educational,13%, 380 , 11.7 ,14.28,722," 5,602 ", -   ,0,1,1,0,1
1,small_business,10%, 433 , 10.9 ,18.2,757," 4,432 "," 18,116 ",40.7,0,0,0,0
1,debt_consolidation,8%, 165 , 10.3 ,0.58,812," 6,960 "," 1,674 ",8.8,1,0,0,0
1,all_other,13%, 51 , 10.3 ,10.44,682," 8,220 "," 10,926 ",72.4,2,1,0,0
1,all_other,14%, 193 , 10.4 ,6.09,672," 2,280 "," 3,805 ",48.8,2,0,0,0
1,credit_card,12%, 333 , 11.2 ,11.02,712," 5,760 "," 9,484 ",83.9,0,0,0,0
1,debt_consolidation,17%, 150 , 10.7 ,12.31,662," 2,670 "," 9,753 ",95.9,1,0,0,0
1,small_business,14%, 411 , 11.4 ,7.63,692," 1,980 ", 752 ,2.5,2,2,0,1
1,all_other,15%, 139 , 10.0 ,19.75,667," 2,342 ", 555 ,3.9,2,1,0,0
1,all_other,16%, 328 , 10.6 ,14.1,662," 2,670 "," 4,485 ",25.8,0,2,0,1
1,credit_card,9%, 264 , 10.6 ,24.45,757," 8,970 "," 29,576 ",41.1,2,0,0,0
1,debt_consolidation,14%, 481 , 10.5 ,22.13,682," 3,330 "," 1,840 ",26.7,1,0,0,0
1,home_improvement,13%, 561 , 11.0 ,8.56,727," 6,600 "," 25,409 ",38.1,0,0,0,0
1,debt_consolidation,17%, 687 , 11.0 ,9.78,677," 3,482 "," 20,732 ",96,0,0,0,0
1,debt_consolidation,12%, 267 , 11.2 ,9.87,782," 4,830 "," 54,855 ",10.8,0,0,0,0
1,all_other,8%, 157 , 11.3 ,0.5,782," 7,622 ", 33 ,0.2,2,0,0,0
1,all_other,7%, 543 , 11.7 ,8.61,762," 3,570 "," 3,524 ",8.7,2,0,0,0
1,major_purchase,12%, 150 , 10.8 ,16.7,712," 2,430 "," 5,198 ",41.6,2,0,0,0
1,all_other,9%, 256 , 10.8 ,14.99,762," 3,600 "," 1,575 ",21.9,0,0,0,0
1,debt_consolidation,17%, 676 , 10.8 ,18.41,667," 4,890 "," 9,246 ",85.6,2,0,1,0
1,debt_consolidation,15%, 209 , 11.4 ,13.24,662," 5,490 "," 24,214 ",68,0,0,0,0
1,all_other,9%, 160 , 10.8 ,5.05,792," 5,430 "," 1,767 ",14.7,0,0,0,0
1,debt_consolidation,8%, 375 , 11.6 ,16.27,762," 4,793 "," 12,311 ",24.9,2,0,0,0
1,small_business,13%, 407 , 11.3 ,23.83,692," 6,390 "," 8,762 ",31.9,3,0,0,0
1,small_business,13%, 290 , 10.7 ,7.98,702," 3,881 ", 553 ,2.8,1,0,0,0
1,credit_card,14%, 68 , 10.9 ,18.07,692," 3,330 "," 16,306 ",95.9,0,0,0,0
1,all_other,14%, 55 , 9.0 ,19.14,682," 3,780 "," 2,816 ",93.9,2,0,0,0
1,all_other,10%, 144 , 10.5 ,0.82,747," 6,870 ", 752 ,27.9,1,0,0,1
1,debt_consolidation,14%, 524 , 11.0 ,20.64,712," 4,530 "," 51,790 ",96.1,1,0,0,1
1,debt_consolidation,15%, 519 , 10.6 ,16.89,662," 3,810 "," 15,586 ",83.3,0,0,0,0
1,all_other,16%, 141 , 9.8 ,1.7,677," 1,350 ", 301 ,8.9,0,0,0,0
1,debt_consolidation,12%, 597 , 11.2 ,22.3,747," 3,690 "," 23,518 ",32.9,2,0,0,0
1,all_other,15%, 174 , 10.5 ,0.32,702," 3,090 ", 260 ,10.4,1,0,0,0
1,all_other,15%, 867 , 11.7 ,3.26,712," 3,844 "," 3,173 ",6.2,1,1,0,0
1,all_other,15%, 314 , 10.5 ,6.27,712," 1,200 "," 8,534 ",29.3,2,0,0,0
1,debt_consolidation,13%, 234 , 10.1 ,21.08,717," 3,300 "," 4,702 ",61.9,1,0,0,0
1,debt_consolidation,16%, 457 , 10.7 ,11.08,672," 2,940 "," 2,350 ",63.5,0,0,0,0
1,small_business,9%, 288 , 11.6 ,0.43,802," 5,460 "," 1,074 ",3.9,1,0,0,0
1,debt_consolidation,15%, 138 , 10.2 ,14.72,672," 3,480 "," 2,229 ",58.7,3,0,0,0
1,home_improvement,10%, 321 , 10.6 ,1.14,752," 1,860 ", 974 ,4.5,1,0,0,0
1,all_other,16%, 352 , 11.4 ,11.85,662," 2,640 "," 12,125 ",69.3,2,0,0,0
1,small_business,16%, 700 , 11.0 ,20.74,742," 6,692 "," 24,030 ",82.9,3,0,0,0
1,all_other,17%, 355 , 10.2 ,4.62,687," 1,230 "," 5,785 ",54.6,1,0,0,1
1,all_other,14%, 52 , 11.0 ,12.04,667," 3,720 "," 2,287 ",47.6,1,0,0,1
1,credit_card,13%, 216 , 11.3 ,17.16,697," 4,950 "," 22,630 ",53.9,1,0,0,0
1,all_other,14%, 307 , 11.3 ,0.09,697," 2,853 "," 3,230 ",10.3,0,1,0,0
1,all_other,8%, 313 , 12.1 ,7.26,772," 13,830 "," 22,141 ",15.2,1,0,0,0
1,debt_consolidation,10%, 449 , 11.7 ,7.81,747," 7,530 "," 17,649 ",58.1,0,0,0,0
1,all_other,10%, 307 , 11.0 ,10.72,717," 1,440 "," 8,305 ",26.9,0,0,0,0
1,credit_card,14%, 685 , 11.6 ,13.18,702," 5,580 "," 25,277 ",80.8,0,1,0,0
1,debt_consolidation,8%, 87 , 9.8 ,4.55,762," 4,590 "," 1,223 ",6.6,1,0,0,0
1,debt_consolidation,14%, 123 , 10.5 ,3.31,697," 3,660 "," 3,437 ",90.4,1,1,0,0
1,small_business,13%, 504 , 11.4 ,11.92,722," 5,490 "," 27,662 ",73.4,0,0,0,0
1,debt_consolidation,15%, 144 , 9.4 ,5.8,682," 1,260 "," 1,950 ",67.2,0,0,0,0
1,small_business,14%, 123 , 10.3 ,0.04,727," 6,240 ", 1 ,0,0,0,1,0
1,debt_consolidation,13%, 68 , 10.1 ,9.55,687," 5,250 ", 635 ,42.3,0,0,0,1
1,debt_consolidation,15%, 335 , 11.2 ,17.04,667," 5,581 "," 22,875 ",86,0,0,0,0
1,credit_card,10%, 321 , 10.8 ,13.8,742," 5,250 "," 9,660 ",60.4,2,0,0,0
1,debt_consolidation,8%, 250 , 10.8 ,11.59,722," 2,130 "," 9,287 ",27.9,2,0,0,0
1,debt_consolidation,9%, 256 , 10.7 ,15.16,762," 9,300 "," 24,142 ",49.4,0,0,0,0
1,home_improvement,13%, 224 , 10.5 ,11.34,687," 1,650 "," 2,415 ",14.3,2,0,0,0
1,debt_consolidation,8%, 313 , 11.4 ,4.9,797," 5,900 "," 33,850 ",57.9,3,0,0,0
1,home_improvement,8%, 281 , 11.8 ,1.68,777," 5,353 "," 6,638 ",40.7,0,0,0,0
1,major_purchase,15%, 96 , 11.3 ,3.55,687," 1,410 ", 64 ,1.2,1,0,0,0
1,small_business,17%, 426 , 11.5 ,15.46,672," 5,220 "," 24,249 ",97,1,1,0,0
1,all_other,8%, 282 , 11.0 ,9.62,772," 5,970 "," 57,033 ",29.8,0,0,0,0
1,educational,10%, 48 , 10.1 ,9.8,757," 1,620 ", -   ,0,0,0,0,0
1,all_other,13%, 117 , 11.8 ,19.28,702," 11,310 "," 16,146 ",54.4,3,0,0,1
1,major_purchase,12%, 199 , 10.5 ,11.55,737," 1,890 "," 1,003 ",43.6,2,0,0,0
1,all_other,13%, 202 , 10.4 ,5.83,742," 11,070 "," 7,699 ",69.4,1,0,0,1
1,debt_consolidation,14%, 227 , 10.3 ,11.08,697," 1,200 "," 6,593 ",55.9,2,0,0,0
1,major_purchase,15%, 104 , 10.6 ,18.95,662," 2,370 "," 4,285 ",44.6,3,1,0,0
1,debt_consolidation,13%, 676 , 11.3 ,0.65,727," 1,699 "," 5,142 ",27.2,0,0,0,1
1,debt_consolidation,13%, 127 , 10.5 ,12.36,732," 3,750 ", 168 ,56,0,0,0,0
1,debt_consolidation,13%, 215 , 10.1 ,15.07,702," 2,430 "," 4,072 ",23.8,0,0,0,0
1,debt_consolidation,16%, 440 , 10.7 ,12.5,667," 1,470 "," 7,722 ",82.1,2,0,0,0
1,home_improvement,13%, 672 , 10.6 ,1.49,752," 3,900 "," 1,954 ",6.4,5,0,0,0
1,debt_consolidation,13%, 134 , 11.3 ,20.91,702," 4,590 "," 36,462 ",81,1,0,0,0
1,educational,13%, 602 , 11.6 ,11.67,727," 8,220 "," 14,191 ",61.2,1,0,0,0
1,all_other,7%, 112 , 10.7 ,12.38,772," 2,010 "," 1,060 ",8.6,2,0,0,0
1,debt_consolidation,8%, 188 , 10.6 ,6.65,752," 2,880 "," 4,487 ",11.1,0,0,0,0
1,debt_consolidation,12%, 282 , 10.7 ,17.04,732," 3,720 "," 14,439 ",32.2,1,0,0,0
1,all_other,12%, 51 , 11.5 ,8.12,677," 3,360 "," 36,192 ",84.6,0,0,0,1
1,all_other,13%, 168 , 11.0 ,0.23,767," 3,630 ", 11 ,0.1,0,0,0,1
1,debt_consolidation,12%, 333 , 10.5 ,9.53,717," 3,540 "," 9,985 ",52.3,0,0,0,0
1,home_improvement,14%, 273 , 12.1 ,2.44,687," 5,377 "," 14,324 ",53.4,2,0,0,0
1,major_purchase,14%, 52 , 10.9 ,19.85,672," 4,320 "," 15,198 ",84,0,0,0,0
1,all_other,10%, 481 , 10.8 ,12.57,712," 8,160 ", 10 ,0.1,0,0,0,0
1,debt_consolidation,17%, 141 , 11.5 ,18.46,682," 11,490 "," 39,502 ",87.6,0,0,0,0
1,debt_consolidation,13%, 504 , 10.9 ,14.99,712," 6,630 "," 9,483 ",57.8,0,0,0,0
1,all_other,10%, 305 , 10.9 ,9.16,747," 7,050 "," 28,962 ",66.9,0,0,0,0
1,all_other,8%, 125 , 10.5 ,0.93,742," 1,920 "," 1,410 ",67.1,0,0,0,0
1,all_other,14%, 110 , 10.6 ,3.82,687," 1,860 "," 6,039 ",28.1,2,0,0,0
1,debt_consolidation,16%, 422 , 10.8 ,11.33,662," 2,730 "," 11,660 ",67,2,0,0,0
1,all_other,12%, 497 , 11.8 ,7.31,747," 3,150 "," 9,642 ",30,0,0,0,0
1,all_other,8%, 31 , 10.1 ,9.26,742," 1,980 "," 3,106 ",31.4,0,0,0,0
1,all_other,8%, 175 , 11.2 ,13.31,782," 5,490 ", -   ,0,1,0,0,0
1,debt_consolidation,12%, 400 , 11.0 ,17.32,727," 3,990 "," 19,817 ",61.4,2,0,0,0
1,credit_card,12%, 326 , 11.2 ,10.48,722," 6,390 "," 9,630 ",36.6,0,0,1,0
1,all_other,14%, 246 , 10.7 ,13.62,702," 3,450 "," 1,621 ",40.5,1,0,0,0
1,all_other,12%, 212 , 11.0 ,1.62,797," 9,121 "," 3,391 ",6.2,2,0,0,0
1,all_other,8%, 188 , 11.3 ,7.75,757," 3,060 "," 12,454 ",29.8,0,0,0,0
1,small_business,12%, 117 , 11.1 ,17.82,727," 6,720 "," 53,059 ",89.9,3,0,0,0
1,debt_consolidation,15%, 345 , 11.7 ,9.34,677," 5,762 "," 12,403 ",39.8,2,1,0,0
1,all_other,8%, 156 , 10.4 ,15,782," 3,485 ", 695 ,8.2,0,0,0,0
1,small_business,12%, 273 , 10.4 ,8.72,732," 3,480 "," 6,383 ",48.7,1,0,0,0
1,all_other,14%, 109 , 11.2 ,2.2,677," 5,550 "," 2,596 ",12.5,3,0,0,0
1,debt_consolidation,13%, 252 , 10.5 ,21.36,707," 3,420 "," 10,638 ",61.8,0,0,0,0
1,all_other,15%, 41 , 9.8 ,2.56,687," 1,470 "," 1,716 ",71.5,0,0,0,0
1,all_other,14%, 85 , 10.2 ,14.93,677," 5,430 "," 1,838 ",73.5,0,0,0,0
1,home_improvement,9%, 319 , 12.0 ,15.02,752," 12,033 "," 56,153 ",44.3,1,0,0,0
1,debt_consolidation,13%, 287 , 10.4 ,3.9,697," 2,251 "," 9,172 ",44.7,0,0,0,0
1,debt_consolidation,13%, 203 , 11.2 ,23.91,692," 2,130 "," 22,713 ",43.1,1,0,0,0
1,all_other,13%, 34 , 10.1 ,24.35,687," 3,480 "," 2,533 ",38.4,0,0,1,0
1,small_business,9%, 96 , 10.1 ,0.95,762," 6,544 "," 1,870 ",5.5,0,0,0,0
1,all_other,8%, 187 , 12.2 ,5.61,712," 3,840 "," 7,926 ",49.8,3,0,0,0
1,all_other,8%, 251 , 10.5 ,12.63,712," 5,220 "," 12,269 ",19.3,2,0,0,0
1,debt_consolidation,13%, 182 , 10.5 ,23.07,707," 1,500 "," 7,828 ",23.9,2,0,0,0
1,debt_consolidation,13%, 305 , 11.2 ,12.85,687," 3,510 "," 8,081 ",58.1,0,1,0,0
1,debt_consolidation,9%, 256 , 11.1 ,1.94,782," 4,650 "," 3,845 ",25.6,0,0,0,0
1,debt_consolidation,12%, 500 , 11.3 ,3.48,742," 6,780 "," 11,774 ",44.4,0,0,0,0
1,debt_consolidation,16%, 286 , 11.1 ,15.88,702," 5,550 "," 21,438 ",90.6,1,0,1,1
1,debt_consolidation,8%, 157 , 10.9 ,7.53,762," 5,220 "," 6,576 ",25.2,0,0,0,0
1,home_improvement,16%, 193 , 11.1 ,11.42,662," 3,780 "," 10,311 ",88.9,0,1,1,0
1,debt_consolidation,14%, 199 , 11.4 ,4.62,687," 2,010 "," 6,419 ",45.5,0,0,0,0
1,home_improvement,12%, 666 , 11.7 ,9.22,807," 7,440 ", -   ,0,2,0,0,0
1,debt_consolidation,13%, 605 , 10.3 ,12.74,727," 3,510 "," 22,099 ",84.7,0,0,0,0
1,credit_card,21%, 903 , 11.7 ,20.92,667," 6,300 "," 45,414 ",98.3,0,1,0,0
1,all_other,8%, 78 , 11.1 ,14.74,747," 7,080 "," 27,222 ",42.9,1,0,0,0
1,debt_consolidation,10%, 347 , 11.6 ,9.41,737," 10,170 "," 4,229 ",7.1,0,0,0,0
1,small_business,15%, 269 , 10.4 ,13.59,677," 2,040 "," 22,556 ",73,0,0,0,0
1,credit_card,12%, 506 , 10.9 ,19.32,737," 3,991 "," 32,709 ",53.6,0,0,0,0
1,all_other,12%, 263 , 10.8 ,7.25,737," 4,110 "," 2,140 ",6,3,0,0,0
1,all_other,10%, 193 , 11.2 ,9.49,777," 3,420 ", 257 ,3.6,0,0,0,0
1,all_other,14%, 239 , 11.2 ,21.53,682," 1,891 "," 8,299 ",58.9,0,0,0,0
1,debt_consolidation,9%, 326 , 11.6 ,0.17,767," 4,410 "," 9,943 ",10.9,0,0,0,0
1,debt_consolidation,8%, 313 , 10.3 ,7.62,772," 3,510 ", 944 ,19.7,2,0,0,1
1,debt_consolidation,15%, 139 , 10.0 ,1.91,662," 2,760 ", 370 ,21.8,1,0,0,0
1,debt_consolidation,12%, 464 , 10.4 ,17.81,737," 5,790 "," 4,577 ",16.2,2,0,0,0
1,debt_consolidation,16%, 215 , 11.1 ,16.25,667," 4,860 "," 5,636 ",49.9,2,1,0,0
1,debt_consolidation,13%, 203 , 10.8 ,20.02,687," 3,240 "," 18,634 ",70.6,1,0,0,0
1,credit_card,14%, 116 , 11.1 ,20.11,692," 3,990 "," 18,212 ",56.4,1,0,0,0
1,all_other,10%, 116 , 11.3 ,0.58,762," 1,500 ", 849 ,1.9,0,0,0,0
1,educational,12%, 233 , 9.2 ,0,717," 1,334 ", -   ,0,2,0,0,0
1,all_other,13%, 201 , 10.9 ,6.36,742," 2,790 "," 1,510 ",50.3,1,0,0,0
1,all_other,7%, 112 , 10.6 ,6.57,772," 4,530 "," 2,521 ",22.1,0,0,0,0
1,debt_consolidation,8%, 238 , 10.4 ,12.29,777," 8,310 "," 1,805 ",8.7,2,0,0,0
1,debt_consolidation,10%, 481 , 11.2 ,24.5,787," 6,540 "," 5,544 ",11.3,0,0,0,0
1,debt_consolidation,18%, 791 , 12.2 ,14.03,667," 3,540 "," 31,008 ",79.8,3,0,0,1
1,small_business,12%, 267 , 10.5 ,1.3,732," 1,652 "," 2,722 ",36.8,2,0,0,0
1,debt_consolidation,12%, 398 , 11.5 ,1.92,742," 6,904 "," 14,989 ",25,1,0,0,0
1,home_improvement,14%, 341 , 10.5 ,12.3,732," 8,131 "," 6,729 ",97.5,1,0,0,1
1,debt_consolidation,15%, 449 , 10.5 ,16.39,677," 2,790 "," 21,124 ",87.3,3,0,0,0
1,all_other,16%, 368 , 11.0 ,14.42,677," 5,490 "," 24,151 ",61.1,3,0,0,0
1,debt_consolidation,13%, 507 , 10.3 ,13.16,757," 6,450 "," 4,923 ",70.3,2,0,0,0
1,debt_consolidation,14%, 513 , 11.1 ,22.67,702," 3,150 "," 26,803 ",92.7,0,0,0,0
1,educational,13%, 229 , 9.9 ,14.58,687," 2,249 "," 7,783 ",84.6,0,0,0,0
1,debt_consolidation,9%, 415 , 11.4 ,8.51,782," 4,230 "," 9,957 ",29.6,0,0,0,0
1,all_other,8%, 251 , 11.5 ,4.32,712," 7,110 "," 5,262 ",28.4,0,1,0,0
1,small_business,12%, 533 , 11.0 ,7.49,772," 3,720 "," 10,144 ",15.6,0,0,0,0
1,all_other,10%, 257 , 10.8 ,0.24,792," 3,390 ", 132 ,6.6,3,0,0,0
1,small_business,13%, 515 , 11.2 ,17.68,722," 5,310 "," 6,759 ",0,3,0,0,0
1,credit_card,9%, 77 , 10.9 ,4.69,737," 5,610 "," 2,184 ",72.1,1,0,0,0
1,home_improvement,13%, 509 , 10.6 ,14.34,712," 4,560 "," 8,644 ",47,0,0,0,0
1,credit_card,10%, 103 , 10.6 ,19.58,717," 8,340 "," 6,479 ",38.1,1,0,0,0
1,home_improvement,8%, 338 , 11.8 ,6.82,792," 4,710 "," 10,232 ",19.1,2,0,0,0
1,debt_consolidation,14%, 344 , 10.9 ,23.41,682," 3,420 "," 20,344 ",86,0,0,0,0
1,small_business,13%, 378 , 11.1 ,4.25,732," 5,220 "," 8,897 ",19.1,3,0,0,1
1,credit_card,14%, 469 , 11.1 ,22.43,682," 3,510 "," 34,847 ",68.1,1,1,0,0
1,home_improvement,13%, 324 , 10.0 ,16.36,732," 4,140 "," 11,246 ",93.7,0,0,0,0
1,credit_card,14%, 164 , 11.3 ,16.93,677," 4,980 "," 19,146 ",33.9,3,0,0,0
1,all_other,13%, 335 , 11.4 ,20.4,762," 12,210 "," 28,872 ",21.1,1,0,0,0
1,all_other,12%, 149 , 10.9 ,13.03,722," 2,730 ", 850 ,14.2,0,1,0,0
1,all_other,10%, 449 , 11.2 ,1.94,812," 3,390 "," 45,050 ",6.4,0,0,0,0
1,educational,16%, 113 , 9.9 ,6.3,677," 1,260 "," 1,715 ",39.9,0,0,0,0
1,credit_card,8%, 157 , 10.4 ,15.85,767," 10,170 "," 5,748 ",12.3,0,1,0,0
1,all_other,12%, 166 , 10.1 ,6.69,717," 8,490 "," 9,764 ",22.7,3,0,0,0
1,debt_consolidation,9%, 96 , 10.9 ,11.34,782," 5,280 ", 722 ,3.2,0,0,0,0
1,credit_card,15%, 622 , 10.9 ,16.33,682," 3,270 "," 18,451 ",65.2,2,0,0,0
1,educational,14%, 137 , 11.2 ,15.63,672," 4,470 "," 6,855 ",53.6,0,0,0,0
1,credit_card,12%, 346 , 11.3 ,13.81,722," 3,150 "," 17,610 ",76.9,0,0,0,0
1,credit_card,12%, 58 , 10.9 ,2.65,712," 8,820 "," 3,002 ",5.1,3,1,0,0
1,credit_card,9%, 248 , 11.3 ,13.11,757," 6,090 "," 18,540 ",29.6,0,0,0,0
1,debt_consolidation,18%, 503 , 11.4 ,21.93,662," 3,570 "," 18,991 ",95,0,0,1,0
1,debt_consolidation,13%, 165 , 10.5 ,21.09,692," 3,510 "," 10,800 ",54.3,1,0,0,0
1,home_improvement,12%, 464 , 11.6 ,11.34,732," 3,720 "," 47,016 ",37.1,0,0,0,0
1,debt_consolidation,13%, 254 , 11.1 ,13.75,722," 7,140 "," 40,310 ",66.7,1,0,0,0
1,all_other,13%, 410 , 11.6 ,10.02,707," 4,170 "," 20,460 ",39.8,1,0,0,0
1,home_improvement,10%, 257 , 10.7 ,1.28,777," 2,550 ", 25 ,0.1,0,0,0,0
1,educational,16%, 88 , 10.4 ,23.88,667," 1,500 "," 8,072 ",92.8,1,0,0,1
1,debt_consolidation,17%, 522 , 12.1 ,12.12,677," 6,961 "," 67,579 ",61,0,1,0,0
1,credit_card,13%, 271 , 10.6 ,12.59,687," 3,421 "," 5,545 ",60.9,3,0,1,1
1,debt_consolidation,13%, 106 , 10.8 ,21.62,682," 11,430 "," 13,427 ",30,0,0,0,0
1,debt_consolidation,13%, 324 , 10.5 ,16.15,697," 4,204 "," 14,852 ",79.4,0,0,0,0
1,credit_card,10%, 481 , 10.7 ,10.49,777," 6,330 "," 4,963 ",15.8,0,0,0,0
1,all_other,14%, 67 , 11.3 ,13.42,677," 5,580 "," 11,386 ",55,2,2,1,0
1,debt_consolidation,9%, 224 , 10.3 ,11.8,737," 2,160 "," 5,842 ",30.9,1,0,0,0
1,debt_consolidation,13%, 317 , 11.0 ,24.31,712," 6,360 "," 23,802 ",59.2,1,0,0,1
1,small_business,12%, 594 , 11.5 ,5.08,752," 3,994 "," 7,921 ",14.2,0,0,0,0
1,credit_card,15%, 55 , 9.2 ,18.12,667," 1,710 "," 5,704 ",80.3,0,0,0,0
1,all_other,10%, 225 , 10.8 ,10.35,757," 5,520 "," 2,108 ",10.9,1,0,0,0
1,all_other,13%, 67 , 9.6 ,15.28,707," 1,290 "," 1,545 ",18.6,1,0,0,0
1,debt_consolidation,13%, 405 , 10.4 ,23.06,687," 3,720 "," 5,244 ",27.5,1,1,0,0
1,credit_card,9%, 383 , 10.9 ,6.58,787," 5,340 "," 5,300 ",31.2,0,0,0,0
1,debt_consolidation,13%, 678 , 10.6 ,19.89,722," 4,170 "," 20,563 ",97,0,0,0,0
1,all_other,9%, 96 , 10.7 ,17.04,737," 4,950 "," 2,009 ",14.3,0,0,0,0
1,home_improvement,13%, 167 , 10.9 ,14.08,707," 3,810 "," 12,053 ",87.3,3,0,0,0
1,home_improvement,9%, 240 , 10.9 ,22.83,757," 5,010 "," 1,447 ",6.9,3,0,0,0
1,credit_card,10%, 417 , 10.9 ,6.81,747," 3,720 "," 21,456 ",27.7,1,0,0,0
1,small_business,11%, 327 , 11.1 ,11.72,737," 2,767 "," 1,208 ",3.5,2,0,0,0
1,credit_card,16%, 879 , 12.1 ,15.43,687," 5,250 "," 35,010 ",65.7,1,0,1,0
1,debt_consolidation,14%, 579 , 10.8 ,16,707," 3,210 "," 17,613 ",76.6,2,0,0,0
1,small_business,16%, 158 , 10.4 ,17.48,672," 1,320 "," 1,404 ",93.6,3,0,0,0
1,credit_card,8%, 172 , 11.0 ,22.45,752," 4,234 "," 14,026 ",51.4,0,0,0,0
1,all_other,10%, 32 , 8.6 ,3.71,767," 1,650 ", 566 ,8.6,0,0,0,0
1,debt_consolidation,14%, 616 , 10.9 ,14.49,692," 2,581 "," 19,976 ",81.2,2,0,0,0
1,all_other,10%, 96 , 10.3 ,0.68,717," 2,820 ", 893 ,38.8,0,0,0,0
1,all_other,14%, 170 , 10.8 ,0.73,687," 8,550 "," 2,987 ",49.8,0,0,0,0
1,all_other,12%, 199 , 11.4 ,19.38,727," 5,610 "," 42,987 ",89,1,0,0,1
1,debt_consolidation,17%, 630 , 11.2 ,11.65,667," 4,800 "," 27,914 ",88.6,0,2,0,0
1,credit_card,8%, 102 , 10.6 ,10.26,747," 7,560 "," 18,467 ",30.9,3,0,0,0
1,all_other,15%, 348 , 11.2 ,12.55,667," 1,407 "," 5,466 ",42.4,2,0,0,0
1,all_other,13%, 324 , 11.6 ,0,737," 8,430 "," 17,533 ",95.8,0,0,0,0
1,all_other,8%, 100 , 11.0 ,9.24,747," 3,120 "," 3,176 ",22.7,1,0,0,0
1,credit_card,12%, 792 , 11.4 ,22.69,752," 4,890 "," 27,806 ",32.3,1,0,0,0
1,all_other,8%, 282 , 11.3 ,8.98,777," 10,020 "," 38,216 ",50.4,0,0,0,0
1,all_other,13%, 807 , 12.1 ,15.35,722," 2,940 "," 89,832 ",43.6,1,0,0,0
1,all_other,9%, 185 , 10.6 ,9.97,712," 5,640 "," 2,953 ",88,0,0,0,0
1,home_improvement,11%, 690 , 12.5 ,7.26,757," 7,740 "," 129,705 ",62,2,0,0,0
1,small_business,12%, 473 , 11.4 ,12.2,752," 4,890 ", 39 ,0.3,3,0,0,0
1,home_improvement,8%, 109 , 11.1 ,18.46,752," 7,800 "," 2,733 ",7.6,0,0,0,0
1,debt_consolidation,13%, 360 , 10.1 ,14.74,697," 1,980 "," 15,175 ",53.2,3,0,0,0
1,all_other,14%, 136 , 9.9 ,24.72,682," 2,580 "," 7,231 ",95.1,0,0,0,0
1,major_purchase,8%, 47 , 10.0 ,4.33,747," 4,620 "," 2,413 ",10.3,2,0,0,0
1,debt_consolidation,12%, 100 , 10.3 ,9.88,702," 5,040 "," 5,431 ",86.2,2,0,0,1
1,debt_consolidation,14%, 141 , 10.3 ,15.84,667," 4,710 "," 3,825 ",83.2,3,0,0,0
1,debt_consolidation,10%, 385 , 11.5 ,15.15,752," 4,350 "," 19,326 ",25,2,0,0,0
1,debt_consolidation,14%, 685 , 12.2 ,21.4,682," 5,430 "," 12,531 ",30.1,2,0,0,0
1,credit_card,10%, 225 , 11.5 ,16.33,732," 6,218 "," 28,365 ",44.7,1,0,0,0
1,home_improvement,13%, 134 , 10.9 ,1.34,742," 1,770 "," 2,386 ",11.3,4,0,0,1
1,small_business,12%, 360 , 10.3 ,0.4,762," 1,800 ", 256 ,0.4,2,0,0,0
1,debt_consolidation,12%, 320 , 10.7 ,3.84,752," 1,982 ", -   ,0,5,0,0,0
1,all_other,12%, 283 , 10.1 ,18.48,702," 3,313 "," 2,284 ",4.7,2,2,0,1
1,home_improvement,13%, 94 , 10.8 ,10.63,752," 2,070 ", 185 ,1.3,1,0,0,0
1,credit_card,8%, 109 , 11.5 ,10.1,752," 4,414 "," 78,031 ",44.1,0,0,0,0
1,small_business,11%, 493 , 11.4 ,9.57,732," 6,090 "," 13,119 ",11.8,0,0,0,0
1,all_other,12%, 825 , 11.2 ,5.88,752," 3,480 "," 8,898 ",29.1,1,0,0,1
1,debt_consolidation,11%, 279 , 10.1 ,18.82,712," 2,850 "," 10,579 ",47.2,1,0,0,0
1,all_other,10%, 96 , 10.9 ,6.83,722," 5,040 "," 2,936 ",43.2,1,1,0,0
1,debt_consolidation,13%, 269 , 11.1 ,17.11,702," 5,174 "," 7,095 ",54.6,2,0,0,0
1,small_business,16%, 281 , 11.2 ,17.21,752," 4,380 "," 26,596 ",35.6,7,0,0,0
1,all_other,9%, 96 , 10.4 ,2.92,732," 6,126 "," 1,836 ",27,1,0,0,0
1,debt_consolidation,12%, 792 , 10.8 ,14.53,747," 5,370 "," 17,524 ",32.4,2,0,0,0
1,credit_card,10%, 193 , 11.2 ,18.67,732," 5,700 "," 7,849 ",40.5,1,0,0,0
1,small_business,11%, 66 , 10.5 ,0.91,742," 1,560 "," 1,219 ",10.3,2,0,0,0
1,educational,12%, 291 , 11.5 ,10.71,707," 4,680 "," 52,141 ",73.3,1,0,0,0
1,debt_consolidation,12%, 297 , 10.7 ,14.03,707," 6,090 "," 7,693 ",72.6,3,0,0,1
1,credit_card,10%, 96 , 11.2 ,6.18,722," 3,600 "," 25,055 ",78.1,1,0,0,0
1,debt_consolidation,9%, 224 , 11.0 ,8.34,747," 3,960 "," 3,337 ",20.2,1,0,0,0
1,debt_consolidation,13%, 237 , 10.9 ,9.65,692," 3,678 "," 17,349 ",63.3,0,0,0,0
1,home_improvement,10%, 80 , 10.5 ,22.1,717," 3,990 "," 2,307 ",46.1,0,0,0,0
1,debt_consolidation,15%, 871 , 11.2 ,17.69,697," 5,640 "," 25,700 ",92.2,0,0,0,0
1,debt_consolidation,13%, 338 , 11.8 ,9.98,682," 5,760 "," 24,810 ",71.3,3,1,0,0
1,debt_consolidation,11%, 425 , 10.8 ,5.69,757," 6,810 "," 13,625 ",41.2,0,0,0,0
1,all_other,11%, 33 , 11.0 ,15.41,707," 5,280 "," 16,302 ",71.8,3,0,0,0
1,home_improvement,11%, 164 , 11.4 ,6.54,712," 1,980 "," 1,496 ",17.2,2,0,0,0
1,debt_consolidation,9%, 364 , 11.6 ,5.48,787," 4,500 "," 22,602 ",36.3,1,0,0,0
1,all_other,12%, 99 , 10.8 ,3.89,732," 1,650 ", 9 ,0.2,1,0,0,0
1,debt_consolidation,13%, 184 , 10.3 ,15.21,687," 1,800 "," 3,795 ",32.7,0,0,0,0
1,small_business,12%, 283 , 10.9 ,23.26,697," 3,030 "," 6,130 ",37.6,0,0,0,0
1,credit_card,15%, 798 , 12.0 ,20.67,697," 6,720 "," 80,602 ",91.7,0,0,0,1
1,home_improvement,14%, 682 , 11.7 ,16.57,687," 3,330 "," 71,046 ",51.7,0,0,0,0
1,debt_consolidation,12%, 167 , 10.1 ,14.05,692," 8,769 "," 5,122 ",73.2,0,0,1,1
1,all_other,11%, 49 , 11.5 ,7.56,707," 5,130 "," 9,906 ",46.1,0,0,0,0
1,credit_card,11%, 493 , 11.8 ,13.52,747," 4,920 "," 29,790 ",15.6,0,0,0,0
1,all_other,12%, 300 , 10.5 ,23.17,697," 4,620 "," 3,723 ",39.4,0,0,1,1
1,debt_consolidation,12%, 333 , 10.9 ,12.64,702," 7,500 "," 5,745 ",35.9,2,0,1,0
1,credit_card,13%, 335 , 11.0 ,22.95,697," 2,610 "," 16,047 ",78.7,0,0,0,0
1,small_business,13%, 305 , 10.4 ,9.83,702," 7,290 "," 4,475 ",87.7,3,0,1,0
1,home_improvement,8%, 313 , 10.8 ,1.03,807," 3,391 "," 2,161 ",13.2,0,0,0,0
1,major_purchase,13%, 122 , 10.1 ,9.79,697," 1,680 "," 1,898 ",34.5,3,0,0,0
1,debt_consolidation,12%, 429 , 11.0 ,9.43,722," 4,320 "," 12,174 ",59.6,1,0,0,0
1,all_other,10%, 385 , 11.2 ,9.26,752," 2,970 "," 4,087 ",23.4,0,0,0,1
1,all_other,8%, 188 , 10.9 ,13.11,787," 4,321 "," 66,430 ",3.2,0,0,0,0
1,home_improvement,13%, 259 , 10.7 ,11.01,767," 2,580 "," 1,786 ",4.3,7,0,0,0
1,all_other,12%, 233 , 9.6 ,2.4,717," 1,320 "," 3,956 ",38.8,0,0,0,0
1,debt_consolidation,11%, 608 , 11.2 ,8.73,742," 3,570 "," 19,892 ",17.3,0,0,0,0
1,major_purchase,8%, 219 , 10.7 ,16.27,757," 5,250 "," 14,335 ",35.3,0,0,0,1
1,debt_consolidation,11%, 327 , 10.4 ,24.88,727," 3,727 "," 10,462 ",33.9,1,0,0,0
1,debt_consolidation,15%, 698 , 10.3 ,10.19,692," 2,940 "," 20,167 ",89.6,0,0,0,0
1,all_other,10%, 160 , 11.2 ,16.17,732," 7,680 "," 9,604 ",38.1,0,1,0,0
1,all_other,12%, 166 , 10.8 ,10.25,702," 2,940 ", 723 ,30.1,3,0,1,0
1,debt_consolidation,13%, 435 , 11.3 ,17,702," 4,950 "," 14,750 ",66.1,1,0,0,0
1,debt_consolidation,10%, 39 , 11.0 ,16.67,717," 2,190 "," 1,203 ",14.9,3,0,0,1
1,major_purchase,13%, 235 , 10.6 ,8.52,707," 3,150 ", 311 ,6.8,1,0,0,0
1,credit_card,12%, 415 , 11.2 ,0.25,767," 7,410 ", 193 ,0.5,2,0,0,0
1,all_other,13%, 167 , 11.0 ,8.95,687," 2,790 "," 3,730 ",66.6,1,0,0,0
1,all_other,8%, 265 , 10.3 ,2.23,712," 1,500 "," 2,204 ",19.2,0,0,0,0
1,debt_consolidation,12%, 107 , 10.2 ,14,687," 3,981 "," 3,243 ",24,2,0,0,0
1,small_business,10%, 481 , 11.8 ,10.13,782," 15,090 "," 3,991 ",9.5,1,0,0,1
1,small_business,12%, 396 , 10.6 ,11.07,717," 7,230 "," 17,495 ",60.3,0,1,0,0
1,debt_consolidation,12%, 267 , 11.0 ,4.94,692," 4,080 "," 8,232 ",42.4,3,0,0,0
1,all_other,11%, 460 , 10.9 ,18.16,727," 2,910 "," 17,558 ",52.7,0,0,0,0
1,all_other,9%, 332 , 11.4 ,5.41,757," 5,550 "," 21,244 ",24.7,0,2,0,0
1,debt_consolidation,10%, 104 , 9.0 ,13.8,722," 4,380 "," 5,136 ",34.9,2,0,0,1
1,credit_card,11%, 411 , 10.9 ,12.21,732," 3,180 "," 12,568 ",57.7,2,0,0,0
1,all_other,13%, 335 , 10.8 ,3.37,717," 2,626 "," 8,158 ",31.5,0,0,0,0
1,debt_consolidation,13%, 281 , 10.8 ,17.95,687," 4,590 "," 12,964 ",72.4,1,0,0,0
1,debt_consolidation,15%, 296 , 10.3 ,20.65,682," 4,351 "," 11,987 ",98.3,1,0,1,0
1,debt_consolidation,11%, 296 , 10.1 ,13.76,722," 5,400 "," 6,255 ",34.4,0,0,0,0
1,all_other,11%, 262 , 10.0 ,14.46,727," 3,510 "," 7,251 ",25.6,1,0,0,1
1,all_other,12%, 107 , 9.6 ,16.88,692," 2,070 "," 6,115 ",43.1,3,0,0,1
1,debt_consolidation,13%, 605 , 11.2 ,7.69,717," 3,217 "," 4,724 ",78.7,0,0,0,0
1,home_improvement,13%, 230 , 11.7 ,3.07,692," 9,930 "," 4,820 ",67.9,1,0,1,0
1,educational,12%, 100 , 11.0 ,12.06,692," 3,750 "," 7,482 ",59.9,1,1,0,0
1,small_business,12%, 666 , 11.2 ,18.46,737," 9,840 "," 5,801 ",11.8,0,0,0,0
1,debt_consolidation,13%, 336 , 11.0 ,19.49,692," 5,220 "," 10,890 ",57,2,0,0,0
1,debt_consolidation,11%, 592 , 11.7 ,5.99,767," 6,690 "," 15,371 ",41.7,4,0,0,1
1,small_business,14%, 856 , 12.1 ,17.75,707," 4,260 "," 76,237 ",44.5,2,0,0,1
1,home_improvement,13%, 54 , 10.6 ,2.46,682," 3,180 "," 2,076 ",83,1,0,0,0
1,educational,13%, 209 , 11.7 ,6.73,687," 7,870 "," 8,186 ",65,2,3,0,0
1,credit_card,8%, 157 , 11.7 ,15.76,767," 11,100 "," 54,960 ",24.4,3,0,0,0
1,all_other,11%, 403 , 10.2 ,14.7,682," 1,620 "," 7,120 ",31.9,0,0,0,0
1,all_other,15%, 502 , 10.7 ,12.59,722," 6,840 "," 19,887 ",99.4,0,0,0,0
1,debt_consolidation,14%, 409 , 11.0 ,23.14,702," 7,890 "," 15,481 ",96.1,1,0,0,0
1,credit_card,13%, 288 , 11.7 ,14.86,692," 8,010 "," 27,648 ",95.5,0,0,0,0
1,debt_consolidation,12%, 373 , 10.4 ,5.55,702," 2,130 "," 14,499 ",33.4,1,0,0,0
1,home_improvement,11%, 491 , 11.1 ,5.7,762," 3,810 "," 2,471 ",15.1,0,0,0,0
1,all_other,11%, 263 , 10.1 ,0.34,747," 6,690 ", 350 ,1.7,1,0,0,1
1,major_purchase,12%, 150 , 9.8 ,9.27,727," 7,560 "," 2,143 ",85.7,1,0,0,0
1,home_improvement,12%, 825 , 11.6 ,13.36,752," 4,980 "," 16,101 ",36.9,2,0,0,0
1,debt_consolidation,13%, 484 , 11.0 ,10.21,697," 5,310 "," 4,057 ",28.4,0,0,0,0
1,home_improvement,13%, 326 , 11.7 ,13.99,677," 5,817 "," 19,358 ",31.4,2,0,0,0
1,home_improvement,8%, 112 , 11.0 ,0.5,757," 3,030 "," 2,599 ",9.9,2,0,0,0
1,credit_card,12%, 200 , 10.8 ,23.11,692," 3,540 "," 22,811 ",59.9,1,0,0,1
1,debt_consolidation,14%, 613 , 10.8 ,12.91,687," 5,430 "," 6,072 ",83.2,3,0,1,0
1,educational,8%, 218 , 10.5 ,17.43,747," 1,681 "," 2,701 ",9.1,0,0,0,0
1,all_other,12%, 528 , 11.4 ,8.64,727," 8,790 "," 67,595 ",68.8,0,0,0,0
1,all_other,10%, 257 , 11.2 ,7.56,737," 3,360 "," 9,226 ",58,1,0,0,0
1,all_other,13%, 51 , 10.6 ,17.26,672," 3,458 "," 2,694 ",72.8,1,0,1,1
1,debt_consolidation,13%, 269 , 10.5 ,8.8,692," 1,980 "," 3,756 ",85.4,0,0,0,0
1,credit_card,10%, 96 , 10.9 ,12,742," 4,020 "," 5,689 ",30,5,0,0,0
1,debt_consolidation,13%, 174 , 10.1 ,12.34,697," 4,530 "," 7,548 ",53.9,1,0,0,0
1,all_other,12%, 100 , 10.9 ,11.89,697," 2,652 "," 3,503 ",30.5,0,0,0,0
1,debt_consolidation,12%, 396 , 10.8 ,17.8,717," 3,330 "," 6,908 ",51.9,1,0,0,0
1,home_improvement,15%, 691 , 11.7 ,15.58,687," 10,620 "," 33,287 ",44.6,1,1,0,0
1,all_other,12%, 637 , 11.5 ,7.58,732," 3,721 "," 14,006 ",20.3,0,0,0,0
1,major_purchase,11%, 131 , 10.9 ,2.62,742," 1,538 "," 4,109 ",23.2,0,0,0,0
1,all_other,12%, 398 , 11.1 ,0.41,742," 3,120 ", 411 ,1.9,1,0,0,0
1,all_other,10%, 96 , 10.7 ,5.36,742," 2,280 "," 10,222 ",75.3,2,0,0,0
1,all_other,12%, 183 , 10.4 ,18,697," 1,710 "," 5,931 ",31.2,0,0,0,0
1,educational,11%, 92 , 10.1 ,4.15,737," 2,670 "," 1,085 ",4.1,2,0,0,0
1,small_business,12%, 506 , 11.4 ,9.44,737," 3,030 "," 5,137 ",24.2,0,0,0,1
1,debt_consolidation,11%, 477 , 11.3 ,10.18,732," 4,800 "," 25,807 ",48.1,0,0,0,0
1,all_other,16%, 84 , 8.5 ,5,702," 1,320 ", 299 ,99.7,0,0,0,0
1,credit_card,12%, 693 , 11.2 ,16.94,752," 6,467 "," 14,337 ",46.7,0,0,0,0
1,all_other,9%, 89 , 10.1 ,23.28,742," 2,280 "," 2,426 ",21.3,1,0,0,0
1,home_improvement,15%, 34 , 10.7 ,17.75,677," 11,218 "," 12,161 ",95.8,1,0,0,0
1,debt_consolidation,13%, 184 , 10.9 ,17.55,682," 7,590 "," 19,279 ",59.5,1,0,0,0
1,debt_consolidation,12%, 307 , 11.1 ,16.28,747," 5,205 "," 10,111 ",23.7,6,1,0,0
1,small_business,14%, 172 , 10.5 ,3.26,677," 1,230 "," 4,685 ",27.6,0,0,0,0
1,all_other,15%, 69 , 9.7 ,20.51,687," 2,040 "," 4,898 ",98,0,0,0,0
1,all_other,10%, 96 , 11.0 ,8.21,727," 6,030 "," 2,239 ",4.3,1,0,0,0
1,credit_card,8%, 156 , 11.7 ,7.03,782," 5,707 "," 2,660 ",23.7,0,0,0,0
1,small_business,14%, 368 , 10.3 ,14.98,672," 3,390 "," 26,333 ",77.2,0,0,0,0
1,credit_card,13%, 102 , 10.8 ,7.08,682," 1,320 "," 2,660 ",66.5,0,0,0,0
1,all_other,13%, 256 , 10.7 ,0,757," 1,410 ", -   ,0,0,0,0,1
1,all_other,12%, 378 , 11.1 ,16.52,712," 3,150 "," 2,324 ",16.4,3,1,0,0
1,home_improvement,12%, 83 , 11.0 ,19.87,697," 4,590 "," 17,125 ",39.1,3,0,0,0
1,credit_card,14%, 654 , 11.7 ,11.43,687," 5,310 "," 11,043 ",55.8,0,2,0,0
1,all_other,8%, 125 , 11.5 ,5.99,777," 11,970 "," 31,270 ",48.1,0,0,0,0
1,all_other,14%, 170 , 10.9 ,19.11,672," 2,310 "," 21,391 ",87.6,1,0,0,0
1,debt_consolidation,12%, 495 , 11.2 ,21.06,722," 4,920 "," 44,880 ",61,3,0,0,0
1,debt_consolidation,12%, 716 , 11.0 ,6.69,747," 2,580 "," 2,357 ",3.4,2,0,0,0
1,educational,9%, 319 , 10.6 ,5.37,767," 4,290 "," 9,580 ",31.5,0,0,0,0
1,major_purchase,12%, 119 , 10.4 ,23.6,712," 1,652 "," 10,018 ",48.2,2,0,0,0
1,debt_consolidation,10%, 385 , 11.7 ,8.52,752," 4,080 "," 14,732 ",26,1,0,0,0
1,all_other,12%, 396 , 11.5 ,3.57,717," 2,160 "," 14,927 ",39.4,0,0,0,0
1,credit_card,12%, 185 , 10.5 ,17.78,712," 2,460 "," 4,440 ",87.1,1,0,0,0
1,debt_consolidation,14%, 307 , 10.7 ,6.76,672," 10,471 "," 7,589 ",51.6,0,0,0,0
1,debt_consolidation,11%, 408 , 10.7 ,7.96,722," 3,750 "," 12,656 ",71.9,0,0,0,0
1,small_business,13%, 507 , 10.8 ,15.36,707," 4,560 "," 11,078 ",50.6,0,0,0,0
1,debt_consolidation,8%, 212 , 10.5 ,22.98,772," 3,686 "," 3,041 ",7.7,3,0,0,0
1,home_improvement,8%, 313 , 11.1 ,6.72,782," 6,300 "," 3,022 ",16.4,1,0,0,0
1,major_purchase,8%, 112 , 10.7 ,2,762," 2,940 "," 3,309 ",14.3,2,0,0,0
1,all_other,11%, 98 , 10.3 ,13.32,707," 3,060 "," 7,099 ",36,0,0,0,0
1,all_other,9%, 192 , 10.9 ,12.48,742," 3,421 "," 9,608 ",26.8,0,0,0,0
1,home_improvement,11%, 329 , 10.4 ,14.93,722," 4,980 "," 9,528 ",35.8,1,0,0,0
1,all_other,9%, 224 , 10.6 ,0.3,747," 1,650 "," 1,127 ",11.7,0,0,0,0
1,debt_consolidation,9%, 204 , 10.6 ,24,737," 5,430 "," 30,540 ",54.3,0,0,0,0
1,all_other,12%, 297 , 11.0 ,15.72,732," 1,680 ", 23 ,0.1,1,0,0,0
1,debt_consolidation,13%, 577 , 11.1 ,7.03,687," 2,880 "," 18,053 ",40.6,2,0,0,0
1,debt_consolidation,8%, 207 , 10.6 ,12.39,757," 7,980 "," 11,092 ",39.6,0,0,0,0
1,home_improvement,16%, 254 , 11.3 ,8.97,662," 6,330 "," 10,085 ",33.5,3,0,0,0
1,debt_consolidation,11%, 105 , 10.6 ,0.72,797," 4,950 ", 24 ,8,5,0,0,0
1,debt_consolidation,13%, 160 , 9.7 ,14.55,697," 3,450 "," 8,085 ",93.5,0,0,0,0
1,debt_consolidation,14%, 308 , 10.8 ,8.21,672," 3,450 "," 19,696 ",86.8,1,0,0,1
1,credit_card,9%, 160 , 11.2 ,14.43,742," 4,590 "," 1,082 ",32.8,0,0,0,0
1,all_other,13%, 234 , 11.1 ,6.2,722," 4,140 ", -   ,0,0,1,0,0
1,all_other,11%, 147 , 10.6 ,13.26,717," 2,190 "," 3,596 ",33,3,0,0,0
1,debt_consolidation,13%, 507 , 11.1 ,7.01,697," 4,650 "," 14,380 ",48.9,1,0,0,0
1,debt_consolidation,13%, 506 , 11.4 ,8.24,697," 3,205 "," 10,670 ",82.7,0,0,0,0
1,credit_card,14%, 685 , 11.2 ,23.62,687," 2,623 "," 30,738 ",76.8,0,0,0,0
1,home_improvement,11%, 822 , 11.3 ,7,772," 7,170 "," 6,024 ",39.9,3,0,0,1
1,debt_consolidation,12%, 199 , 10.8 ,9.77,697," 4,590 "," 15,377 ",50.6,1,0,0,0
1,credit_card,12%, 185 , 11.1 ,16.84,707," 3,750 "," 31,983 ",58.3,0,0,0,0
1,small_business,12%, 663 , 10.8 ,10.55,792," 5,022 "," 53,287 ",0.2,5,0,0,1
1,all_other,11%, 315 , 10.6 ,23.52,717," 3,360 "," 8,405 ",42.6,2,0,0,1
1,debt_consolidation,14%, 307 , 11.0 ,20.5,682," 6,810 "," 18,454 ",83.9,1,0,0,0
1,all_other,11%, 327 , 11.4 ,3.81,777," 9,420 ", -   ,0,1,0,0,0
1,credit_card,12%, 200 , 11.8 ,15.14,687," 13,140 "," 1,000 ",71.4,2,3,0,0
1,debt_consolidation,11%, 559 , 11.1 ,4.41,762," 6,570 "," 1,878 ",7.2,0,0,0,0
1,educational,14%, 222 , 10.3 ,20.48,672," 2,070 "," 18,065 ",87.7,0,0,0,0
1,debt_consolidation,13%, 487 , 10.5 ,18.66,697," 4,922 "," 13,168 ",76.6,1,0,0,0
1,credit_card,12%, 531 , 11.1 ,4.29,712," 3,060 "," 10,601 ",75.7,2,0,0,0
1,all_other,12%, 315 , 11.1 ,13.85,707," 2,190 "," 10,468 ",52.3,1,0,0,0
1,debt_consolidation,12%, 564 , 10.7 ,19.44,722," 3,660 "," 9,583 ",38.5,3,0,0,0
1,credit_card,10%, 96 , 11.0 ,9.59,717," 2,970 "," 3,221 ",10.1,1,2,0,0
1,educational,11%, 592 , 12.0 ,7.34,762," 3,750 "," 70,526 ",14.3,1,0,0,0
1,educational,9%, 152 , 9.7 ,18.28,737," 2,430 ", 842 ,6.4,2,0,0,0
1,all_other,8%, 157 , 11.1 ,3.77,752," 4,230 "," 8,946 ",44.1,1,0,0,0
1,debt_consolidation,13%, 108 , 10.8 ,11,672," 3,900 "," 3,371 ",48.2,1,0,0,1
1,all_other,10%, 385 , 10.5 ,15,752," 5,880 "," 20,328 ",38.1,0,0,0,1
1,educational,13%, 117 , 10.5 ,16.23,692," 1,560 "," 3,146 ",40.3,2,0,0,0
1,small_business,12%, 238 , 11.4 ,0.41,757," 4,770 "," 1,533 ",16.3,2,0,0,0
1,credit_card,15%, 190 , 11.5 ,14.35,667," 3,330 "," 18,659 ",91,0,0,0,0
1,debt_consolidation,12%, 330 , 11.0 ,24.62,727," 9,091 "," 22,607 ",57.4,0,0,0,0
1,major_purchase,9%, 144 , 11.5 ,6.86,737," 6,032 "," 2,061 ",5,0,1,0,0
1,debt_consolidation,16%, 352 , 10.5 ,20.2,662," 4,170 "," 25,274 ",93.6,0,0,0,0
1,all_other,8%, 188 , 10.6 ,13.23,752," 3,960 "," 11,965 ",58.9,0,0,0,0
1,debt_consolidation,9%, 319 , 10.1 ,10.08,747," 3,540 "," 8,596 ",29.7,0,0,0,0
1,all_other,12%, 133 , 9.3 ,13.54,747," 1,290 ", 21 ,0.2,0,0,0,0
1,debt_consolidation,14%, 445 , 11.1 ,19.03,687," 4,020 "," 17,902 ",94.7,0,0,0,0
1,debt_consolidation,11%, 394 , 11.4 ,15.38,727," 5,370 "," 79,083 ",67.3,2,0,0,0
1,home_improvement,12%, 132 , 10.9 ,3.44,707," 3,540 "," 4,833 ",27.6,1,0,0,0
1,small_business,16%, 346 , 10.8 ,12.41,677," 2,850 "," 13,840 ",80.9,2,0,0,0
1,debt_consolidation,12%, 597 , 11.4 ,19.71,717," 3,090 "," 25,525 ",58.4,0,0,0,0
1,debt_consolidation,8%, 156 , 10.3 ,7.72,777," 8,250 "," 14,263 ",21,0,0,0,0
1,home_improvement,12%, 495 , 10.4 ,4.8,762," 2,370 "," 15,531 ",43.1,5,0,0,0
1,all_other,9%, 288 , 11.6 ,20.33,762," 5,340 "," 18,590 ",22.2,0,0,0,0
1,debt_consolidation,11%, 327 , 12.3 ,5.4,727," 11,910 "," 10,501 ",33,0,0,1,0
1,debt_consolidation,10%, 449 , 11.6 ,13.06,762," 7,740 "," 46,017 ",9.4,3,1,0,0
1,all_other,12%, 165 , 10.8 ,0.38,747," 3,510 ", 536 ,7.8,3,0,0,0
1,credit_card,13%, 202 , 10.5 ,24.27,687," 1,620 "," 6,088 ",40.3,1,0,0,0
1,all_other,8%, 187 , 10.7 ,16.43,777," 3,840 "," 6,694 ",8.7,2,0,0,0
1,debt_consolidation,10%, 465 , 11.2 ,15.41,747," 5,670 "," 5,270 ",27.6,0,0,0,0
1,home_improvement,13%, 403 , 11.6 ,9.77,687," 5,048 "," 2,670 ",33.4,2,0,0,0
1,debt_consolidation,17%, 465 , 10.8 ,16.08,662," 3,180 "," 27,431 ",83.1,1,0,0,0
1,all_other,14%, 102 , 11.0 ,2.18,697," 8,766 "," 5,824 ",64.7,1,1,0,0
1,debt_consolidation,13%, 543 , 11.6 ,21.82,687," 5,015 "," 64,362 ",47.7,0,0,0,0
1,all_other,9%, 204 , 11.6 ,0,802," 7,260 "," 3,006 ",6.8,0,0,0,0
1,debt_consolidation,12%, 666 , 11.0 ,23.44,717," 4,950 "," 44,887 ",82.1,1,0,0,0
1,small_business,11%, 315 , 10.9 ,2.9,742," 7,020 "," 7,832 ",75.3,3,0,0,0
1,home_improvement,13%, 672 , 11.9 ,10.18,707," 6,630 "," 22,139 ",43.8,1,0,0,0
1,all_other,13%, 188 , 10.3 ,2.08,687," 4,140 "," 3,859 ",38.6,3,0,0,1
1,small_business,12%, 396 , 12.5 ,8.2,717," 7,470 "," 71,644 ",73.3,0,0,0,0
1,all_other,9%, 160 , 10.2 ,1.56,782," 7,830 "," 1,303 ",23.7,0,0,0,0
1,major_purchase,13%, 161 , 10.1 ,12.53,692," 2,850 "," 19,939 ",69.7,2,0,0,0
1,debt_consolidation,11%, 376 , 10.6 ,20.42,737," 3,120 "," 5,989 ",33.6,0,0,0,0
1,credit_card,8%, 251 , 10.9 ,13.51,772," 3,090 "," 8,507 ",13,2,0,0,0
1,all_other,10%, 128 , 11.5 ,7.87,722," 7,890 "," 5,961 ",13.4,2,1,0,0
1,all_other,13%, 608 , 10.7 ,18.82,692," 1,980 "," 17,833 ",66.1,1,0,0,0
1,all_other,13%, 236 , 10.5 ,22.32,702," 4,860 "," 15,394 ",95.8,1,0,0,0
1,all_other,9%, 222 , 9.6 ,12.17,757," 4,470 "," 6,103 ",34.5,2,0,0,1
1,debt_consolidation,15%, 348 , 10.6 ,24.21,662," 1,728 "," 13,212 ",71,1,0,0,0
1,educational,12%, 66 , 10.1 ,1.27,702," 2,884 "," 1,610 ",19.9,2,0,1,1
1,home_improvement,14%, 83 , 12.1 ,9.69,662," 7,680 "," 85,359 ",72,0,1,0,0
1,educational,8%, 75 , 10.9 ,12.42,747," 3,060 "," 3,501 ",7.6,1,0,0,0
1,educational,8%, 31 , 10.3 ,9.04,742," 3,450 "," 1,928 ",7.4,2,0,0,0
1,home_improvement,13%, 507 , 12.4 ,0.94,742," 8,460 "," 15,083 ",45.7,2,0,0,0
1,credit_card,14%, 225 , 10.6 ,23.19,667," 2,280 "," 8,799 ",55.1,0,0,0,0
1,home_improvement,9%, 89 , 11.0 ,10.1,782," 5,614 "," 3,185 ",2.9,1,0,0,0
1,small_business,13%, 152 , 11.0 ,2.13,692," 2,040 "," 4,824 ",38.3,0,0,0,0
1,all_other,13%, 135 , 10.7 ,20.64,692," 1,440 "," 13,708 ",76.6,1,0,0,0
1,all_other,12%, 199 , 10.0 ,14.73,712," 1,620 "," 3,001 ",53.6,1,0,0,0
1,debt_consolidation,12%, 759 , 11.2 ,6.38,752," 5,310 "," 25,051 ",30.1,0,0,0,0
1,major_purchase,12%, 497 , 11.1 ,10.69,717," 2,880 "," 9,111 ",27.4,2,0,0,0
1,debt_consolidation,13%, 509 , 11.2 ,11.24,687," 3,270 "," 7,432 ",53.9,0,0,0,0
1,debt_consolidation,16%, 189 , 10.9 ,20.87,677," 4,050 "," 10,249 ",96.7,0,0,0,0
1,small_business,14%, 205 , 11.5 ,2.48,667," 3,000 "," 4,148 ",54.6,2,0,0,0
1,debt_consolidation,12%, 726 , 11.4 ,19.82,742," 5,790 "," 36,112 ",71.2,3,0,0,0
1,home_improvement,16%, 534 , 11.0 ,10.98,717," 9,870 "," 27,174 ",39.3,1,0,0,1
1,debt_consolidation,12%, 199 , 10.9 ,6.81,697," 4,560 "," 9,720 ",40.3,0,0,0,0
1,small_business,11%, 493 , 11.2 ,13.39,792," 5,670 ", -   ,0,0,0,0,0
1,debt_consolidation,14%, 409 , 10.8 ,18.64,682," 4,350 "," 46,817 ",92.3,1,0,1,1
1,educational,11%, 59 , 10.1 ,8.6,722," 1,560 "," 2,297 ",26.1,1,0,0,0
1,small_business,14%, 559 , 11.2 ,17.43,682," 3,840 "," 23,831 ",62.7,2,0,0,0
1,home_improvement,12%, 431 , 11.4 ,2.64,727," 3,540 "," 6,040 ",27.1,2,0,0,0
1,debt_consolidation,10%, 189 , 10.0 ,8.19,727," 2,310 "," 5,898 ",57.8,0,0,0,0
1,home_improvement,13%, 509 , 11.2 ,18.84,682," 7,920 "," 34,645 ",61,0,0,0,0
1,home_improvement,13%, 502 , 11.6 ,13.78,707," 4,410 "," 21,702 ",46.7,3,0,0,0
1,debt_consolidation,13%, 269 , 10.7 ,22.51,697," 3,540 "," 13,450 ",82,1,0,0,0
1,debt_consolidation,8%, 226 , 10.7 ,9.55,752," 3,180 "," 9,866 ",58.7,1,0,0,0
1,debt_consolidation,11%, 164 , 10.1 ,13.45,742," 9,395 "," 5,274 ",65.9,0,0,0,0
1,debt_consolidation,13%, 338 , 10.9 ,15.94,697," 5,340 "," 14,588 ",94.1,2,0,0,0
1,credit_card,13%, 100 , 11.0 ,7.97,682," 5,370 "," 24,876 ",86.4,1,2,0,0
1,debt_consolidation,14%, 686 , 11.4 ,22.81,687," 4,505 "," 28,619 ",74.3,1,0,1,1
1,credit_card,11%, 329 , 11.2 ,6.94,737," 6,900 "," 11,821 ",33,0,0,0,0
1,debt_consolidation,13%, 102 , 10.6 ,5.21,697," 5,640 "," 5,805 ",80.6,0,0,1,0
1,debt_consolidation,13%, 502 , 11.9 ,16.75,702," 4,800 "," 23,252 ",68.6,1,0,0,0
1,major_purchase,9%, 160 , 12.1 ,7.69,742," 6,000 "," 15,732 ",38,1,0,0,0
1,credit_card,14%, 389 , 10.9 ,22.29,667," 3,270 "," 16,672 ",72.5,0,0,0,0
1,debt_consolidation,16%, 700 , 11.7 ,22.02,702," 4,890 "," 21,873 ",75.2,0,0,0,0
1,all_other,12%, 396 , 10.5 ,15.39,712," 3,930 "," 16,862 ",54.7,2,0,0,0
1,debt_consolidation,8%, 94 , 11.3 ,14.63,757," 2,040 "," 2,238 ",3,2,0,0,0
1,home_improvement,12%, 400 , 11.0 ,18.89,707," 4,110 "," 17,710 ",60.7,1,0,0,0
1,educational,10%, 160 , 11.6 ,11.81,732," 5,310 "," 23,658 ",46.8,2,0,0,0
1,all_other,9%, 128 , 11.5 ,2.77,737," 3,480 "," 12,535 ",20,0,0,0,0
1,all_other,11%, 327 , 9.9 ,0,742," 11,147 ", -   ,0,1,1,0,0
1,all_other,10%, 321 , 11.0 ,24.57,762," 8,850 "," 23,607 ",37.5,4,0,0,1
1,educational,10%, 103 , 9.8 ,20.26,772," 1,771 ", 6 ,0.3,0,0,0,0
1,credit_card,12%, 116 , 10.5 ,14.47,702," 2,160 "," 8,716 ",51,0,0,0,0
1,all_other,13%, 335 , 10.4 ,22.56,697," 9,630 "," 18,212 ",72.6,1,0,0,1
1,all_other,11%, 131 , 10.5 ,6.36,722," 3,690 "," 15,830 ",52.8,2,0,0,0
1,debt_consolidation,9%, 319 , 10.6 ,22.18,762," 9,120 "," 4,022 ",20.6,0,0,0,0
1,all_other,11%, 327 , 11.1 ,19.87,732," 3,420 "," 20,545 ",43.2,2,0,0,0
1,all_other,13%, 84 , 10.5 ,2.2,697," 3,570 "," 2,196 ",35.4,1,0,0,1
1,educational,9%, 192 , 10.6 ,17.5,732," 7,050 "," 19,391 ",68,0,0,0,0
1,debt_consolidation,13%, 678 , 11.7 ,12.8,697," 5,640 "," 35,214 ",81,2,0,0,0
1,all_other,12%, 166 , 10.9 ,14.2,692," 1,830 "," 5,284 ",60,0,0,0,0
1,all_other,12%, 199 , 10.1 ,12.67,727," 1,710 "," 6,371 ",23.1,1,0,0,0
1,debt_consolidation,10%, 401 , 11.4 ,2.83,752," 4,800 "," 12,363 ",17.8,1,0,0,0
1,debt_consolidation,12%, 533 , 11.7 ,7,757," 5,880 "," 9,323 ",31.8,6,0,0,0
1,debt_consolidation,13%, 319 , 11.3 ,8.57,692," 2,790 "," 10,573 ",39.7,2,0,0,0
1,all_other,12%, 282 , 11.1 ,18.06,702," 3,350 "," 3,948 ",11.2,3,0,0,0
1,all_other,12%, 50 , 10.8 ,16.87,687," 2,315 ", 962 ,64.1,0,0,0,0
1,debt_consolidation,9%, 319 , 11.1 ,13.73,752," 4,230 "," 9,956 ",27.1,0,0,0,0
1,major_purchase,12%, 59 , 10.7 ,17.3,712," 2,370 "," 7,634 ",89.8,0,0,0,0
1,home_improvement,12%, 666 , 11.1 ,13.85,717," 5,730 "," 5,119 ",17.7,1,2,0,0
1,debt_consolidation,13%, 502 , 11.4 ,9.45,702," 9,360 "," 32,239 ",55.5,0,1,0,0
1,credit_card,11%, 378 , 11.0 ,24.22,732," 4,934 "," 21,354 ",30.5,1,0,0,0
1,debt_consolidation,13%, 837 , 13.5 ,9.64,727," 6,810 "," 49,139 ",86,0,0,0,0
1,educational,15%, 61 , 9.2 ,15.84,677," 2,070 ", -   ,92.3,1,0,0,0
1,debt_consolidation,11%, 493 , 11.0 ,14.86,732," 4,170 "," 16,439 ",57.9,0,0,0,0
1,debt_consolidation,10%, 308 , 10.6 ,6.85,762," 4,500 "," 12,865 ",18.8,2,0,0,0
1,debt_consolidation,14%, 82 , 10.0 ,10.47,672," 4,620 "," 5,873 ",93.2,1,0,0,0
1,debt_consolidation,14%, 248 , 10.9 ,13.86,662," 2,970 "," 16,364 ",54.5,0,1,0,0
1,credit_card,13%, 358 , 10.6 ,19.49,692," 3,480 "," 30,869 ",60.1,0,0,0,0
1,debt_consolidation,14%, 341 , 10.6 ,15.78,682," 3,180 "," 8,826 ",86.3,0,0,0,0
1,all_other,13%, 41 , 11.2 ,9.75,672," 4,457 "," 8,396 ",55.2,0,1,0,0
1,all_other,12%, 528 , 11.1 ,2.2,732," 4,740 "," 6,476 ",40.7,1,0,0,0
1,credit_card,11%, 213 , 11.0 ,13.38,717," 2,070 "," 6,678 ",48.4,1,0,0,0
1,all_other,13%, 118 , 9.8 ,20.83,672," 4,200 "," 11,740 ",83.3,3,0,0,0
1,debt_consolidation,9%, 319 , 10.6 ,7.43,752," 4,080 "," 11,314 ",37.1,2,0,0,0
1,educational,13%, 336 , 11.5 ,17.26,687," 3,243 "," 6,435 ",23,2,0,1,0
1,home_improvement,11%, 589 , 10.9 ,6.69,797," 3,690 ", 77 ,0.7,0,0,0,1
1,educational,13%, 85 , 9.6 ,16.33,672," 3,150 "," 1,159 ",38.6,1,0,0,0
1,credit_card,12%, 660 , 11.5 ,3.93,752," 4,230 "," 9,873 ",9.2,1,0,0,1
1,all_other,12%, 182 , 10.8 ,18.45,697," 3,420 "," 11,812 ",67.9,1,0,0,0
1,debt_consolidation,10%, 478 , 11.1 ,17.54,767," 4,590 "," 7,504 ",14.9,0,0,0,0
1,debt_consolidation,10%, 116 , 10.9 ,1.24,722," 6,360 "," 1,919 ",19.8,2,0,1,0
1,major_purchase,11%, 98 , 10.3 ,1.48,752," 2,010 ", 471 ,5.2,1,0,0,0
1,debt_consolidation,15%, 207 , 11.4 ,15.02,667," 5,940 "," 36,120 ",91.2,1,0,0,0
1,debt_consolidation,15%, 317 , 10.6 ,4.97,662," 2,640 "," 10,971 ",67.7,0,0,0,0
1,major_purchase,13%, 258 , 11.5 ,13.43,692," 3,990 "," 16,343 ",81.3,2,0,0,0
1,small_business,11%, 471 , 11.3 ,12.4,762," 3,066 ", 9 ,0,1,0,0,0
1,debt_consolidation,12%, 375 , 11.2 ,19.01,717," 4,950 "," 16,842 ",81.8,1,0,0,0
1,debt_consolidation,10%, 417 , 11.0 ,20.74,777," 6,060 "," 59,544 ",26.5,2,0,0,0
1,all_other,12%, 279 , 12.0 ,10.78,702," 6,990 "," 62,083 ",43.8,0,0,0,0
1,debt_consolidation,9%, 192 , 11.0 ,11.32,777," 3,480 ", -   ,0,1,0,0,0
1,educational,13%, 84 , 9.9 ,1.62,707," 1,740 "," 1,371 ",21.4,2,0,0,0
1,all_other,12%, 70 , 10.4 ,0.39,692," 2,313 ", 569 ,17.2,3,0,0,0
1,debt_consolidation,14%, 191 , 10.5 ,12.89,687," 1,770 "," 8,364 ",48.1,1,0,0,1
1,all_other,12%, 216 , 10.6 ,8.47,702," 2,160 "," 7,763 ",33.2,1,0,1,0
1,all_other,13%, 268 , 10.4 ,21.85,687," 2,084 "," 12,806 ",38.6,1,0,0,1
1,all_other,11%, 131 , 10.4 ,9,772," 5,970 "," 16,142 ",38.1,0,0,0,0
1,debt_consolidation,13%, 625 , 10.9 ,21.67,702," 4,230 "," 24,983 ",63.7,1,0,0,1
1,all_other,11%, 229 , 10.5 ,9.76,717," 2,160 "," 9,724 ",50.4,0,0,0,0
1,all_other,11%, 39 , 11.0 ,5.38,717," 5,670 "," 27,524 ",94.3,1,0,0,0
1,home_improvement,9%, 319 , 11.0 ,0,797," 4,560 ", 87 ,0.5,0,0,0,0
1,debt_consolidation,14%, 679 , 11.5 ,7.8,702," 7,746 "," 24,918 ",29.7,1,0,0,0
1,credit_card,12%, 83 , 11.7 ,8.86,687," 11,790 "," 32,812 ",48.3,0,0,0,0
1,all_other,13%, 268 , 11.0 ,6.26,707," 1,776 ", -   ,0,0,0,0,0
1,debt_consolidation,12%, 380 , 10.8 ,23.7,712," 3,330 "," 12,050 ",63.1,1,0,0,1
1,home_improvement,8%, 219 , 9.9 ,8.64,767," 4,530 "," 6,332 ",24.3,0,0,0,0
1,educational,13%, 60 , 10.4 ,13.62,677," 3,150 ", 921 ,51.2,1,0,0,0
1,debt_consolidation,11%, 329 , 11.2 ,20.06,717," 4,530 "," 3,404 ",72.4,2,0,0,0
1,credit_card,8%, 226 , 11.0 ,8.95,757," 8,820 "," 14,824 ",30.5,3,0,0,0
1,debt_consolidation,12%, 300 , 11.3 ,11.4,692," 2,400 "," 22,014 ",51.9,0,0,0,0
1,home_improvement,15%, 866 , 11.7 ,16.28,702," 7,020 "," 73,257 ",60,0,0,0,0
1,debt_consolidation,10%, 193 , 10.2 ,8.35,757," 11,297 "," 17,737 ",23.6,0,0,0,0
1,all_other,10%, 282 , 11.1 ,4.89,757," 4,620 "," 6,055 ",31.9,0,0,0,0
1,debt_consolidation,14%, 96 , 10.9 ,7.47,667," 1,492 "," 3,831 ",58,2,0,0,0
1,major_purchase,14%, 51 , 10.9 ,9.51,662," 4,950 "," 22,189 ",83.7,3,0,0,0
1,debt_consolidation,12%, 333 , 10.8 ,18.35,707," 3,066 "," 11,389 ",80.8,0,0,0,0
1,debt_consolidation,12%, 333 , 10.6 ,8.3,717," 2,760 "," 7,880 ",78.8,0,0,0,0
1,debt_consolidation,12%, 520 , 10.8 ,4.06,707," 3,165 "," 16,594 ",55.3,1,0,0,0
1,debt_consolidation,11%, 329 , 11.2 ,12.16,722," 7,860 "," 5,389 ",28.1,0,0,1,0
1,debt_consolidation,14%, 334 , 11.0 ,23.92,682," 8,970 "," 29,330 ",57.3,0,0,0,1
1,all_other,13%, 73 , 11.3 ,15.01,667," 4,050 "," 27,385 ",51.4,0,0,0,0
1,debt_consolidation,9%, 256 , 11.6 ,0.46,792," 6,720 "," 2,373 ",4.1,0,0,0,0
1,debt_consolidation,14%, 344 , 11.0 ,3.68,667," 14,133 "," 6,383 ",30.1,1,2,0,0
1,debt_consolidation,11%, 491 , 11.4 ,5.73,777," 9,241 "," 1,842 ",2.3,0,0,0,0
1,all_other,12%, 119 , 10.9 ,15.02,697," 2,460 "," 4,689 ",47.4,3,0,0,0
1,debt_consolidation,12%, 320 , 11.3 ,9.48,702," 2,400 "," 14,612 ",78.1,2,0,0,0
1,debt_consolidation,14%, 492 , 11.2 ,16.24,682," 4,140 "," 9,950 ",58.9,3,0,0,0
1,debt_consolidation,13%, 201 , 10.7 ,18.05,682," 3,210 "," 5,791 ",39.1,0,0,0,0
1,debt_consolidation,12%, 479 , 10.5 ,21.7,712," 5,382 "," 20,680 ",25.5,0,0,0,1
1,debt_consolidation,12%, 829 , 11.2 ,5.47,742," 7,200 "," 8,546 ",17.4,0,0,0,0
1,debt_consolidation,12%, 466 , 10.8 ,14.66,722," 4,140 "," 11,212 ",35.8,0,1,0,0
1,debt_consolidation,13%, 430 , 10.8 ,8.85,697," 3,900 "," 4,759 ",21.2,0,0,0,0
1,all_other,13%, 84 , 10.3 ,17.17,692," 2,940 "," 1,687 ",39.2,0,0,1,1
1,debt_consolidation,13%, 468 , 10.4 ,13.98,697," 3,720 "," 15,670 ",80.8,0,0,0,1
1,credit_card,14%, 411 , 10.7 ,7.23,672," 3,900 "," 13,018 ",81.4,3,1,0,1
1,debt_consolidation,13%, 636 , 11.3 ,10.54,717," 7,740 "," 30,092 ",85,1,1,0,0
1,debt_consolidation,8%, 187 , 11.1 ,8.04,777," 11,100 "," 53,625 ",13.4,0,0,0,0
1,debt_consolidation,13%, 361 , 10.6 ,13.2,692," 3,823 "," 21,196 ",63.8,3,0,0,0
1,debt_consolidation,12%, 199 , 11.2 ,7.15,692," 2,670 "," 5,217 ",44.6,3,0,0,0
1,debt_consolidation,13%, 237 , 9.9 ,14.66,672," 2,070 "," 8,896 ",80.1,0,0,0,0
1,credit_card,13%, 524 , 11.1 ,6.73,697," 2,199 "," 15,712 ",84.3,0,0,0,0
1,debt_consolidation,13%, 186 , 10.1 ,16.95,697," 2,760 "," 10,192 ",92.7,0,0,0,0
1,all_other,14%, 204 , 10.8 ,17.59,707," 2,100 "," 8,523 ",54.6,2,0,0,0
1,debt_consolidation,12%, 497 , 11.2 ,19.61,717," 3,540 "," 21,694 ",82.2,0,0,0,0
1,major_purchase,15%, 871 , 11.9 ,23.85,677," 6,420 "," 40,741 ",50.3,3,0,0,1
1,debt_consolidation,12%, 760 , 10.7 ,15.49,727," 3,330 "," 19,226 ",70.9,1,1,0,0
1,home_improvement,9%, 192 , 9.9 ,17.94,737," 7,262 "," 8,962 ",40.7,1,0,0,0
1,debt_consolidation,12%, 231 , 10.6 ,17.37,737," 3,030 "," 1,089 ",13.8,0,0,1,0
1,debt_consolidation,11%, 262 , 11.8 ,10.91,732," 4,980 "," 40,685 ",50.6,0,0,0,0
1,educational,12%, 281 , 11.5 ,18.87,747," 8,340 "," 57,168 ",16.6,4,0,0,0
1,all_other,12%, 165 , 10.3 ,19.96,712," 1,830 "," 1,833 ",41.7,0,0,0,0
1,credit_card,10%, 321 , 11.0 ,15.7,742," 5,460 "," 34,679 ",57.6,0,0,0,0
1,debt_consolidation,11%, 556 , 11.0 ,8.13,797," 4,800 "," 18,001 ",3.4,0,0,0,0
1,credit_card,12%, 146 , 10.6 ,14.09,707," 2,746 "," 2,759 ",14.6,2,0,0,1
1,debt_consolidation,10%, 231 , 11.3 ,9.17,762," 6,300 "," 2,392 ",47.8,2,0,0,0
1,credit_card,14%, 385 , 11.1 ,16.42,672," 2,430 "," 18,514 ",82.3,0,0,0,0
1,all_other,14%, 69 , 11.0 ,13.42,722," 3,930 "," 26,719 ",99.4,1,0,0,0
1,all_other,15%, 863 , 13.3 ,1.03,702," 5,670 "," 26,856 ",0,3,1,0,0
1,debt_consolidation,13%, 304 , 11.3 ,12.71,682," 1,680 "," 12,641 ",55.7,3,0,0,0
1,debt_consolidation,13%, 309 , 10.8 ,20.69,707," 2,970 "," 22,473 ",50.4,0,0,0,1
1,debt_consolidation,12%, 100 , 10.3 ,7.35,687," 2,400 "," 2,572 ",30.3,0,0,0,0
1,home_improvement,7%, 47 , 10.9 ,13.57,787," 4,470 "," 14,105 ",18.8,0,0,0,0
1,all_other,14%, 111 , 10.0 ,23.65,677," 3,510 ", 545 ,90.8,2,0,2,0
1,debt_consolidation,17%, 537 , 12.1 ,9.49,672," 2,520 "," 12,108 ",57.1,0,0,0,1
1,home_improvement,8%, 187 , 11.4 ,6.62,772," 7,200 "," 20,104 ",29.6,0,0,0,0
1,debt_consolidation,12%, 80 , 11.0 ,24.39,692," 5,280 "," 18,430 ",63.3,2,0,0,0
1,debt_consolidation,11%, 314 , 11.0 ,15.21,732," 4,560 "," 6,376 ",18.9,1,0,1,0
1,debt_consolidation,11%, 559 , 11.2 ,22.5,742," 5,850 "," 42,106 ",56.3,3,0,0,0
1,credit_card,13%, 203 , 10.3 ,5.2,682," 1,685 "," 6,001 ",31.8,0,0,0,0
1,home_improvement,14%, 860 , 12.6 ,1.48,702," 5,280 "," 28,367 ",66.5,2,1,0,0
1,all_other,8%, 187 , 11.5 ,9.61,777," 10,200 "," 35,306 ",28.2,2,0,0,0
1,debt_consolidation,11%, 393 , 11.2 ,9.32,737," 3,669 "," 22,636 ",67.6,0,0,0,0
1,all_other,13%, 85 , 11.5 ,13.76,682," 10,743 "," 45,304 ",96.6,1,0,0,0
1,major_purchase,8%, 201 , 11.0 ,1.57,767," 4,020 "," 4,521 ",10.1,0,0,0,0
1,credit_card,13%, 81 , 11.2 ,1.05,697," 3,630 "," 1,229 ",30,1,0,3,0
1,credit_card,12%, 133 , 10.1 ,3.6,717," 4,140 "," 3,155 ",67.1,0,0,0,0
1,credit_card,10%, 225 , 10.6 ,13.79,732," 2,850 "," 20,571 ",49.6,0,0,0,0
1,debt_consolidation,13%, 338 , 10.7 ,24.47,682," 3,180 "," 10,193 ",44.9,0,1,0,0
1,debt_consolidation,15%, 207 , 11.1 ,12.57,682," 7,230 "," 17,133 ",66.7,2,1,0,1
1,all_other,13%, 68 , 10.3 ,15.39,722," 1,140 ", 604 ,30.2,2,0,0,0
1,debt_consolidation,11%, 448 , 10.3 ,16.8,727," 3,330 "," 15,286 ",41.7,1,0,0,0
1,home_improvement,9%, 160 , 11.5 ,6.56,737," 8,160 "," 27,226 ",49.8,0,0,0,0
1,debt_consolidation,13%, 269 , 11.2 ,17.3,687," 2,502 "," 17,461 ",61.1,2,0,0,0
1,debt_consolidation,12%, 199 , 11.2 ,15.87,697," 4,500 "," 37,138 ",73.4,1,0,0,1
1,credit_card,12%, 143 , 10.7 ,13.73,737," 7,140 "," 4,357 ",87.1,0,0,0,0
1,major_purchase,11%, 131 , 11.0 ,18.15,717," 3,210 "," 21,885 ",34,1,0,0,0
1,debt_consolidation,16%, 742 , 11.3 ,13.61,667," 3,390 "," 9,090 ",72.7,1,0,0,0
1,debt_consolidation,14%, 275 , 10.9 ,6.88,667," 3,960 "," 9,760 ",66.8,0,0,0,1
1,all_other,8%, 94 , 10.9 ,0.65,792," 3,480 ", 332 ,0.5,0,0,0,0
1,all_other,12%, 199 , 11.4 ,22.03,692," 11,430 "," 58,780 ",75.1,0,0,0,0
1,debt_consolidation,12%, 253 , 11.0 ,2.08,727," 2,820 "," 1,763 ",25.2,1,0,0,0
1,educational,13%, 57 , 9.5 ,10.11,697," 3,660 "," 2,246 ",97.7,2,0,0,0
1,small_business,11%, 105 , 10.5 ,7.51,732," 2,070 ", 997 ,24.3,0,0,0,0
1,home_improvement,14%, 268 , 10.5 ,8.82,667," 3,240 "," 9,288 ",56.3,1,0,0,0
1,debt_consolidation,14%, 136 , 10.7 ,13.6,687," 1,380 "," 4,318 ",86.4,3,0,0,0
1,all_other,9%, 319 , 11.4 ,6.4,767," 4,380 "," 1,513 ",5.2,2,0,0,0
1,credit_card,11%, 442 , 10.7 ,9.18,742," 3,690 "," 28,075 ",57.8,1,0,0,0
1,all_other,8%, 188 , 11.1 ,3.63,757," 2,790 ", 508 ,6.1,0,0,0,0
1,debt_consolidation,12%, 159 , 11.0 ,15.32,697," 4,950 "," 52,275 ",33.7,0,0,0,0
1,all_other,12%, 199 , 10.5 ,9.81,762," 1,140 ", 147 ,2.4,0,0,0,0
1,small_business,9%, 230 , 10.6 ,15.56,737," 3,540 "," 1,138 ",9.5,0,0,0,0
1,all_other,8%, 188 , 11.0 ,14.04,762," 5,610 "," 2,081 ",10.1,1,0,0,0
1,educational,12%, 200 , 11.3 ,21.17,687," 4,020 "," 34,866 ",70.1,1,0,0,0
1,home_improvement,9%, 319 , 10.3 ,2.56,782," 2,340 ", 473 ,1.9,0,0,0,0
1,debt_consolidation,12%, 159 , 10.6 ,18.65,707," 5,580 "," 4,224 ",40.2,1,0,1,0
1,debt_consolidation,12%, 666 , 11.2 ,14.63,727," 4,320 "," 28,585 ",60.8,0,0,0,1
1,debt_consolidation,14%, 103 , 10.4 ,1.22,662," 3,450 ", 443 ,15.8,1,1,0,0
1,credit_card,11%, 213 , 11.0 ,14.13,722," 3,090 "," 5,339 ",20.1,0,0,0,0
1,credit_card,15%, 347 , 12.1 ,5.99,662," 3,841 "," 6,204 ",27.8,1,0,0,0
1,credit_card,14%, 516 , 11.7 ,16.89,677," 14,191 "," 71,663 ",83.2,2,0,0,0
1,debt_consolidation,9%, 95 , 9.9 ,1.8,747," 3,252 "," 2,087 ",50.9,1,0,0,0
1,debt_consolidation,9%, 204 , 10.3 ,23.83,737," 3,960 "," 6,729 ",64.7,0,0,0,0
1,debt_consolidation,12%, 396 , 10.6 ,14.47,712," 2,760 "," 10,913 ",69.5,0,0,0,0
1,all_other,8%, 156 , 11.7 ,1.27,772," 4,500 "," 5,081 ",5.1,3,0,0,0
1,credit_card,12%, 283 , 10.2 ,19.42,702," 1,800 "," 12,920 ",72.2,0,0,0,0
1,all_other,12%, 165 , 9.7 ,10.57,722," 1,710 "," 5,308 ",40.2,0,0,0,0
1,credit_card,12%, 133 , 9.9 ,24.54,697," 3,030 "," 14,460 ",71.6,0,0,0,0
1,debt_consolidation,13%, 338 , 10.0 ,3.89,697," 1,530 "," 10,090 ",29.7,1,0,0,0
1,debt_consolidation,13%, 538 , 11.3 ,17.16,702," 5,490 "," 19,306 ",70.2,2,0,1,0
1,home_improvement,8%, 125 , 11.5 ,0.87,777," 4,410 "," 5,220 ",12.7,3,0,0,0
1,credit_card,14%, 239 , 10.7 ,18.35,707," 7,170 "," 12,197 ",95.3,1,0,0,1
1,home_improvement,9%, 294 , 10.9 ,19.63,782," 7,080 "," 1,492 ",16.8,0,0,0,0
1,debt_consolidation,11%, 236 , 11.5 ,7.01,717," 12,060 "," 10,147 ",31.7,3,0,0,0
1,all_other,12%, 133 , 9.5 ,8.23,697," 2,100 "," 3,347 ",79.7,1,0,0,0
1,all_other,14%, 136 , 11.2 ,8.19,712," 4,049 "," 11,352 ",98.7,2,0,0,1
1,debt_consolidation,11%, 209 , 10.1 ,6.15,742," 8,370 "," 8,810 ",23.2,1,0,0,0
1,all_other,14%, 155 , 11.8 ,17.46,682," 4,800 "," 66,461 ",90.1,0,0,0,0
1,small_business,12%, 167 , 10.9 ,12.84,722," 13,020 "," 5,867 ",70.7,0,0,0,0
1,all_other,12%, 113 , 11.9 ,22.56,702," 4,380 "," 67,843 ",91.8,0,0,0,1
1,home_improvement,9%, 160 , 11.7 ,8.45,762," 5,610 "," 20,334 ",25.5,4,0,0,0
1,educational,12%, 83 , 9.8 ,19.18,697," 1,830 ", 483 ,4.6,1,1,0,0
1,educational,9%, 160 , 9.8 ,19.14,752," 8,640 "," 11,096 ",10.4,0,1,0,0
1,all_other,13%, 235 , 9.6 ,3,707," 1,200 "," 3,449 ",19.7,2,0,0,1
1,small_business,15%, 553 , 10.8 ,18.53,672," 4,230 "," 3,364 ",44.9,1,1,0,1
1,debt_consolidation,13%, 446 , 11.0 ,7.26,697," 3,793 "," 10,965 ",85.7,0,0,0,0
1,credit_card,13%, 441 , 10.7 ,13.88,692," 2,554 "," 21,199 ",90.2,0,0,0,0
1,educational,16%, 131 , 10.5 ,13.07,662," 1,501 "," 5,635 ",97.2,0,0,0,0
1,credit_card,13%, 309 , 10.7 ,21.66,692," 3,090 "," 14,299 ",79.4,0,0,0,0
1,debt_consolidation,8%, 218 , 11.0 ,13.36,782," 7,740 "," 21,054 ",21.4,1,0,0,0
1,credit_card,9%, 383 , 10.8 ,6.84,777," 7,230 "," 26,050 ",26.1,0,0,0,0
1,major_purchase,8%, 157 , 10.6 ,5.09,807," 6,511 ", 112 ,1.1,0,0,0,0
1,major_purchase,11%, 312 , 10.7 ,19.04,757," 7,050 ", 336 ,4.7,1,0,0,0
1,all_other,12%, 149 , 10.8 ,4.37,702," 3,571 "," 1,961 ",55.7,0,0,0,0
1,debt_consolidation,10%, 321 , 11.5 ,18.23,737," 4,590 "," 21,578 ",68.5,1,0,0,0
1,credit_card,13%, 118 , 10.4 ,8.42,687," 2,400 "," 5,174 ",89.2,1,0,0,0
1,debt_consolidation,12%, 305 , 10.7 ,22.37,712," 1,890 "," 8,558 ",27.3,3,0,0,0
1,debt_consolidation,9%, 224 , 11.4 ,7.12,732," 4,410 "," 21,477 ",84.9,0,0,0,0
1,debt_consolidation,12%, 666 , 11.0 ,20.54,717," 3,750 "," 16,777 ",63.3,0,0,0,0
1,all_other,10%, 128 , 11.1 ,10.99,747," 6,690 "," 28,817 ",66.6,0,0,0,0
1,small_business,10%, 321 , 11.1 ,1.04,742," 5,701 "," 4,435 ",36.2,2,0,0,0
1,small_business,13%, 403 , 11.4 ,11.87,727," 1,560 "," 7,951 ",41.8,2,0,0,0
1,all_other,8%, 188 , 11.3 ,6.51,767," 7,800 "," 20,991 ",47,2,0,0,0
1,all_other,12%, 364 , 11.8 ,19.67,717," 11,400 "," 32,818 ",87.1,0,0,1,0
1,all_other,14%, 341 , 10.4 ,15.49,677," 2,340 "," 15,968 ",47.8,3,0,0,1
1,debt_consolidation,11%, 394 , 11.2 ,11.38,732," 3,660 "," 6,789 ",16.3,1,1,0,0
1,debt_consolidation,11%, 493 , 10.6 ,12.06,742," 6,060 "," 24,651 ",42.4,1,0,0,0
1,all_other,12%, 279 , 10.3 ,5.4,717," 6,361 "," 6,291 ",81.7,1,0,0,0
1,debt_consolidation,12%, 343 , 10.8 ,8.09,727," 3,960 "," 10,167 ",89.2,0,0,0,0
1,credit_card,10%, 212 , 11.5 ,18.68,752," 12,810 "," 22,329 ",40.2,1,0,0,0
1,credit_card,12%, 825 , 12.3 ,10.07,747," 9,810 "," 33,697 ",51.5,2,1,0,0
1,debt_consolidation,13%, 201 , 10.7 ,18.89,682," 5,130 "," 6,334 ",68.1,2,0,1,1
1,debt_consolidation,13%, 543 , 11.1 ,24.09,697," 4,470 "," 21,180 ",81.5,0,0,0,0
1,credit_card,12%, 267 , 11.0 ,19.23,702," 3,240 "," 30,140 ",89.4,1,0,0,0
1,all_other,9%, 379 , 11.1 ,9.45,792," 8,430 "," 2,910 ",5.8,1,0,0,0
1,educational,9%, 477 , 11.2 ,10.2,782," 13,335 "," 4,254 ",23.9,0,0,0,0
1,small_business,18%, 364 , 11.8 ,21.85,682," 3,600 "," 68,276 ",88,0,0,0,0
1,home_improvement,13%, 672 , 11.2 ,9.92,712," 4,860 "," 11,440 ",27.7,1,0,0,0
1,all_other,11%, 246 , 10.9 ,16.97,722," 5,190 "," 9,200 ",42.8,0,0,0,0
1,all_other,8%, 219 , 10.4 ,15.21,752," 5,880 "," 17,576 ",36.3,0,0,0,1
1,all_other,9%, 160 , 11.0 ,13.62,742," 5,910 "," 21,305 ",35.4,0,0,0,0
1,debt_consolidation,12%, 663 , 11.9 ,7.32,732," 8,370 "," 27,062 ",79.6,0,0,0,0
1,debt_consolidation,13%, 281 , 11.2 ,4.16,687," 5,700 "," 13,573 ",30.8,2,0,0,0
1,major_purchase,8%, 94 , 10.7 ,3.77,807," 4,711 ", 133 ,0.3,0,0,0,0
1,debt_consolidation,12%, 500 , 10.7 ,7.88,717," 2,460 "," 22,197 ",37.8,1,0,0,0
1,all_other,12%, 139 , 11.0 ,12.32,702," 2,190 "," 2,094 ",20.7,1,2,0,0
1,debt_consolidation,17%, 748 , 11.4 ,14.76,662," 7,637 "," 23,738 ",71.3,1,0,0,1
1,educational,8%, 157 , 11.4 ,6.39,777," 3,510 ", -   ,0,0,0,0,0
1,home_improvement,12%, 666 , 12.0 ,1.56,747," 3,090 "," 9,787 ",52.3,1,0,0,0
1,home_improvement,9%, 99 , 10.9 ,23.89,727," 7,440 "," 28,774 ",71.4,0,0,0,0
1,credit_card,15%, 402 , 11.8 ,16.79,682," 11,190 "," 54,194 ",85.7,0,0,1,1
1,debt_consolidation,13%, 403 , 10.9 ,22.85,702," 2,496 "," 17,385 ",71.2,0,0,0,0
1,home_improvement,12%, 116 , 11.5 ,16.46,697," 5,730 "," 12,032 ",56.8,0,1,0,0
1,all_other,13%, 296 , 10.7 ,12.58,732," 5,910 "," 24,621 ",94,1,0,0,0
1,small_business,12%, 825 , 11.4 ,0.13,787," 2,280 "," 1,068 ",3.1,3,0,0,0
1,all_other,9%, 160 , 10.6 ,19.31,742," 6,720 "," 7,160 ",39.3,0,0,0,0
1,all_other,13%, 837 , 12.4 ,11.73,717," 7,230 "," 5,509 ",10.6,3,0,0,0
1,credit_card,9%, 256 , 11.7 ,3.35,752," 7,650 "," 5,752 ",30.3,0,0,0,0
1,credit_card,12%, 398 , 10.7 ,22.77,717," 2,730 "," 36,261 ",67.1,1,0,0,0
1,all_other,12%, 165 , 10.5 ,13.52,807," 4,590 ", 323 ,1.8,0,0,0,0
1,debt_consolidation,13%, 405 , 11.2 ,7.42,682," 3,840 "," 38,963 ",79.4,1,0,0,0
1,credit_card,13%, 108 , 11.1 ,12.06,697," 3,510 "," 10,678 ",97.1,0,0,0,0
1,debt_consolidation,8%, 132 , 10.4 ,17.48,767," 8,223 "," 1,127 ",40.2,0,0,0,0
1,credit_card,9%, 381 , 11.0 ,7.78,762," 12,267 "," 12,893 ",14.1,1,0,0,0
1,debt_consolidation,14%, 342 , 10.3 ,13.96,672," 4,620 "," 12,022 ",20,3,0,0,0
1,all_other,14%, 205 , 10.4 ,7.98,662," 2,010 "," 2,122 ",58.9,1,2,0,0
1,home_improvement,9%, 383 , 11.4 ,9.15,787," 7,470 "," 9,825 ",24.3,0,0,0,0
1,debt_consolidation,14%, 341 , 10.5 ,18.16,682," 6,660 "," 17,473 ",47.9,0,0,0,0
1,all_other,11%, 99 , 10.8 ,9.05,707," 2,490 "," 6,371 ",37.9,2,0,0,0
1,debt_consolidation,12%, 297 , 11.2 ,14.52,722," 3,810 "," 1,778 ",88.9,1,0,0,0
1,all_other,12%, 506 , 11.7 ,8.91,742," 4,454 "," 10,750 ",76.8,5,0,0,0
1,all_other,13%, 94 , 10.8 ,2.35,697," 3,270 "," 3,511 ",40.4,1,0,0,0
1,educational,13%, 268 , 10.7 ,11.17,687," 3,480 "," 1,150 ",13.9,0,0,0,0
1,debt_consolidation,13%, 102 , 11.1 ,17.48,672," 3,480 "," 3,848 ",75.5,1,0,0,0
1,all_other,13%, 188 , 9.7 ,10.2,722," 1,440 "," 3,183 ",66.3,2,0,0,0
1,debt_consolidation,8%, 41 , 10.8 ,19.19,757," 3,480 "," 2,513 ",9.6,1,0,0,0
1,debt_consolidation,12%, 497 , 10.8 ,20.27,712," 4,020 "," 6,478 ",35.2,0,0,0,0
1,all_other,9%, 128 , 10.8 ,8.67,802," 4,050 ", 34 ,0.3,0,0,0,0
1,debt_consolidation,14%, 327 , 11.6 ,5.39,697," 6,330 "," 29,526 ",95.6,0,0,0,0
1,all_other,8%, 187 , 11.2 ,1.86,782," 4,110 "," 1,738 ",12.6,0,0,0,0
1,debt_consolidation,11%, 427 , 10.8 ,17.43,742," 3,330 "," 28,895 ",39.9,0,0,0,0
1,debt_consolidation,12%, 267 , 11.2 ,21.73,692," 5,970 "," 25,449 ",69.3,0,0,0,0
1,all_other,9%, 32 , 11.4 ,7.27,732," 6,510 "," 5,690 ",21.5,0,0,0,0
1,debt_consolidation,14%, 170 , 10.3 ,19.78,682," 1,230 "," 6,130 ",57.3,3,0,0,0
1,debt_consolidation,14%, 211 , 10.7 ,17.42,677," 4,183 "," 9,954 ",95.7,0,0,0,0
1,all_other,13%, 134 , 10.5 ,10.41,687," 2,640 "," 12,160 ",80.5,0,0,0,0
1,small_business,19%, 59 , 10.6 ,14.6,662," 3,780 ", 215 ,71.7,1,0,0,0
1,home_improvement,9%, 399 , 10.8 ,11.71,782," 4,800 "," 1,052 ",8.6,0,0,0,0
1,educational,13%, 270 , 12.2 ,17.03,687," 4,320 "," 113,463 ",92.8,0,0,0,0
1,small_business,8%, 112 , 10.7 ,8.96,757," 8,520 "," 13,574 ",24.2,1,0,0,0
1,all_other,14%, 138 , 10.5 ,4.61,662," 5,490 "," 4,093 ",80.3,1,0,0,0
1,home_improvement,10%, 514 , 12.6 ,0.16,787," 5,460 "," 2,764 ",10.7,1,0,0,0
1,all_other,11%, 163 , 10.8 ,12.69,762," 5,970 "," 16,992 ",44.5,5,0,0,1
1,all_other,12%, 333 , 11.3 ,11.91,702," 3,780 "," 2,015 ",31,1,0,0,0
1,debt_consolidation,12%, 398 , 10.9 ,15.26,712," 4,620 "," 5,604 ",80.1,3,0,0,0
1,small_business,11%, 394 , 11.2 ,13.01,722," 2,971 "," 12,649 ",67.3,0,0,0,1
1,home_improvement,13%, 509 , 10.7 ,13.13,687," 9,840 "," 15,273 ",24.9,2,1,0,1
1,all_other,13%, 91 , 10.3 ,16.09,707," 1,830 ", 828 ,92,3,0,0,0
1,all_other,11%, 327 , 11.2 ,13.2,722," 4,920 "," 19,761 ",41.5,2,0,0,0
1,credit_card,9%, 142 , 10.7 ,17.77,737," 2,910 "," 5,437 ",23.4,1,0,0,0
1,debt_consolidation,15%, 241 , 10.7 ,10.64,682," 1,800 "," 8,557 ",77.1,1,0,0,0
1,all_other,11%, 394 , 11.0 ,5.52,757," 3,900 "," 14,313 ",46.2,2,0,0,0
1,all_other,10%, 103 , 10.5 ,0.33,732," 4,290 ", 496 ,4.1,1,0,1,0
1,home_improvement,10%, 297 , 10.7 ,0,807," 7,320 "," 1,454 ",4,2,0,0,1
1,all_other,15%, 345 , 10.8 ,12.72,712," 5,130 "," 4,456 ",22.6,0,0,1,0
1,debt_consolidation,10%, 417 , 11.0 ,8.03,747," 4,563 "," 8,454 ",27,2,0,0,0
1,home_improvement,12%, 398 , 11.9 ,17.84,707," 5,700 ", 614 ,17.5,2,0,1,0
1,credit_card,9%, 383 , 10.5 ,2.34,797," 8,190 "," 4,615 ",6.5,0,0,0,1
1,debt_consolidation,11%, 526 , 11.4 ,8.83,742," 7,500 "," 19,123 ",53,1,0,0,0
1,debt_consolidation,11%, 451 , 10.9 ,16.09,737," 6,180 "," 23,569 ",70.8,0,0,0,0
1,debt_consolidation,15%, 604 , 11.2 ,18.82,687," 2,580 "," 35,954 ",82.8,0,0,0,0
1,home_improvement,8%, 218 , 11.3 ,23.21,777," 8,430 "," 36,268 ",32.9,2,0,0,1
1,major_purchase,17%, 214 , 11.3 ,18.05,662," 3,120 ", 82 ,1.3,1,1,0,0
1,all_other,9%, 102 , 9.7 ,0,737," 2,100 ", -   ,0,0,0,0,0
1,home_improvement,13%, 201 , 11.0 ,10.18,682," 6,750 "," 7,613 ",82.7,2,0,0,0
1,debt_consolidation,13%, 621 , 10.8 ,14.24,707," 4,290 "," 26,551 ",70.1,0,0,0,0
1,debt_consolidation,13%, 212 , 10.3 ,23.54,687," 2,820 "," 11,387 ",90.4,1,0,0,0
1,debt_consolidation,12%, 775 , 11.4 ,15.03,752," 10,020 "," 44,539 ",59.8,0,0,0,0
1,all_other,15%, 138 , 10.3 ,0,692," 1,350 ", -   ,0,2,0,0,0
1,all_other,12%, 226 , 10.0 ,15.43,712," 3,420 "," 4,435 ",16.6,2,0,0,0
1,all_other,11%, 654 , 11.5 ,13.62,792," 7,440 "," 37,466 ",30.9,1,0,0,0
1,all_other,9%, 224 , 10.5 ,20.06,747," 5,700 "," 3,255 ",30.2,0,0,0,0
1,all_other,11%, 526 , 11.1 ,9.3,747," 3,300 "," 2,362 ",7.9,1,0,0,0
1,educational,11%, 183 , 10.3 ,10.56,722," 3,330 ", 716 ,5.4,3,0,0,1
1,debt_consolidation,13%, 543 , 11.1 ,12,707," 6,690 "," 14,493 ",88.9,0,0,0,0
1,debt_consolidation,12%, 53 , 11.3 ,18.13,702," 5,640 "," 25,886 ",94.1,1,1,0,0
1,debt_consolidation,13%, 335 , 10.7 ,8.9,692," 2,010 "," 9,158 ",52.3,2,0,0,0
1,debt_consolidation,12%, 643 , 11.6 ,15.44,727," 7,680 "," 61,595 ",51.6,0,0,0,0
1,small_business,19%, 439 , 10.8 ,12.6,712," 3,690 "," 11,957 ",43.5,2,0,0,0
1,educational,10%, 343 , 10.8 ,10.86,737," 3,660 "," 1,772 ",7.4,2,1,0,0
1,all_other,12%, 660 , 12.6 ,6.93,762," 10,680 ", -   ,0,1,0,0,0
1,small_business,19%, 353 , 10.5 ,5.93,667," 5,820 "," 11,670 ",81.6,1,0,1,0
1,all_other,9%, 128 , 10.9 ,12,752," 2,856 "," 1,112 ",2.7,1,0,0,0
1,home_improvement,11%, 237 , 11.5 ,0.61,717," 5,700 "," 4,452 ",45.4,0,0,1,0
1,educational,12%, 79 , 10.2 ,15.05,692," 3,451 ", 731 ,5.8,3,1,0,1
1,debt_consolidation,11%, 365 , 10.6 ,15.92,722," 8,833 "," 5,455 ",83.9,0,0,0,0
1,all_other,14%, 241 , 11.7 ,14.65,662," 4,590 "," 34,454 ",70.7,3,0,0,0
1,all_other,8%, 125 , 9.7 ,12.6,762," 6,033 ", 998 ,6,1,0,0,0
1,credit_card,12%, 333 , 11.4 ,22.47,737," 7,740 "," 61,374 ",61.8,2,0,0,0
1,small_business,19%, 914 , 11.5 ,6.76,712," 8,191 "," 38,898 ",80.5,3,1,0,0
1,debt_consolidation,14%, 34 , 11.2 ,3.63,672," 3,930 "," 9,795 ",95.1,2,0,1,0
1,debt_consolidation,15%, 173 , 10.2 ,4.31,687," 1,440 "," 3,329 ",95.1,0,0,0,1
1,small_business,19%, 184 , 10.9 ,22.59,662," 3,300 "," 22,312 ",81.1,0,0,0,1
1,all_other,10%, 160 , 10.9 ,21.81,727," 2,460 "," 2,369 ",36.4,1,0,0,0
1,all_other,12%, 100 , 11.7 ,10.29,697," 2,850 "," 6,324 ",79,0,0,1,0
1,small_business,12%, 594 , 11.2 ,16.78,727," 3,510 "," 30,372 ",56.1,0,0,0,1
1,home_improvement,10%, 321 , 10.7 ,8.94,742," 7,950 "," 14,716 ",38.4,0,0,0,0
1,home_improvement,8%, 201 , 11.1 ,0,807," 3,960 ", -   ,0,1,0,0,0
1,all_other,13%, 163 , 10.3 ,22.84,672," 1,710 "," 1,002 ",83.5,0,0,0,0
1,home_improvement,9%, 319 , 10.9 ,9.26,762," 2,160 "," 3,391 ",9.2,1,0,0,0
1,credit_card,12%, 660 , 12.0 ,19.27,742," 4,200 "," 149,527 ",72.6,0,0,0,0
1,debt_consolidation,13%, 301 , 11.0 ,14.1,697," 3,000 "," 3,006 ",30.7,3,0,0,0
1,major_purchase,12%, 267 , 11.4 ,0.07,722," 4,950 ", 5 ,0,0,0,0,0
1,debt_consolidation,14%, 205 , 10.5 ,21.3,662," 2,550 "," 8,710 ",23.9,0,1,0,1
1,debt_consolidation,16%, 88 , 10.4 ,14.29,667," 3,810 ", 286 ,95.3,0,2,0,0
1,educational,9%, 383 , 10.3 ,13.88,777," 3,450 "," 1,505 ",12.5,0,0,0,0
1,home_improvement,10%, 385 , 10.9 ,7.46,752," 5,220 "," 5,674 ",9.5,0,0,0,0
1,debt_consolidation,16%, 706 , 11.2 ,11.81,677," 2,820 "," 23,998 ",91.2,1,0,0,0
1,debt_consolidation,16%, 261 , 10.8 ,3.85,662," 1,140 "," 6,375 ",70.8,0,0,0,0
1,all_other,12%, 264 , 11.6 ,18.25,707," 5,160 "," 57,261 ",84.6,1,0,0,0
1,debt_consolidation,11%, 98 , 10.1 ,17.57,717," 2,317 ", 590 ,36.9,3,0,0,0
1,debt_consolidation,9%, 128 , 10.6 ,12.99,747," 2,010 "," 2,727 ",12.8,2,0,0,0
1,small_business,18%, 91 , 10.9 ,12.07,667," 2,460 "," 19,336 ",79.6,0,0,0,0
1,debt_consolidation,14%, 344 , 11.0 ,8,677," 3,060 "," 1,547 ",20.9,3,0,0,0
1,all_other,12%, 66 , 9.4 ,5.7,707," 2,970 "," 1,616 ",52.1,1,0,0,0
1,home_improvement,12%, 66 , 11.0 ,6.46,692," 3,813 "," 9,171 ",25.5,0,0,0,0
1,debt_consolidation,9%, 224 , 10.3 ,24.54,737," 2,430 "," 6,242 ",16.1,3,0,0,0
1,debt_consolidation,13%, 473 , 10.9 ,9.19,697," 2,310 "," 8,262 ",54.7,3,0,1,0
1,all_other,11%, 329 , 11.6 ,16.29,717," 6,000 "," 5,742 ",43.8,0,0,0,0
1,debt_consolidation,14%, 548 , 10.7 ,11.55,682," 9,420 "," 14,731 ",86.1,0,0,0,0
1,home_improvement,11%, 314 , 11.3 ,8.74,727," 7,740 "," 10,993 ",20.5,0,1,0,0
1,debt_consolidation,12%, 495 , 10.6 ,10.4,742," 3,660 "," 15,680 ",44.7,0,0,0,0
1,debt_consolidation,11%, 296 , 12.3 ,9.11,712," 4,620 "," 12,904 ",66.9,0,0,0,0
1,debt_consolidation,8%, 345 , 11.8 ,4.13,802," 7,980 "," 5,272 ",7.4,0,0,0,0
1,debt_consolidation,12%, 332 , 11.2 ,15.25,727," 5,130 "," 7,642 ",28.2,1,0,0,0
1,credit_card,8%, 188 , 11.4 ,13.27,752," 2,250 "," 7,501 ",26.8,0,0,0,0
1,all_other,13%, 335 , 10.5 ,18.49,707," 2,460 "," 5,124 ",51.2,2,0,0,0
1,debt_consolidation,8%, 313 , 10.7 ,12.56,782," 7,560 "," 5,096 ",21.5,1,0,0,0
1,all_other,10%, 160 , 11.9 ,15.07,727," 8,940 "," 19,654 ",77.4,0,0,0,0
1,debt_consolidation,14%, 144 , 9.7 ,11.1,677," 1,140 "," 3,830 ",64.9,0,0,0,0
1,debt_consolidation,15%, 425 , 11.4 ,23.8,662," 5,293 "," 19,136 ",69.1,1,1,0,0
1,all_other,11%, 164 , 10.9 ,12.24,717," 6,090 "," 24,004 ",75.5,2,0,0,0
1,debt_consolidation,12%, 561 , 10.9 ,16.94,762," 4,950 "," 11,467 ",39.1,0,0,0,0
1,all_other,13%, 840 , 11.4 ,12.44,742," 4,800 "," 5,193 ",49.5,4,0,0,0
1,debt_consolidation,13%, 608 , 11.4 ,8.71,697," 4,200 "," 15,008 ",44.8,0,1,0,0
1,debt_consolidation,13%, 509 , 11.1 ,10.69,692," 1,710 "," 14,045 ",85.6,1,0,0,0
1,all_other,8%, 157 , 10.9 ,20.6,762," 4,290 "," 5,388 ",26.9,0,0,0,0
1,all_other,12%, 280 , 10.6 ,14.05,707," 3,930 ", 490 ,9.6,2,0,0,0
1,debt_consolidation,12%, 637 , 11.4 ,12.09,727," 4,830 "," 12,982 ",32.1,1,0,0,0
1,major_purchase,13%, 181 , 11.2 ,6.65,687," 3,660 "," 9,785 ",59.3,1,0,0,0
1,educational,11%, 523 , 11.4 ,3.68,752," 4,096 "," 3,327 ",10.7,0,0,0,1
1,home_improvement,9%, 319 , 11.5 ,12.29,782," 7,236 ", -   ,0,0,0,0,0
1,all_other,13%, 134 , 11.1 ,11.92,682," 10,890 "," 33,115 ",55.6,1,0,0,1
1,small_business,9%, 112 , 9.9 ,7.25,767," 9,663 "," 4,160 ",40.8,0,0,0,0
1,debt_consolidation,13%, 170 , 10.5 ,24.94,677," 4,980 "," 13,147 ",78.3,0,0,0,0
1,major_purchase,8%, 301 , 11.7 ,5.93,777," 5,850 "," 5,981 ",14.5,1,0,0,0
1,debt_consolidation,16%, 458 , 11.0 ,23.85,662," 3,240 "," 8,373 ",57,0,1,0,1
1,small_business,20%, 623 , 11.5 ,5.36,667," 4,170 "," 5,848 ",24.3,3,3,0,1
1,debt_consolidation,13%, 262 , 11.2 ,16.77,697," 5,850 "," 13,835 ",87.9,0,0,0,0
1,all_other,13%, 182 , 10.8 ,5.49,687," 1,980 "," 1,158 ",27.6,1,1,0,0
1,debt_consolidation,14%, 856 , 11.4 ,11.67,707," 4,110 "," 17,958 ",55.3,0,0,0,0
1,all_other,9%, 96 , 10.8 ,8.33,732," 6,930 "," 14,161 ",46.9,0,0,0,0
1,credit_card,18%, 319 , 11.2 ,21.85,672," 4,680 "," 24,471 ",74.5,2,0,0,0
1,small_business,8%, 157 , 10.7 ,17.84,772," 6,240 "," 5,392 ",9.4,4,0,0,0
1,home_improvement,11%, 822 , 12.5 ,5.53,787," 10,860 "," 3,131 ",8.9,2,0,0,0
1,all_other,12%, 333 , 11.0 ,24.7,712," 2,217 "," 17,809 ",46.4,1,0,0,0
1,home_improvement,12%, 165 , 11.1 ,12.42,707," 5,970 ", -   ,7.28,2,1,0,0
1,credit_card,14%, 240 , 12.3 ,7.57,662," 4,080 "," 5,086 ",57.8,1,0,1,1
1,all_other,15%, 104 , 10.6 ,16.77,662," 2,730 "," 6,241 ",90.4,0,0,0,0
1,all_other,13%, 303 , 11.2 ,19.09,692," 2,790 "," 24,401 ",88.4,0,0,0,0
1,debt_consolidation,14%, 211 , 10.6 ,9,682," 5,400 "," 4,480 ",81.5,3,0,0,0
1,debt_consolidation,11%, 98 , 10.4 ,7.42,712," 5,562 "," 6,630 ",39.2,3,0,0,0
1,home_improvement,13%, 64 , 10.4 ,23.29,672," 3,000 "," 24,209 ",54.9,2,0,0,0
1,all_other,11%, 245 , 11.1 ,11.65,742," 11,040 "," 62,466 ",58.8,4,0,0,0
1,all_other,8%, 94 , 9.9 ,13.56,747," 2,023 "," 7,783 ",17.7,1,0,0,0
1,debt_consolidation,9%, 96 , 12.3 ,11.77,732," 6,030 "," 12,176 ",36.1,1,0,0,0
1,all_other,10%, 154 , 10.2 ,7.67,732," 2,190 "," 6,246 ",54.8,2,0,0,1
1,all_other,14%, 52 , 11.0 ,20,697," 4,380 "," 23,187 ",99.1,2,0,0,0
1,debt_consolidation,8%, 188 , 10.6 ,14.58,767," 5,310 "," 3,812 ",16.8,0,0,0,0
1,all_other,10%, 58 , 10.6 ,8.52,727," 1,772 ", 733 ,30.4,1,0,0,0
1,small_business,18%, 903 , 11.4 ,4.93,722," 3,750 "," 2,036 ",10.1,2,0,1,1
1,debt_consolidation,12%, 165 , 11.4 ,18.48,702," 3,810 "," 2,591 ",74,1,1,0,0
1,educational,13%, 282 , 11.5 ,22.54,682," 3,990 "," 65,621 ",81.5,1,0,0,1
1,educational,11%, 164 , 11.1 ,7.72,717," 5,700 "," 1,460 ",38.4,2,0,0,0
1,debt_consolidation,10%, 128 , 11.3 ,8.6,732," 2,040 "," 3,275 ",14.7,0,0,0,0
1,all_other,10%, 385 , 11.2 ,9.12,747," 2,760 "," 5,212 ",8.4,2,0,0,0
1,home_improvement,12%, 396 , 11.2 ,4.3,717," 8,460 "," 12,293 ",20.6,1,1,0,0
1,home_improvement,8%, 188 , 11.3 ,7.41,807," 6,630 "," 1,112 ",1.2,1,0,0,0
1,all_other,11%, 328 , 10.0 ,8.28,727," 2,032 "," 4,328 ",10.3,2,0,0,0
1,educational,16%, 422 , 10.8 ,13.26,667," 1,710 "," 2,626 ",61.1,3,0,0,0
1,all_other,9%, 118 , 9.6 ,5.52,742," 2,430 ", -   ,0,0,0,0,0
1,all_other,14%, 411 , 11.0 ,15.55,677," 2,250 "," 4,450 ",37.1,1,0,0,0
1,debt_consolidation,13%, 237 , 10.9 ,17.69,672," 2,100 "," 6,062 ",55.6,0,0,0,0
1,debt_consolidation,13%, 305 , 11.7 ,22.61,682," 7,230 "," 75,723 ",92.9,2,0,0,0
1,debt_consolidation,10%, 205 , 11.5 ,16.44,742," 5,460 "," 14,001 ",34.7,4,0,0,0
1,debt_consolidation,13%, 577 , 10.7 ,13.03,697," 4,596 "," 17,088 ",73.7,2,0,0,0
1,credit_card,9%, 319 , 11.1 ,3.33,797," 4,800 ", -   ,0,0,0,0,0
1,debt_consolidation,10%, 347 , 10.5 ,8.85,732," 3,150 "," 10,935 ",52.1,0,0,0,1
1,debt_consolidation,14%, 682 , 11.5 ,19.76,692," 6,960 "," 22,512 ",65.2,0,0,0,0
1,all_other,12%, 33 , 11.4 ,5.57,697," 8,520 "," 5,742 ",55.2,0,1,0,0
1,all_other,12%, 165 , 10.5 ,7.36,762," 2,250 ", -   ,0,1,0,0,0
1,debt_consolidation,9%, 192 , 10.5 ,7.85,737," 3,210 "," 9,432 ",47.2,2,0,0,0
1,debt_consolidation,16%, 177 , 11.2 ,16.75,662," 1,560 "," 3,901 ",95.1,0,0,0,0
1,all_other,13%, 538 , 10.5 ,22.34,722," 3,966 ", -   ,0,0,0,0,0
1,all_other,13%, 678 , 10.8 ,17.46,697," 2,850 "," 8,467 ",26.7,1,0,0,0
1,debt_consolidation,13%, 286 , 10.8 ,24.43,732," 9,350 "," 8,359 ",91.9,1,0,0,0
1,debt_consolidation,14%, 481 , 10.7 ,7.67,672," 4,380 "," 7,106 ",67.7,0,0,0,0
1,credit_card,14%, 375 , 10.7 ,14.97,692," 1,621 "," 9,900 ",60,1,0,0,0
1,all_other,9%, 319 , 10.7 ,20.92,767," 4,692 "," 24,523 ",37.9,0,0,0,0
1,debt_consolidation,13%, 339 , 11.4 ,22.65,692," 10,440 "," 14,943 ",54.3,0,1,0,0
1,debt_consolidation,9%, 96 , 10.3 ,13.91,757," 3,540 ", -   ,0,1,0,0,0
1,all_other,13%, 167 , 10.9 ,7.53,717," 3,240 "," 2,196 ",39.9,1,0,0,0
1,major_purchase,11%, 386 , 10.5 ,1.99,762," 3,540 "," 5,234 ",11.4,3,0,0,0
1,major_purchase,8%, 235 , 11.9 ,0.92,802," 9,300 "," 7,914 ",6.5,1,0,0,0
1,debt_consolidation,17%, 321 , 12.4 ,11.67,667," 3,870 "," 22,353 ",99.3,0,0,1,1
1,small_business,11%, 394 , 11.0 ,6.33,782," 3,631 ", 157 ,0.6,0,0,0,0
1,small_business,18%, 122 , 11.0 ,7.35,697," 1,680 "," 4,596 ",51.6,0,0,0,0
1,all_other,13%, 34 , 10.6 ,19.63,672," 3,870 "," 11,189 ",86.7,2,1,0,0
1,educational,12%, 40 , 9.5 ,24.09,707," 1,387 ", 772 ,25.7,0,0,0,0
1,debt_consolidation,13%, 529 , 10.9 ,18.66,697," 3,120 "," 13,514 ",92.6,2,0,0,0
1,all_other,13%, 204 , 10.3 ,20.25,702," 1,200 "," 2,314 ",32.1,1,0,0,0
1,debt_consolidation,13%, 54 , 10.1 ,2.98,712," 1,113 "," 3,375 ",51.1,0,0,0,0
1,debt_consolidation,16%, 322 , 10.8 ,12.98,662," 5,160 "," 16,651 ",63.3,0,0,0,0
1,debt_consolidation,11%, 403 , 11.6 ,9.38,747," 5,670 "," 39,833 ",86.1,1,0,0,0
1,debt_consolidation,12%, 363 , 11.4 ,9.32,722," 3,750 "," 19,827 ",90.9,0,0,0,0
1,credit_card,9%, 319 , 12.2 ,8.36,802," 11,685 "," 144,723 ",3.3,0,0,0,0
1,debt_consolidation,13%, 167 , 10.5 ,19.14,682," 2,220 "," 19,876 ",77,0,0,0,0
1,credit_card,10%, 225 , 10.7 ,24.59,727," 4,470 "," 10,082 ",56.3,0,0,0,0
1,small_business,12%, 198 , 9.8 ,18.07,707," 1,770 "," 10,040 ",32.1,0,0,0,0
1,all_other,13%, 134 , 10.8 ,1.07,732," 1,140 "," 1,332 ",19.9,0,0,0,0
1,debt_consolidation,11%, 329 , 10.8 ,12.24,722," 4,985 "," 14,483 ",36.5,1,0,0,0
1,all_other,11%, 329 , 11.4 ,10.41,747," 3,901 "," 14,406 ",37.1,3,0,0,0
1,small_business,17%, 887 , 11.7 ,2.84,742," 6,750 "," 6,835 ",13.2,1,0,0,1
1,small_business,19%, 914 , 11.7 ,19.3,707," 6,810 "," 26,339 ",49,2,0,0,0
1,debt_consolidation,8%, 94 , 11.2 ,8.78,762," 3,630 "," 2,211 ",6.2,0,0,0,0
1,credit_card,9%, 77 , 10.6 ,9,737," 2,610 "," 10,379 ",69.2,0,0,0,0
1,all_other,12%, 133 , 10.9 ,12.91,692," 4,290 "," 24,671 ",66,1,1,0,0
1,debt_consolidation,14%, 685 , 11.9 ,13.1,692," 5,370 ", -   ,0,1,0,0,0
1,debt_consolidation,13%, 669 , 10.6 ,17.76,722," 3,267 "," 18,658 ",66.9,0,0,0,0
1,credit_card,8%, 108 , 10.3 ,21.6,737," 6,810 "," 22,245 ",44.5,1,0,0,0
1,major_purchase,15%, 208 , 11.1 ,11.58,717," 4,530 "," 5,518 ",98.3,0,0,0,0
1,all_other,10%, 96 , 11.3 ,16.86,717," 7,350 "," 31,089 ",78.1,1,0,0,0
1,debt_consolidation,9%, 192 , 11.2 ,4.06,747," 2,250 "," 5,307 ",12.8,1,0,0,0
1,credit_card,12%, 453 , 11.2 ,22.18,712," 3,990 "," 34,560 ",84.9,2,0,0,0
1,educational,12%, 70 , 10.1 ,19.35,687," 13,410 ", -   ,0,0,0,0,0
1,all_other,9%, 288 , 11.4 ,0,812," 4,800 "," 1,343 ",3.1,1,0,0,0
1,debt_consolidation,9%, 332 , 11.5 ,6.3,762," 5,400 "," 42,307 ",38,1,0,0,0
1,debt_consolidation,8%, 138 , 10.4 ,10.76,747," 3,300 ", 433 ,7.3,0,0,0,0
1,all_other,12%, 318 , 10.5 ,21.15,707," 3,575 "," 30,332 ",44.4,3,0,0,0
1,educational,12%, 666 , 12.0 ,8.95,727," 7,158 "," 31,340 ",61.3,3,0,0,0
1,debt_consolidation,11%, 493 , 11.0 ,5.46,787," 5,820 "," 17,911 ",32.6,2,0,0,1
1,all_other,13%, 102 , 10.8 ,19.75,672," 6,960 "," 17,015 ",53.8,1,0,0,0
1,debt_consolidation,13%, 50 , 10.9 ,23.09,672," 4,561 "," 31,698 ",79.2,3,0,0,0
1,small_business,10%, 472 , 11.3 ,4.71,762," 6,810 "," 3,629 ",17.9,0,1,0,0
1,debt_consolidation,12%, 825 , 11.5 ,19.57,752," 4,230 "," 17,091 ",38.8,1,0,0,0
1,all_other,12%, 594 , 11.5 ,11.35,727," 5,550 "," 32,831 ",66.6,1,0,0,1
1,all_other,12%, 333 , 10.7 ,0,707," 2,640 "," 4,924 ",23.8,0,1,0,0
1,home_improvement,9%, 160 , 10.8 ,1.39,777," 6,930 "," 2,294 ",6.1,0,0,0,0
1,credit_card,14%, 479 , 11.0 ,22.14,677," 5,700 "," 14,180 ",58.6,1,0,0,0
1,credit_card,12%, 833 , 11.4 ,17.59,727," 3,330 "," 34,155 ",45.5,0,0,0,0
1,home_improvement,8%, 125 , 10.8 ,18.07,797," 5,520 "," 3,832 ",6.6,0,0,0,0
1,debt_consolidation,9%, 112 , 11.0 ,16.92,727," 2,070 "," 3,160 ",33.3,1,0,0,0
1,debt_consolidation,14%, 682 , 12.4 ,5.4,687," 6,780 "," 11,356 ",78.7,1,0,0,0
1,debt_consolidation,11%, 229 , 10.2 ,13.68,717," 2,100 "," 4,635 ",60.2,3,0,0,0
1,home_improvement,13%, 101 , 10.8 ,0.56,717," 1,260 "," 1,672 ",53.9,2,0,0,0
1,all_other,11%, 164 , 11.6 ,15.75,717," 4,680 "," 34,267 ",67.5,2,0,0,0
1,debt_consolidation,12%, 429 , 10.6 ,17.37,717," 3,630 "," 14,391 ",34.4,2,0,0,0
1,major_purchase,14%, 477 , 10.9 ,6.71,687," 4,800 "," 16,826 ",81.3,2,0,0,1
1,credit_card,13%, 259 , 11.7 ,24.54,702," 6,270 "," 72,544 ",93.6,0,0,0,0
1,debt_consolidation,12%, 333 , 10.6 ,4.59,742," 4,020 "," 5,784 ",52.6,1,0,0,0
1,debt_consolidation,15%, 261 , 11.2 ,7.09,667," 5,850 "," 25,908 ",97.4,1,0,1,0
1,debt_consolidation,12%, 396 , 11.0 ,13.89,722," 2,760 "," 7,636 ",26.9,1,0,0,1
1,debt_consolidation,12%, 666 , 11.5 ,8.89,722," 5,400 "," 20,636 ",22.6,2,1,0,0
1,home_improvement,12%, 500 , 11.5 ,9.19,712," 2,310 "," 24,204 ",30,2,0,0,0
1,debt_consolidation,13%, 507 , 10.9 ,6.52,692," 3,630 "," 10,372 ",50.1,0,0,0,0
1,all_other,10%, 205 , 10.7 ,21.01,727," 3,720 "," 2,210 ",11.9,1,0,0,0
1,major_purchase,8%, 113 , 10.5 ,2.23,737," 4,590 "," 5,015 ",8.2,1,0,0,0
1,home_improvement,9%, 302 , 11.4 ,6.27,747," 3,450 "," 6,382 ",9.4,0,0,0,0
1,debt_consolidation,9%, 192 , 10.3 ,5.57,752," 4,950 "," 8,143 ",18.4,0,0,0,0
1,small_business,16%, 420 , 11.1 ,11.94,712," 6,897 "," 13,583 ",26.6,0,0,0,1
1,debt_consolidation,12%, 260 , 11.0 ,11.69,692," 2,070 "," 7,133 ",63.7,1,0,0,0
1,educational,13%, 167 , 10.3 ,0,697," 1,860 ", -   ,0,1,1,0,1
1,credit_card,15%, 86 , 9.8 ,6.93,662," 2,520 "," 4,299 ",17.1,1,0,0,1
1,credit_card,9%, 160 , 11.1 ,13.79,737," 3,630 "," 5,163 ",28.1,1,0,0,0
1,all_other,12%, 99 , 11.6 ,15.18,712," 7,140 "," 21,072 ",94.6,1,0,0,0
1,debt_consolidation,9%, 128 , 10.6 ,17.82,747," 3,990 "," 24,764 ",32,0,0,0,1
1,debt_consolidation,12%, 133 , 10.6 ,13.26,692," 3,630 "," 6,172 ",22.2,0,0,0,0
1,debt_consolidation,13%, 149 , 10.8 ,6.69,707," 6,420 "," 11,374 ",68.1,1,1,0,1
1,small_business,8%, 157 , 9.5 ,16.8,762," 3,660 "," 1,970 ",7.5,0,0,0,0
1,all_other,10%, 152 , 10.3 ,12.52,727," 2,550 "," 6,070 ",30.3,3,0,0,1
1,small_business,17%, 178 , 10.8 ,21.7,687," 4,620 "," 5,800 ",66.7,2,1,0,1
1,debt_consolidation,13%, 344 , 10.6 ,14.57,697," 2,850 "," 8,504 ",87.7,2,0,0,0
1,all_other,13%, 301 , 11.3 ,21.4,692," 5,040 "," 7,407 ",45.4,1,0,0,0
1,debt_consolidation,8%, 157 , 11.5 ,16.21,747," 8,970 "," 78,532 ",36.9,3,0,0,0
1,major_purchase,11%, 495 , 11.3 ,0.66,752," 2,790 ", 513 ,7,3,0,0,0
1,all_other,12%, 283 , 10.5 ,9.23,722," 1,487 ", 364 ,12.1,1,0,0,0
1,home_improvement,9%, 319 , 10.9 ,12.62,777," 3,330 ", 798 ,4.9,0,0,0,0
1,educational,9%, 332 , 10.6 ,14.47,752," 2,970 "," 3,741 ",10.2,1,0,0,0
1,small_business,10%, 289 , 11.4 ,15.85,732," 4,590 "," 27,458 ",63.4,0,0,0,0
1,debt_consolidation,16%, 565 , 11.0 ,5.64,662," 4,770 "," 19,607 ",76.9,0,0,0,0
1,home_improvement,12%, 500 , 10.7 ,14.51,712," 5,700 "," 5,786 ",48.6,3,0,1,1
1,debt_consolidation,15%, 312 , 11.0 ,23.75,677," 3,570 "," 15,149 ",92.9,1,0,0,0
1,debt_consolidation,11%, 263 , 11.4 ,8.04,722," 6,300 "," 7,670 ",57.7,1,0,0,0
1,debt_consolidation,14%, 682 , 11.3 ,14.94,692," 4,500 "," 36,449 ",45.1,0,0,0,1
1,educational,9%, 48 , 11.1 ,5.94,742," 5,880 "," 2,232 ",38.5,0,0,0,0
1,credit_card,13%, 403 , 10.5 ,11.21,687," 8,100 "," 8,568 ",48.1,1,4,0,1
1,credit_card,9%, 224 , 10.5 ,23.42,737," 4,680 "," 22,450 ",52.9,1,0,0,0
1,major_purchase,14%, 274 , 10.7 ,8.8,702," 1,410 ", -   ,0,2,0,0,0
1,debt_consolidation,11%, 329 , 11.4 ,2.54,717," 6,750 "," 12,809 ",26.3,3,0,1,0
1,home_improvement,15%, 871 , 13.0 ,0.13,687," 2,520 "," 4,853 ",14.8,2,0,0,0
1,debt_consolidation,15%, 347 , 10.7 ,11.92,667," 4,020 "," 29,482 ",80.3,1,0,0,1
1,credit_card,13%, 201 , 10.6 ,11.24,682," 1,890 "," 9,469 ",65.8,0,1,0,0
1,all_other,12%, 333 , 11.4 ,10.45,702," 3,420 "," 17,328 ",45.7,0,0,0,1
1,debt_consolidation,14%, 818 , 11.8 ,5.72,707," 6,061 "," 24,146 ",58.9,0,0,0,0
1,credit_card,13%, 509 , 11.4 ,3.77,682," 4,800 "," 24,545 ",66.9,0,0,0,0
1,debt_consolidation,13%, 91 , 10.7 ,9.17,697," 6,600 "," 2,857 ",92.2,0,0,0,0
1,small_business,18%, 216 , 10.8 ,5.03,697," 1,740 "," 3,881 ",55.4,0,0,0,0
1,all_other,13%, 100 , 11.0 ,12.98,682," 4,800 "," 8,288 ",83.7,0,0,0,0
1,small_business,18%, 539 , 11.3 ,9.18,692," 5,982 "," 10,055 ",37.5,0,0,0,0
1,credit_card,9%, 349 , 11.7 ,7.14,742," 8,490 "," 22,162 ",17.5,0,0,0,0
1,all_other,12%, 160 , 11.2 ,9.41,697," 3,750 "," 21,069 ",87.8,0,0,0,0
1,major_purchase,8%, 157 , 10.2 ,2.36,752," 2,192 "," 2,583 ",31.5,1,0,0,0
1,debt_consolidation,8%, 188 , 10.7 ,10.64,762," 11,700 "," 74,759 ",13.9,0,0,0,0
1,debt_consolidation,16%, 176 , 10.4 ,16.3,662," 3,616 ", -   ,0,0,1,0,1
1,credit_card,14%, 272 , 9.7 ,7.35,692," 1,514 "," 4,341 ",31.2,0,0,0,0
1,all_other,12%, 216 , 11.3 ,18.1,702," 5,490 "," 14,575 ",36.4,1,0,0,0
1,major_purchase,10%, 449 , 11.3 ,11.88,802," 4,290 "," 1,236 ",3.9,1,0,0,0
1,educational,13%, 128 , 10.7 ,17.01,702," 2,550 "," 5,144 ",29.1,0,0,0,0
1,debt_consolidation,13%, 365 , 10.7 ,19.05,692," 3,990 "," 13,067 ",89.5,1,0,0,0
1,all_other,11%, 57 , 9.7 ,23.65,712," 12,630 "," 14,385 ",25.6,3,0,0,0
1,major_purchase,11%, 98 , 11.0 ,7.4,722," 5,040 "," 11,855 ",76,2,1,0,1
1,credit_card,16%, 883 , 12.6 ,14.67,687," 7,320 "," 95,324 ",96.4,0,0,0,0
1,all_other,10%, 160 , 11.1 ,22.37,727," 2,670 "," 3,649 ",28.5,1,0,0,0
1,debt_consolidation,12%, 660 , 10.8 ,12.46,772," 4,141 ", -   ,0,1,0,0,0
1,all_other,8%, 175 , 11.1 ,17.13,757," 6,150 "," 4,728 ",18.8,1,0,0,0
1,debt_consolidation,13%, 134 , 10.6 ,18.39,687," 4,050 "," 7,227 ",70.9,0,0,0,0
1,credit_card,15%, 87 , 11.2 ,16.3,667," 3,600 "," 16,242 ",95.5,0,0,0,0
1,debt_consolidation,10%, 385 , 10.5 ,15.94,767," 7,140 "," 12,002 ",29.4,1,0,0,0
1,debt_consolidation,12%, 332 , 11.4 ,13.95,712," 6,810 "," 32,678 ",75.8,0,0,1,0
1,all_other,13%, 269 , 10.7 ,16.73,682," 3,600 "," 4,075 ",20.4,0,0,0,0
1,debt_consolidation,15%, 379 , 11.1 ,12.7,682," 10,821 "," 21,479 ",82.3,0,0,0,0
1,debt_consolidation,12%, 531 , 11.5 ,13.93,717," 7,080 "," 9,867 ",24.1,1,0,0,0
1,major_purchase,12%, 300 , 10.9 ,24.35,702," 3,600 "," 43,751 ",86.3,0,0,0,0
1,all_other,11%, 327 , 11.2 ,0.82,722," 5,985 "," 2,401 ",8.1,0,0,0,0
1,debt_consolidation,14%, 204 , 11.7 ,9.74,672," 5,521 "," 41,042 ",82.1,2,0,0,0
1,debt_consolidation,11%, 460 , 10.5 ,22.83,722," 3,570 "," 10,400 ",40.2,2,0,0,0
1,all_other,9%, 115 , 10.7 ,2.1,797," 5,161 ", -   ,0,0,0,0,0
1,home_improvement,10%, 112 , 10.6 ,5.31,717," 3,270 "," 4,199 ",27.6,1,0,0,0
1,small_business,15%, 139 , 9.6 ,15.04,787," 3,870 "," 1,573 ",3.5,1,0,0,0
1,debt_consolidation,13%, 490 , 10.7 ,24.91,687," 3,900 "," 15,134 ",74.6,0,0,0,0
1,debt_consolidation,11%, 592 , 11.1 ,10.93,742," 5,550 "," 29,596 ",30.8,0,0,0,1
1,debt_consolidation,8%, 188 , 10.8 ,18.09,722," 3,870 "," 23,919 ",67.6,2,0,0,0
1,debt_consolidation,13%, 134 , 9.3 ,11.7,687," 1,710 "," 3,789 ",75.8,0,0,0,0
1,debt_consolidation,15%, 173 , 10.1 ,15.05,672," 1,380 "," 9,802 ",63.6,2,1,0,0
1,debt_consolidation,13%, 134 , 11.1 ,3.26,712," 1,740 "," 3,690 ",73.8,0,0,0,0
1,debt_consolidation,13%, 463 , 10.9 ,23.29,682," 3,300 "," 18,749 ",61.1,3,1,0,0
1,debt_consolidation,11%, 196 , 10.0 ,8.82,742," 7,320 ", 591 ,29.5,0,0,0,0
1,debt_consolidation,12%, 200 , 10.2 ,11.05,687," 4,590 "," 14,387 ",68.5,0,0,0,1
1,debt_consolidation,14%, 682 , 11.7 ,15,687," 7,680 "," 24,911 ",27.2,1,2,0,0
1,home_improvement,10%, 231 , 11.4 ,3.61,777," 4,500 ", -   ,0,0,0,0,0
1,credit_card,12%, 117 , 10.6 ,8.28,687," 5,250 "," 3,900 ",43.7,0,1,0,0
1,credit_card,13%, 235 , 10.8 ,16.06,692," 2,940 "," 19,609 ",73.7,2,0,0,0
1,debt_consolidation,10%, 321 , 10.8 ,21.89,747," 6,390 "," 33,895 ",33.3,0,0,0,0
1,major_purchase,8%, 125 , 11.1 ,14.19,772," 2,340 ", 471 ,2.6,2,0,0,0
1,major_purchase,9%, 192 , 11.5 ,9.51,742," 4,680 "," 31,108 ",34.9,0,0,0,1
1,small_business,18%, 252 , 10.3 ,13.16,712," 2,100 "," 12,017 ",73.7,1,0,0,0
1,debt_consolidation,13%, 403 , 10.4 ,23.05,687," 5,070 "," 8,856 ",28.2,2,2,1,0
1,debt_consolidation,12%, 450 , 11.1 ,18.72,707," 3,181 "," 28,714 ",53.1,0,0,0,0
1,educational,14%, 201 , 9.9 ,0.56,682," 6,540 ", -   ,0,2,0,0,0
1,all_other,9%, 143 , 11.5 ,9.6,752," 3,894 "," 50,284 ",32.6,3,0,0,0
1,major_purchase,9%, 112 , 10.8 ,8.94,767," 2,070 ", 280 ,2.1,0,0,0,0
1,home_improvement,8%, 204 , 11.7 ,8.79,752," 7,440 "," 7,828 ",13.2,3,0,0,0
1,debt_consolidation,14%, 206 , 10.8 ,4.88,662," 2,100 "," 5,565 ",43.1,0,0,0,0
1,all_other,13%, 122 , 9.6 ,15.28,682," 1,410 ", 371 ,37.1,1,0,0,0
1,debt_consolidation,14%, 239 , 11.2 ,13.41,682," 4,620 "," 22,541 ",57.1,1,0,0,0
1,debt_consolidation,12%, 300 , 11.5 ,8.6,697," 5,640 "," 20,994 ",75.8,1,0,0,0
1,educational,9%, 256 , 10.3 ,16.8,772," 5,970 "," 7,590 ",25.7,0,0,0,0
1,home_improvement,13%, 228 , 11.1 ,4.1,747," 2,790 ", 155 ,1.2,6,0,0,1
1,debt_consolidation,12%, 328 , 10.6 ,18.19,707," 3,607 "," 8,737 ",70.5,0,0,0,0
1,debt_consolidation,13%, 448 , 10.5 ,22.25,687," 3,955 "," 23,698 ",78.7,0,0,0,0
1,credit_card,11%, 87 , 10.8 ,20.8,702," 15,420 "," 8,129 ",63,1,0,0,0
1,debt_consolidation,12%, 495 , 11.2 ,10.22,752," 8,400 "," 16,877 ",54.4,1,0,0,0
1,all_other,17%, 751 , 10.8 ,13.38,667," 5,647 ", -   ,0,1,3,0,0
1,all_other,8%, 157 , 11.0 ,7.12,752," 5,670 "," 13,538 ",48.9,3,0,0,0
1,all_other,8%, 100 , 10.3 ,2.84,762," 2,550 ", 179 ,0.5,1,0,0,0
1,educational,13%, 269 , 9.5 ,0,717," 1,440 ", -   ,0,3,0,0,1
1,debt_consolidation,8%, 125 , 10.8 ,17.06,782," 4,290 "," 1,950 ",18.7,3,0,0,0
1,debt_consolidation,12%, 265 , 9.9 ,8.46,712," 4,170 "," 14,326 ",75.4,0,0,0,0
1,all_other,12%, 60 , 11.0 ,19.82,732," 3,720 "," 16,854 ",96.3,0,0,0,0
1,debt_consolidation,13%, 338 , 10.7 ,15.47,687," 1,680 "," 4,351 ",33.7,0,0,0,1
1,debt_consolidation,14%, 275 , 10.9 ,7,662," 1,950 "," 14,867 ",57.6,2,0,0,0
1,all_other,10%, 289 , 11.4 ,7.19,757," 2,760 ", 11 ,0.1,1,0,0,1
1,all_other,15%, 173 , 11.4 ,14.04,672," 5,490 "," 9,952 ",97.6,1,0,0,0
1,debt_consolidation,12%, 283 , 11.1 ,9.18,692," 1,980 "," 9,283 ",72.5,0,0,0,0
1,debt_consolidation,13%, 269 , 10.7 ,8.32,712," 2,100 "," 9,572 ",76.6,0,0,0,0
1,credit_card,16%, 700 , 11.7 ,16.77,677," 2,280 "," 29,799 ",53,3,0,0,0
1,home_improvement,13%, 282 , 11.9 ,0.39,712," 8,160 "," 5,714 ",28.4,3,0,0,0
1,debt_consolidation,8%, 94 , 10.3 ,10.4,742," 3,810 "," 8,112 ",18.2,0,0,0,0
1,credit_card,13%, 351 , 10.8 ,23.49,697," 2,850 "," 18,709 ",63.9,1,0,0,0
1,all_other,14%, 120 , 10.2 ,14.67,672," 5,250 "," 10,455 ",95.3,3,1,0,1
1,credit_card,11%, 163 , 10.1 ,21.6,707," 4,800 "," 6,010 ",41.4,0,1,0,0
1,debt_consolidation,11%, 523 , 10.6 ,17,752," 4,290 "," 1,850 ",7.6,1,0,0,0
1,major_purchase,11%, 263 , 11.0 ,4.46,742," 2,550 "," 4,824 ",47.8,2,0,0,0
1,home_improvement,11%, 427 , 11.2 ,15.31,742," 5,580 ", 957 ,16.8,2,0,0,0
1,debt_consolidation,11%, 657 , 11.4 ,12.15,757," 3,780 "," 5,948 ",56.6,0,0,0,0
1,debt_consolidation,10%, 385 , 11.1 ,11.76,752," 7,650 "," 54,707 ",50.6,2,0,0,1
1,debt_consolidation,13%, 471 , 11.9 ,8.88,717," 1,110 "," 2,424 ",15.6,1,0,0,0
1,all_other,13%, 141 , 10.2 ,10.21,682," 4,020 "," 4,002 ",61.6,2,0,0,1
1,debt_consolidation,17%, 497 , 11.2 ,12.75,707," 5,088 "," 65,335 ",66.9,1,0,0,0
1,debt_consolidation,13%, 284 , 11.1 ,22.05,692," 7,020 "," 33,321 ",83.5,1,0,0,0
1,debt_consolidation,10%, 321 , 11.2 ,13.79,737," 3,060 "," 21,027 ",17.7,1,0,0,0
1,all_other,13%, 572 , 10.2 ,7.8,752," 13,140 "," 77,929 ",8.3,7,0,0,1
1,credit_card,9%, 188 , 11.0 ,5.07,737," 5,342 "," 4,499 ",17.8,1,0,0,0
1,debt_consolidation,15%, 418 , 10.9 ,8.51,672," 4,410 "," 7,494 ",94.9,1,0,0,0
1,all_other,15%, 207 , 9.9 ,12.32,662," 1,770 "," 5,825 ",48.5,0,0,0,0
1,all_other,12%, 495 , 11.7 ,4.34,727," 4,740 "," 13,410 ",20,0,0,0,0
1,all_other,16%, 490 , 11.7 ,6.02,687," 3,240 "," 7,755 ",90.2,1,0,0,0
1,credit_card,12%, 352 , 10.9 ,9.25,717," 7,200 "," 17,808 ",58,2,0,0,0
1,debt_consolidation,13%, 234 , 11.0 ,6.64,697," 5,730 "," 11,391 ",67,1,0,0,0
1,all_other,8%, 156 , 10.5 ,3.65,797," 9,420 "," 4,787 ",10.8,0,0,0,0
1,credit_card,15%, 518 , 11.1 ,6.79,687," 2,130 "," 11,314 ",87,2,0,0,0
1,debt_consolidation,13%, 709 , 11.8 ,8.23,702," 10,590 "," 11,956 ",71.1,2,0,1,0
1,debt_consolidation,13%, 254 , 10.8 ,13.23,677," 3,180 "," 8,815 ",51,1,0,0,0
1,all_other,13%, 47 , 8.5 ,17.68,722," 2,100 ", -   ,2.5,3,0,0,0
1,educational,13%, 135 , 10.3 ,4.28,752," 8,280 "," 2,049 ",9.1,8,0,0,0
1,debt_consolidation,13%, 338 , 11.4 ,18.31,702," 3,240 "," 16,528 ",22.9,1,0,0,0
1,credit_card,13%, 602 , 11.5 ,16.42,707," 7,860 "," 11,318 ",35.3,0,0,0,0
1,all_other,12%, 267 , 10.5 ,6.21,717," 1,590 "," 6,883 ",65.6,0,0,0,0
1,educational,14%, 204 , 10.3 ,10.84,677," 2,670 "," 3,962 ",56.6,1,0,0,0
1,debt_consolidation,12%, 400 , 10.9 ,17.12,702," 4,170 "," 15,524 ",29,0,0,0,0
1,debt_consolidation,10%, 289 , 10.7 ,8.77,737," 3,210 "," 15,228 ",60.4,1,0,0,0
1,debt_consolidation,13%, 371 , 10.9 ,7.62,682," 2,670 "," 10,756 ",69.8,0,0,0,0
1,debt_consolidation,15%, 261 , 10.7 ,15.84,662," 3,210 "," 5,015 ",85,0,0,0,0
1,major_purchase,12%, 266 , 10.8 ,2.32,762," 4,474 "," 7,470 ",38.3,1,0,0,0
1,credit_card,9%, 153 , 11.3 ,17.26,742," 5,160 "," 22,101 ",26.8,0,0,0,0
1,small_business,20%, 623 , 11.0 ,21.34,662," 3,960 "," 13,337 ",59,0,1,1,1
1,debt_consolidation,14%, 392 , 10.6 ,10.89,687," 3,660 "," 11,637 ",91.6,1,0,0,0
1,credit_card,11%, 394 , 10.7 ,17.39,722," 2,700 "," 5,079 ",14.8,2,0,0,0
1,debt_consolidation,11%, 327 , 10.8 ,22.46,727," 4,170 "," 10,593 ",37.2,0,0,0,0
1,major_purchase,14%, 329 , 11.4 ,12.72,667," 5,310 "," 11,265 ",39,0,2,0,0
1,debt_consolidation,11%, 230 , 11.0 ,18.2,712," 7,470 "," 42,157 ",86.6,1,0,0,0
1,debt_consolidation,10%, 225 , 10.8 ,12.77,727," 7,320 "," 13,539 ",68.7,0,0,0,0
1,home_improvement,10%, 366 , 11.8 ,4.21,807," 4,260 "," 58,518 ",0,1,0,0,0
1,debt_consolidation,11%, 327 , 10.8 ,8.9,727," 3,180 "," 6,048 ",26.8,1,0,0,0
1,debt_consolidation,15%, 312 , 11.0 ,11.3,662," 1,770 "," 12,842 ",61.7,2,0,0,0
1,debt_consolidation,15%, 691 , 12.0 ,10.2,712," 3,960 "," 106,181 ",94.1,0,1,0,0
1,small_business,15%, 418 , 11.2 ,10.39,742," 2,786 "," 2,577 ",6.3,1,0,0,0
1,debt_consolidation,11%, 314 , 11.9 ,8.75,732," 3,120 "," 33,147 ",34.9,2,0,0,0
1,debt_consolidation,16%, 352 , 11.4 ,8.6,672," 5,220 "," 9,132 ",36.5,2,0,0,0
1,credit_card,12%, 182 , 10.7 ,17.94,697," 2,820 "," 5,668 ",76.6,3,1,0,0
1,all_other,10%, 353 , 10.8 ,19.48,737," 2,910 "," 1,100 ",7.7,1,0,0,0
1,all_other,11%, 427 , 11.4 ,18.36,732," 2,070 "," 5,730 ",10.8,1,0,0,0
1,debt_consolidation,12%, 783 , 10.9 ,16.21,737," 5,010 "," 29,276 ",71.5,0,0,0,0
1,debt_consolidation,12%, 265 , 10.6 ,15.69,717," 2,640 "," 7,131 ",93.8,0,0,0,0
1,debt_consolidation,7%, 140 , 11.4 ,14.18,797," 4,940 "," 5,254 ",11.6,0,0,0,0
1,all_other,12%, 497 , 11.2 ,11.85,752," 2,160 "," 1,281 ",2.3,4,0,0,0
1,debt_consolidation,11%, 174 , 11.5 ,8.47,742," 4,896 "," 73,258 ",89.9,1,0,0,0
1,debt_consolidation,10%, 481 , 10.9 ,10.87,782," 6,540 "," 17,040 ",39.4,2,0,0,0
1,debt_consolidation,14%, 445 , 11.1 ,17.51,682," 5,670 "," 22,388 ",91.3,3,2,0,0
1,debt_consolidation,13%, 439 , 10.8 ,9.53,687," 1,860 "," 13,472 ",80.7,0,0,0,0
1,debt_consolidation,13%, 589 , 11.1 ,10.05,737," 6,030 "," 51,054 ",58.8,1,0,0,0
1,debt_consolidation,13%, 351 , 11.4 ,6.73,682," 4,290 "," 4,611 ",30.7,0,1,0,0
1,all_other,9%, 48 , 10.8 ,18.2,722," 3,720 "," 1,498 ",6.7,1,0,0,0
1,credit_card,19%, 910 , 11.7 ,24.97,672," 4,290 "," 96,565 ",88.9,0,0,0,0
1,debt_consolidation,13%, 405 , 11.2 ,18.22,697," 4,561 "," 10,157 ",63.9,1,0,0,1
1,debt_consolidation,12%, 308 , 11.4 ,4.12,722," 3,150 "," 1,067 ",46.4,1,0,0,0
1,debt_consolidation,12%, 446 , 10.8 ,15.34,717," 2,820 "," 13,582 ",51.1,2,0,0,0
1,debt_consolidation,12%, 663 , 11.2 ,14.12,727," 3,210 "," 20,979 ",68.6,0,0,0,0
1,debt_consolidation,16%, 530 , 11.6 ,10.37,662," 3,360 "," 14,517 ",91.3,2,0,1,0
1,educational,13%, 167 , 10.4 ,11.81,682," 5,130 "," 1,278 ",63.9,1,1,0,0
1,debt_consolidation,14%, 172 , 10.8 ,18.57,667," 4,620 "," 10,883 ",27.2,2,0,0,0
1,debt_consolidation,11%, 324 , 10.6 ,14.65,727," 2,400 "," 10,299 ",39.9,0,0,0,0
1,debt_consolidation,14%, 137 , 11.2 ,2.43,682," 1,110 "," 4,177 ",41.4,2,0,0,0
1,debt_consolidation,12%, 199 , 10.8 ,23.55,712," 1,890 "," 4,659 ",41.6,0,0,0,0
1,small_business,19%, 539 , 11.0 ,1.58,717," 3,390 "," 8,476 ",66.7,1,0,0,1
1,all_other,11%, 196 , 11.1 ,21.33,717," 5,640 "," 27,411 ",42.4,2,0,0,0
1,all_other,15%, 174 , 11.1 ,4.23,677," 3,870 "," 5,239 ",22.6,1,1,0,0
1,debt_consolidation,11%, 520 , 11.3 ,9.5,762," 7,721 "," 13,405 ",23.7,3,0,0,1
1,major_purchase,15%, 104 , 10.8 ,14.93,687," 5,640 "," 3,149 ",98.4,0,0,0,0
1,debt_consolidation,12%, 333 , 10.5 ,7.14,702," 3,181 "," 5,520 ",13.6,1,0,0,0
1,debt_consolidation,13%, 335 , 11.2 ,9.8,707," 5,130 "," 11,437 ",35.4,2,1,0,0
1,small_business,17%, 356 , 10.8 ,23.53,702," 4,410 "," 19,230 ",44.4,3,0,0,0
1,debt_consolidation,16%, 703 , 11.2 ,23.57,697," 4,650 "," 22,037 ",99.3,1,0,0,0
1,educational,12%, 400 , 11.6 ,8.75,707," 6,600 "," 5,199 ",12.5,1,1,0,0
1,all_other,7%, 109 , 10.7 ,13.89,787," 5,340 "," 5,284 ",7,2,0,0,0
1,debt_consolidation,10%, 449 , 11.2 ,14.57,762," 15,120 "," 14,992 ",34.6,0,0,0,0
1,educational,11%, 164 , 11.2 ,14.52,717," 3,669 "," 4,093 ",17.1,2,0,0,0
1,debt_consolidation,13%, 284 , 10.1 ,18.72,687," 1,980 "," 13,604 ",52.5,0,0,0,0
1,debt_consolidation,12%, 561 , 11.1 ,11.82,727," 6,540 "," 21,676 ",62.1,0,0,0,0
1,debt_consolidation,9%, 460 , 11.3 ,4.29,772," 5,760 "," 4,554 ",9.4,2,0,0,0
1,major_purchase,8%, 109 , 11.0 ,15.89,752," 15,360 "," 17,771 ",37.2,0,0,0,0
1,debt_consolidation,12%, 429 , 11.2 ,18.22,712," 4,530 "," 24,893 ",69.9,1,0,0,0
1,all_other,13%, 269 , 10.3 ,4.28,687," 4,950 "," 1,602 ",76.3,0,0,0,0
1,debt_consolidation,11%, 710 , 11.4 ,7.91,752," 4,800 "," 16,249 ",72.5,1,0,0,1
1,debt_consolidation,13%, 68 , 10.1 ,14.64,667," 6,810 "," 11,821 ",33.7,0,1,0,0
1,all_other,11%, 33 , 10.4 ,15.43,717," 3,900 ", -   ,0,0,0,0,0
1,credit_card,14%, 190 , 10.8 ,21.58,667," 3,120 "," 13,594 ",63.5,2,0,0,0
1,credit_card,12%, 424 , 10.7 ,10.65,717," 3,965 "," 9,294 ",19.3,2,0,0,0
1,all_other,11%, 327 , 10.7 ,12.67,732," 2,913 ", 696 ,2.7,3,1,0,0
1,credit_card,13%, 363 , 10.8 ,22.45,687," 8,220 "," 15,260 ",77.9,0,0,1,0
1,all_other,13%, 42 , 9.6 ,21.33,667," 2,040 "," 1,638 ",71.2,1,1,0,1
1,home_improvement,8%, 313 , 11.4 ,4.07,777," 5,160 "," 2,881 ",14.2,0,0,0,0
1,credit_card,8%, 313 , 11.3 ,8.79,777," 6,120 "," 1,226 ",6.8,3,0,0,0
1,debt_consolidation,9%, 351 , 11.6 ,4.33,747," 4,620 "," 5,297 ",20.2,1,0,0,0
1,home_improvement,12%, 464 , 11.0 ,8.23,742," 2,153 ", -   ,0,2,0,0,0
1,credit_card,12%, 133 , 10.6 ,24.98,692," 1,860 "," 6,714 ",57.9,1,0,0,1
1,debt_consolidation,13%, 243 , 10.6 ,22.77,692," 1,751 "," 9,325 ",63.9,1,0,0,0
1,debt_consolidation,10%, 385 , 11.2 ,8.86,757," 4,860 "," 14,745 ",34.6,2,0,0,0
1,small_business,20%, 287 , 10.9 ,15.26,692," 3,510 "," 11,835 ",98.6,1,0,0,1
1,debt_consolidation,10%, 144 , 11.1 ,13.33,732," 2,130 "," 4,004 ",17.8,3,0,0,0
1,educational,12%, 166 , 10.3 ,18.2,732," 1,800 "," 1,984 ",24.8,0,0,0,1
1,debt_consolidation,14%, 317 , 10.3 ,19.9,667," 4,950 ", 978 ,27.2,0,3,0,0
1,debt_consolidation,14%, 204 , 11.2 ,7.99,672," 8,160 "," 7,635 ",88.8,1,0,1,0
1,all_other,7%, 99 , 10.5 ,18.15,797," 7,620 "," 19,617 ",24,0,0,0,0
1,credit_card,8%, 219 , 11.1 ,10.25,757," 3,990 "," 15,223 ",25.8,1,0,0,0
1,all_other,10%, 321 , 10.7 ,1.35,737," 7,560 "," 1,876 ",12.3,2,0,0,1
1,credit_card,13%, 504 , 11.5 ,9.75,697," 7,920 "," 33,981 ",77.1,0,0,1,1
1,major_purchase,9%, 281 , 10.1 ,2.37,782," 4,230 "," 1,483 ",5.3,2,0,0,0
1,all_other,10%, 257 , 10.8 ,9.2,762," 2,310 "," 5,060 ",19.5,0,0,0,0
1,all_other,14%, 628 , 11.3 ,10.68,707," 4,466 "," 6,495 ",42.7,1,1,0,0
1,home_improvement,11%, 278 , 10.6 ,0.43,817," 4,980 ", 84 ,0.5,0,0,0,0
1,all_other,8%, 47 , 11.1 ,16.9,732," 2,550 "," 5,848 ",44.6,1,0,0,0
1,debt_consolidation,12%, 166 , 10.8 ,2.5,772," 3,150 "," 5,108 ",33.6,0,0,0,0
1,debt_consolidation,9%, 297 , 10.9 ,12.15,752," 4,470 "," 2,498 ",24.7,1,0,0,0
1,debt_consolidation,11%, 495 , 10.8 ,7.35,742," 4,200 "," 16,055 ",50.5,0,0,0,0
1,debt_consolidation,13%, 430 , 11.0 ,11.62,697," 2,160 "," 13,957 ",46.1,0,0,0,0
1,debt_consolidation,16%, 527 , 11.2 ,7.83,662," 6,330 "," 18,503 ",86.5,0,0,0,0
1,all_other,12%, 825 , 11.5 ,21.05,762," 6,990 "," 5,380 ",12.4,2,0,0,0
1,home_improvement,8%, 37 , 10.4 ,14.93,757," 9,690 "," 13,271 ",16.2,1,0,0,0
1,debt_consolidation,13%, 335 , 10.7 ,12.83,702," 1,710 "," 7,882 ",29,0,0,0,0
1,debt_consolidation,9%, 224 , 10.6 ,15.03,742," 3,870 "," 21,414 ",46,0,0,0,0
1,debt_consolidation,14%, 266 , 10.4 ,21.18,672," 4,230 "," 4,601 ",32,2,0,0,1
1,debt_consolidation,13%, 713 , 12.1 ,11.47,707," 3,780 "," 113,283 ",81.2,2,0,0,0
1,credit_card,10%, 385 , 11.0 ,19.4,762," 12,000 "," 13,659 ",22,0,0,0,0
1,debt_consolidation,12%, 259 , 11.1 ,14.86,697," 3,750 "," 10,013 ",38.7,3,0,0,0
1,debt_consolidation,13%, 675 , 11.2 ,6.75,702," 5,100 "," 19,894 ",78.6,0,0,1,0
1,educational,12%, 133 , 11.1 ,19.76,707," 3,990 "," 24,802 ",86.4,3,0,0,1
1,major_purchase,13%, 169 , 10.5 ,9.37,692," 2,770 "," 2,481 ",50.6,1,2,0,0
1,all_other,14%, 856 , 11.7 ,15.53,712," 2,790 "," 26,438 ",48.7,1,0,0,1
1,all_other,9%, 221 , 11.4 ,3.92,762," 1,896 "," 17,390 ",86.1,1,0,0,0
1,major_purchase,12%, 531 , 11.3 ,5.23,742," 3,600 "," 16,578 ",44.8,0,0,0,0
1,home_improvement,15%, 209 , 11.2 ,3.3,707," 4,980 "," 16,860 ",99.2,3,0,0,0
1,debt_consolidation,11%, 464 , 10.2 ,16.33,727," 3,619 "," 18,496 ",42.6,1,0,0,1
1,debt_consolidation,17%, 248 , 10.3 ,8.32,667," 2,761 "," 6,082 ",96.5,1,2,0,0
1,debt_consolidation,16%, 875 , 11.6 ,15.73,682," 3,570 "," 36,015 ",88.5,1,0,0,1
1,credit_card,13%, 366 , 10.6 ,13.76,697," 3,810 "," 8,422 ",81.8,0,0,0,1
1,debt_consolidation,13%, 270 , 10.8 ,9.96,682," 5,280 "," 3,958 ",39.6,3,0,0,0
1,home_improvement,9%, 256 , 10.7 ,16.02,752," 3,780 "," 5,410 ",34.9,3,0,0,0
1,all_other,13%, 251 , 10.8 ,20.51,692," 4,710 "," 12,189 ",69.3,0,0,0,0
1,all_other,7%, 124 , 9.9 ,4.93,787," 4,196 "," 2,331 ",7.7,2,0,0,0
1,credit_card,9%, 224 , 10.8 ,19.64,737," 4,110 "," 21,140 ",79.8,3,0,0,0
1,all_other,11%, 99 , 11.1 ,17.21,702," 5,760 "," 16,389 ",58.1,0,0,0,0
1,debt_consolidation,9%, 286 , 11.7 ,12.44,742," 6,376 "," 43,488 ",68.3,3,0,0,0
1,all_other,13%, 222 , 11.2 ,5.26,742," 2,850 ", 993 ,24.8,0,0,0,0
1,educational,14%, 171 , 9.6 ,4,692," 1,470 ", -   ,0,2,1,0,0
1,all_other,12%, 80 , 10.5 ,7,692," 5,790 "," 6,655 ",74.8,1,0,0,0
1,small_business,16%, 70 , 11.3 ,12.58,682," 3,293 "," 4,047 ",30.7,2,0,0,0
1,debt_consolidation,8%, 232 , 10.5 ,13.43,752," 5,790 "," 6,938 ",24.1,2,0,0,0
1,debt_consolidation,15%, 164 , 9.9 ,8.56,677," 1,920 "," 1,089 ",90.7,0,1,0,0
1,debt_consolidation,13%, 269 , 10.8 ,14.76,692," 2,010 "," 11,798 ",88.7,1,0,0,1
1,all_other,13%, 51 , 9.8 ,21.47,707," 1,290 ", 865 ,86.5,0,0,0,0
1,all_other,15%, 298 , 10.5 ,18.58,682," 1,110 "," 8,559 ",41,1,0,0,0
1,debt_consolidation,8%, 110 , 10.3 ,2.24,747," 1,710 "," 2,298 ",18.5,3,0,0,0
1,debt_consolidation,12%, 232 , 10.3 ,5.69,712," 2,461 "," 6,955 ",63.8,1,0,0,0
1,credit_card,13%, 669 , 11.6 ,15.77,717," 12,120 "," 33,900 ",56.4,1,0,0,0
1,credit_card,9%, 318 , 11.0 ,4.24,742," 2,160 "," 14,188 ",27.3,2,0,0,0
1,all_other,14%, 247 , 11.2 ,18.13,667," 1,835 "," 39,236 ",63.4,1,0,0,0
1,educational,11%, 82 , 10.5 ,18.62,702," 5,190 "," 8,677 ",57.8,2,0,0,0
1,debt_consolidation,13%, 162 , 10.6 ,15.6,677," 2,014 "," 9,090 ",58.3,0,0,0,0
1,credit_card,13%, 151 , 10.5 ,19.78,682," 2,490 "," 4,726 ",73.8,1,0,0,0
1,all_other,13%, 605 , 10.7 ,13.27,707," 5,430 "," 3,423 ",15.2,0,0,0,0
1,credit_card,9%, 202 , 10.5 ,21.6,732," 3,303 "," 4,508 ",18.6,0,0,0,0
1,debt_consolidation,9%, 313 , 10.4 ,16.95,737," 2,314 "," 3,760 ",20.5,0,0,0,0
1,credit_card,17%, 645 , 12.4 ,15.67,672," 6,095 "," 145,711 ",96.2,0,1,0,0
1,debt_consolidation,12%, 163 , 11.2 ,17.5,697," 3,360 "," 5,040 ",67.2,0,0,0,0
1,all_other,12%, 41 , 10.3 ,21.4,697," 4,110 "," 11,339 ",78.7,0,0,0,0
1,debt_consolidation,9%, 183 , 10.7 ,20.94,727," 3,210 "," 4,902 ",47.1,0,0,0,0
1,credit_card,14%, 653 , 11.4 ,10.28,697," 5,190 "," 11,573 ",61.9,1,0,0,0
1,credit_card,13%, 101 , 10.8 ,11.45,692," 5,553 "," 21,085 ",36.8,0,0,0,0
1,all_other,13%, 84 , 10.5 ,10.97,682," 4,410 "," 7,527 ",56.6,0,0,0,0
1,all_other,14%, 34 , 8.9 ,13.54,677," 8,099 "," 2,252 ",86.6,1,0,0,0
1,credit_card,11%, 361 , 10.8 ,19.52,727," 3,570 "," 15,085 ",70.5,2,0,0,0
1,debt_consolidation,14%, 256 , 10.8 ,13.9,677," 5,460 "," 3,676 ",70.5,0,0,0,1
1,debt_consolidation,11%, 394 , 10.4 ,18,737," 6,484 "," 18,340 ",67.9,1,0,0,0
1,debt_consolidation,9%, 381 , 10.6 ,13.68,767," 5,850 "," 11,012 ",30.5,0,0,0,0
1,debt_consolidation,14%, 273 , 11.3 ,13.38,677," 3,994 "," 9,356 ",50,2,0,1,0
1,debt_consolidation,16%, 160 , 10.1 ,23.62,712," 2,880 "," 9,912 ",99.1,0,0,0,0
1,all_other,14%, 195 , 10.6 ,13.19,677," 3,660 "," 10,417 ",91.4,0,1,0,0
1,all_other,12%, 580 , 11.3 ,0.3,752," 4,351 ", 209 ,1.2,4,0,0,0
1,all_other,13%, 220 , 11.0 ,9.23,682," 4,260 "," 4,856 ",44.6,0,0,0,0
1,debt_consolidation,11%, 659 , 11.6 ,7.23,767," 5,400 "," 3,700 ",51.4,2,0,0,0
1,credit_card,12%, 666 , 12.2 ,24.04,722," 9,693 "," 121,159 ",74.3,0,0,0,0
1,credit_card,11%, 157 , 10.5 ,23.66,722," 3,570 "," 14,480 ",56.7,0,0,0,0
1,credit_card,8%, 203 , 10.8 ,16.54,747," 3,900 "," 7,689 ",43,0,0,0,0
1,credit_card,13%, 365 , 11.0 ,19.03,692," 3,660 "," 31,861 ",76,1,0,0,0
1,debt_consolidation,13%, 269 , 10.2 ,5.72,707," 3,240 "," 3,045 ",47.6,0,0,0,0
1,all_other,9%, 362 , 10.7 ,24.78,752," 3,036 "," 6,057 ",11.6,1,0,0,0
1,home_improvement,13%, 232 , 10.6 ,4.65,692," 4,080 ", 903 ,19.6,1,0,0,0
1,debt_consolidation,13%, 74 , 10.2 ,23.26,682," 6,858 "," 15,225 ",55,0,1,0,0
1,credit_card,9%, 318 , 10.9 ,12.76,742," 3,240 "," 10,041 ",47.8,2,0,0,0
1,all_other,9%, 190 , 11.0 ,8.61,732," 5,850 "," 19,397 ",38.3,1,0,0,0
1,debt_consolidation,14%, 515 , 10.9 ,19.68,687," 3,313 "," 22,918 ",90.9,1,0,0,0
1,debt_consolidation,11%, 495 , 11.4 ,10.02,742," 4,770 "," 14,125 ",40.2,1,0,0,0
1,all_other,9%, 221 , 11.4 ,4.88,737," 8,940 "," 13,253 ",20.2,1,0,0,0
1,credit_card,13%, 676 , 12.0 ,16.83,712," 7,200 "," 144,165 ",64.9,0,0,0,0
1,credit_card,9%, 114 , 11.2 ,18.3,712," 4,715 "," 48,538 ",53,1,0,0,0
1,small_business,17%, 178 , 10.6 ,20.39,702," 4,140 "," 5,082 ",31.6,0,0,0,0
1,debt_consolidation,9%, 253 , 10.6 ,17.7,757," 6,180 "," 26,120 ",32.7,1,0,0,0
1,all_other,13%, 80 , 10.5 ,21.79,707," 2,910 "," 16,022 ",97.7,0,0,0,0
1,debt_consolidation,14%, 102 , 10.8 ,3.05,677," 2,490 "," 4,339 ",51.5,3,0,0,0
1,home_improvement,12%, 530 , 11.1 ,4.91,742," 3,991 "," 9,562 ",70.4,2,0,0,0
1,debt_consolidation,11%, 363 , 10.2 ,12.84,712," 7,860 "," 11,534 ",66.7,1,0,0,0
1,debt_consolidation,13%, 113 , 9.8 ,24.2,687," 2,880 "," 15,813 ",79.1,0,0,0,0
1,debt_consolidation,8%, 312 , 11.8 ,7.7,787," 5,640 "," 4,200 ",5.8,1,0,0,0
1,debt_consolidation,15%, 277 , 11.1 ,8.91,697," 1,830 "," 6,908 ",94.6,0,0,0,0
1,debt_consolidation,11%, 423 , 11.0 ,6.24,742," 3,990 "," 12,419 ",34.8,0,0,0,0
1,debt_consolidation,11%, 495 , 11.1 ,12.02,742," 3,240 "," 15,757 ",64.6,0,0,0,0
1,debt_consolidation,8%, 156 , 9.6 ,15.6,757," 6,870 "," 11,602 ",37.9,2,0,0,0
1,debt_consolidation,12%, 663 , 11.6 ,3.69,757," 1,680 "," 1,470 ",14.7,0,0,0,0
1,major_purchase,9%, 285 , 11.2 ,4.83,792," 3,090 "," 2,563 ",9.1,0,0,0,0
1,home_improvement,12%, 400 , 11.5 ,17.09,712," 7,560 "," 17,176 ",46.4,2,0,0,0
1,credit_card,15%, 690 , 11.4 ,15.15,697," 5,550 "," 32,954 ",90,0,0,0,0
1,debt_consolidation,13%, 437 , 11.3 ,6.26,702," 5,250 "," 1,783 ",59.4,2,0,0,0
1,debt_consolidation,8%, 287 , 11.0 ,1.78,792," 7,050 "," 4,600 ",18.4,0,0,0,0
1,credit_card,11%, 626 , 12.1 ,12.73,747," 8,220 "," 29,658 ",42.2,1,0,0,0
1,all_other,9%, 158 , 10.4 ,2.29,737," 3,570 "," 2,870 ",11.4,0,0,0,0
1,small_business,15%, 627 , 11.5 ,17.38,727," 4,710 "," 35,712 ",51.9,3,0,0,0
1,home_improvement,8%, 312 , 11.2 ,15.1,797," 9,030 "," 9,109 ",73.2,1,0,0,0
1,all_other,13%, 94 , 10.7 ,3.52,682," 4,290 "," 2,391 ",30.7,1,0,0,1
1,educational,13%, 162 , 10.8 ,11.98,677," 1,950 "," 2,523 ",40,0,0,0,0
1,home_improvement,8%, 234 , 10.3 ,3.08,797," 6,090 "," 1,147 ",8.8,1,0,0,0
1,debt_consolidation,8%, 219 , 10.9 ,2.58,767," 3,420 "," 4,139 ",15.6,0,0,0,0
1,all_other,13%, 202 , 11.1 ,13.09,682," 3,960 "," 10,134 ",38.5,1,0,0,0
1,major_purchase,9%, 316 , 11.2 ,6.87,767," 3,510 "," 11,140 ",13,0,0,0,0
1,debt_consolidation,12%, 666 , 11.1 ,20.11,727," 2,940 "," 26,359 ",67.6,1,0,0,0
1,debt_consolidation,16%, 492 , 11.2 ,16.32,662," 3,930 "," 12,944 ",65,3,0,0,0
1,all_other,9%, 152 , 11.0 ,8.07,737," 2,880 "," 3,333 ",20.1,1,0,0,0
1,major_purchase,9%, 158 , 10.6 ,6.87,737," 3,150 "," 8,914 ",74.9,1,0,0,0
1,major_purchase,13%, 161 , 11.1 ,11.94,687," 3,390 "," 1,725 ",33.8,1,2,0,0
1,credit_card,13%, 262 , 10.2 ,17.54,677," 2,722 "," 4,034 ",67.2,0,0,0,0
1,credit_card,14%, 683 , 11.3 ,20.03,707," 9,360 "," 27,584 ",54.8,1,0,0,0
1,all_other,14%, 34 , 9.4 ,14,682," 1,380 "," 4,352 ",62.2,1,0,0,1
1,small_business,16%, 703 , 11.0 ,15.9,747," 5,701 "," 15,018 ",42.9,2,0,0,0
1,all_other,8%, 140 , 10.7 ,15.3,752," 3,120 "," 7,204 ",31.3,0,0,0,0
1,debt_consolidation,15%, 522 , 11.0 ,21.36,677," 2,161 "," 10,872 ",86.3,0,0,0,0
1,debt_consolidation,15%, 696 , 11.3 ,20.52,722," 3,300 "," 21,881 ",21.8,2,0,0,0
1,debt_consolidation,14%, 408 , 11.3 ,23.72,682," 4,650 "," 28,843 ",84.8,1,0,0,0
1,debt_consolidation,12%, 167 , 11.2 ,24.73,692," 5,160 "," 22,457 ",81.7,0,0,0,0
1,all_other,8%, 94 , 11.1 ,1.27,762," 1,890 "," 4,347 ",7.4,0,0,0,0
1,small_business,17%, 713 , 11.5 ,12.65,702," 4,110 "," 6,939 ",31.4,3,0,0,0
1,debt_consolidation,13%, 134 , 10.5 ,2.3,692," 3,540 "," 1,390 ",27.8,1,0,0,0
1,major_purchase,11%, 115 , 10.5 ,7.58,707," 8,370 "," 4,336 ",12.5,1,0,0,0
1,all_other,12%, 663 , 11.2 ,5.66,737," 6,076 "," 25,818 ",53.5,0,0,0,0
1,educational,11%, 66 , 10.6 ,13.49,712," 5,370 "," 11,817 ",15.7,0,0,0,0
1,credit_card,13%, 88 , 10.2 ,9.51,692," 1,620 ", 47 ,0.5,3,1,0,0
1,debt_consolidation,12%, 99 , 10.6 ,24.75,697," 3,120 "," 11,900 ",62.6,0,0,0,0
1,all_other,17%, 143 , 10.9 ,13.19,662," 3,030 "," 24,666 ",99.1,0,0,0,0
1,debt_consolidation,14%, 367 , 10.9 ,19.85,702," 3,030 "," 12,207 ",70.6,1,0,0,0
1,all_other,12%, 133 , 10.7 ,23.95,762," 4,200 ", -   ,0,0,0,0,0
1,debt_consolidation,14%, 178 , 10.5 ,8.09,677," 3,720 "," 6,194 ",53.4,0,0,0,0
1,educational,9%, 316 , 10.6 ,4.71,772," 2,130 ", 229 ,2.6,0,0,0,0
1,major_purchase,11%, 396 , 11.0 ,16.27,732," 3,960 "," 21,528 ",64.3,1,0,0,0
1,debt_consolidation,14%, 408 , 10.9 ,15.48,682," 3,930 "," 8,718 ",45.6,0,0,0,0
1,debt_consolidation,11%, 262 , 11.0 ,9.54,732," 2,520 "," 2,970 ",6,0,0,0,0
1,credit_card,13%, 33 , 10.2 ,21.12,682," 5,970 "," 17,080 ",44.1,0,2,0,0
1,all_other,11%, 247 , 10.9 ,9.68,737," 3,780 "," 7,341 ",68.6,0,0,0,0
1,credit_card,12%, 298 , 11.2 ,10.83,712," 2,460 "," 9,237 ",41.4,1,0,0,0
1,all_other,16%, 227 , 10.7 ,13.16,662," 4,320 "," 1,542 ",90.7,1,0,0,1
1,credit_card,15%, 243 , 11.2 ,12.59,662," 2,130 "," 8,018 ",29.8,1,0,0,0
1,home_improvement,11%, 492 , 11.1 ,13.98,752," 7,260 "," 17,312 ",68.4,2,0,0,0
1,small_business,15%, 693 , 11.5 ,14.48,767," 5,400 "," 21,076 ",48.1,1,0,0,0
1,debt_consolidation,14%, 683 , 10.7 ,7.95,697," 8,130 "," 18,367 ",79.9,1,0,0,0
1,debt_consolidation,12%, 400 , 11.4 ,16.27,707," 2,821 "," 34,730 ",52.6,0,0,0,0
1,all_other,11%, 164 , 11.0 ,13.72,717," 9,450 "," 6,577 ",15.8,2,0,0,0
1,small_business,14%, 358 , 11.2 ,22.21,757," 3,690 "," 9,551 ",29.2,0,0,0,1
1,debt_consolidation,14%, 480 , 11.6 ,20.04,682," 4,080 "," 48,306 ",86.8,0,0,0,1
1,credit_card,11%, 328 , 11.5 ,12.45,732," 4,890 "," 33,186 ",57.8,3,0,0,0
1,debt_consolidation,13%, 167 , 9.9 ,12.06,687," 2,190 "," 2,365 ",60.6,0,0,0,0
1,debt_consolidation,9%, 397 , 10.6 ,14.86,762," 3,990 "," 10,687 ",30.9,0,0,0,0
1,debt_consolidation,9%, 318 , 11.7 ,14.5,737," 5,850 "," 31,607 ",81,3,0,0,0
1,small_business,15%, 531 , 12.0 ,19.72,727," 5,940 "," 6,563 ",17.9,1,0,0,0
1,credit_card,9%, 445 , 10.9 ,10.89,762," 4,807 "," 8,447 ",50.9,0,0,0,0
1,credit_card,9%, 411 , 10.9 ,17.96,777," 5,670 "," 13,368 ",34.7,2,0,0,0
1,all_other,9%, 395 , 11.8 ,5.87,772," 4,080 "," 5,068 ",16.6,3,0,0,0
1,all_other,13%, 348 , 10.6 ,11.5,712," 2,130 "," 2,045 ",14.4,3,0,0,0
1,all_other,12%, 424 , 11.6 ,9.71,717," 8,446 "," 31,280 ",51.2,1,0,0,0
1,credit_card,8%, 237 , 10.7 ,5.67,772," 5,610 "," 6,616 ",24.4,1,0,0,0
1,debt_consolidation,13%, 676 , 11.4 ,18.03,812," 3,930 "," 32,422 ",95.6,1,0,0,0
1,all_other,9%, 174 , 10.7 ,12.11,782," 2,280 ", 39 ,0.3,0,0,0,0
1,major_purchase,9%, 316 , 11.7 ,2.85,792," 5,640 ", 16 ,0,3,0,0,0
1,debt_consolidation,13%, 622 , 11.9 ,1.62,712," 4,080 "," 25,063 ",53.3,0,0,0,0
1,major_purchase,8%, 156 , 10.6 ,10.27,797," 5,490 "," 2,629 ",8.8,2,0,0,0
1,all_other,9%, 63 , 12.1 ,8.55,722," 4,980 "," 26,702 ",75,0,0,0,0
1,home_improvement,13%, 336 , 11.5 ,15.67,692," 4,380 "," 32,268 ",73,3,0,0,0
1,debt_consolidation,13%, 412 , 10.3 ,22.12,702," 2,280 "," 14,537 ",77.3,0,0,0,0
1,debt_consolidation,12%, 500 , 10.9 ,8.88,747," 11,130 "," 9,184 ",50.5,0,0,0,0
1,all_other,16%, 230 , 10.0 ,8.74,677," 1,260 "," 6,467 ",82.9,3,0,0,0
1,major_purchase,15%, 35 , 10.5 ,18.26,667," 1,410 "," 3,150 ",54.3,0,0,0,0
1,debt_consolidation,11%, 653 , 11.7 ,1.29,767," 5,970 "," 4,110 ",34.5,0,0,0,0
1,debt_consolidation,13%, 676 , 11.4 ,16.63,707," 4,530 "," 25,299 ",58.2,2,0,0,0
1,debt_consolidation,8%, 312 , 10.8 ,2.38,797," 5,400 "," 4,650 ",14.1,0,0,0,0
1,credit_card,12%, 663 , 10.8 ,21.48,737," 3,960 "," 32,556 ",82,0,0,0,0
1,all_other,13%, 201 , 11.7 ,11.11,687," 5,190 "," 19,058 ",41.8,0,0,0,0
1,credit_card,12%, 663 , 11.4 ,14.55,737," 6,120 "," 24,839 ",81.2,0,0,0,0
1,credit_card,14%, 272 , 11.2 ,14.28,682," 4,740 "," 8,180 ",88.1,1,0,0,0
1,debt_consolidation,15%, 409 , 10.8 ,22.51,667," 3,879 "," 32,470 ",87.5,3,0,0,0
1,credit_card,9%, 508 , 11.7 ,13.16,772," 7,320 "," 78,059 ",28.3,0,0,0,0
1,credit_card,12%, 497 , 10.3 ,13.04,727," 6,360 "," 16,566 ",43,0,0,0,0
1,all_other,16%, 105 , 10.0 ,6.71,697," 3,930 "," 2,196 ",99.8,0,0,0,1
1,debt_consolidation,8%, 219 , 10.8 ,17.81,752," 4,770 "," 7,125 ",34.4,1,0,0,0
1,debt_consolidation,12%, 291 , 10.3 ,20.31,702," 2,950 "," 5,830 ",36.9,0,0,0,0
1,debt_consolidation,15%, 690 , 11.7 ,14.19,687," 9,930 "," 31,076 ",79.7,0,0,0,0
1,debt_consolidation,11%, 659 , 11.2 ,11.37,747," 7,380 "," 26,967 ",63,0,0,0,0
1,all_other,9%, 114 , 10.6 ,10.32,727," 3,810 "," 3,376 ",49.3,0,2,0,0
1,debt_consolidation,15%, 172 , 11.5 ,0.25,697," 3,300 ", 521 ,57.9,0,1,0,1
1,debt_consolidation,14%, 55 , 10.8 ,16.15,667," 2,670 "," 1,587 ",41.8,2,0,0,0
1,all_other,11%, 138 , 11.1 ,11.11,722," 4,380 "," 4,351 ",76.3,0,0,0,0
1,debt_consolidation,14%, 160 , 10.2 ,21.6,667," 5,550 "," 2,960 ",82.2,0,0,1,0
1,small_business,14%, 212 , 10.7 ,24.04,747," 4,110 ", 665 ,10.6,3,0,0,0
1,major_purchase,8%, 219 , 12.1 ,4.31,787," 8,730 ", 205 ,0.6,3,0,0,0
1,major_purchase,9%, 381 , 11.5 ,11.27,747," 4,650 "," 23,270 ",41,1,0,0,0
1,debt_consolidation,15%, 226 , 10.6 ,23.64,672," 3,420 "," 17,512 ",90.3,0,0,0,0
1,home_improvement,13%, 502 , 11.3 ,0.13,802," 7,102 ", 9 ,0.1,0,0,0,0
1,all_other,12%, 500 , 11.4 ,0.01,782," 2,790 "," 6,321 ",12.3,4,0,0,1
1,all_other,7%, 87 , 9.0 ,15.15,752," 2,190 "," 2,146 ",20.2,0,0,0,0
1,debt_consolidation,12%, 500 , 11.3 ,18.26,717," 7,320 "," 32,207 ",61.7,3,0,0,0
1,home_improvement,13%, 338 , 10.4 ,3.6,777," 1,800 ", -   ,0.04,0,0,0,0
1,small_business,17%, 713 , 12.1 ,12.5,702," 6,510 "," 21,048 ",58.1,0,0,0,1
1,home_improvement,14%, 230 , 10.3 ,10.08,677," 4,860 "," 6,007 ",34.1,0,1,0,0
1,all_other,14%, 170 , 10.8 ,14.75,687," 3,900 ", -   ,0,0,1,0,0
1,debt_consolidation,13%, 522 , 11.4 ,9.05,717," 1,770 "," 5,760 ",22.5,0,0,0,1
1,credit_card,16%, 468 , 10.6 ,4.6,667," 1,710 "," 11,086 ",79.2,0,0,0,0
1,debt_consolidation,14%, 683 , 11.3 ,17.09,697," 4,684 "," 26,379 ",79.9,0,0,0,0
1,debt_consolidation,13%, 167 , 9.9 ,11.04,707," 1,740 "," 6,361 ",34.7,0,0,0,0
1,home_improvement,13%, 402 , 11.2 ,8.29,707," 8,970 "," 4,358 ",46.4,2,0,0,0
1,all_other,8%, 191 , 11.2 ,12.86,757," 6,030 "," 5,583 ",12.5,1,0,0,0
1,home_improvement,11%, 659 , 12.4 ,6.89,762," 5,730 "," 18,068 ",42.7,1,0,0,0
1,all_other,13%, 669 , 11.7 ,1.61,772," 3,450 "," 2,757 ",0,4,0,0,1
1,debt_consolidation,9%, 191 , 11.0 ,22.48,742," 5,190 "," 7,056 ",27.9,4,0,0,0
1,educational,11%, 164 , 10.3 ,14.48,762," 2,940 ", 135 ,1.8,0,0,0,0
1,all_other,12%, 232 , 11.1 ,23.39,712," 2,940 "," 14,425 ",41.9,1,0,0,0
1,debt_consolidation,9%, 318 , 12.1 ,4.33,742," 4,260 "," 1,341 ",12.1,3,0,0,1
1,debt_consolidation,17%, 620 , 11.0 ,22.06,672," 4,650 "," 24,971 ",61.4,1,0,0,0
1,debt_consolidation,11%, 295 , 11.2 ,9.87,732," 4,020 "," 23,255 ",45.1,3,0,0,0
1,credit_card,11%, 396 , 10.8 ,13.87,727," 3,840 "," 15,684 ",42.4,2,0,0,0
1,debt_consolidation,16%, 525 , 12.7 ,15.58,672," 10,200 "," 17,057 ",82.4,1,0,0,0
1,debt_consolidation,14%, 219 , 10.6 ,0.57,687," 1,860 ", 899 ,13.2,1,0,0,1
1,debt_consolidation,14%, 544 , 10.8 ,22.66,682," 2,370 "," 16,643 ",63.8,3,0,0,0
1,debt_consolidation,9%, 318 , 11.0 ,13.28,747," 5,550 "," 7,107 ",20,2,0,0,0
1,home_improvement,12%, 400 , 10.6 ,5.24,712," 1,899 "," 10,117 ",36.3,2,0,0,0
1,debt_consolidation,11%, 338 , 11.3 ,11.13,752," 3,600 "," 7,268 ",24.9,1,0,0,1
1,debt_consolidation,16%, 352 , 11.1 ,10.3,662," 3,060 "," 15,735 ",87.8,1,1,0,0
1,debt_consolidation,16%, 141 , 11.1 ,14.61,677," 4,920 "," 1,478 ",73.9,1,0,0,0
1,debt_consolidation,18%, 364 , 11.4 ,12.51,667," 2,580 "," 12,337 ",96.4,0,0,0,0
1,home_improvement,9%, 334 , 10.3 ,2.84,762," 4,380 "," 3,257 ",15.1,1,0,0,0
1,credit_card,11%, 330 , 11.2 ,21.81,717," 6,750 "," 12,443 ",42.6,3,0,1,0
1,debt_consolidation,15%, 690 , 11.5 ,22.55,677," 5,700 "," 25,920 ",36.8,0,2,0,0
1,educational,11%, 119 , 9.9 ,3.6,722," 1,530 "," 3,475 ",21.6,2,0,0,0
1,major_purchase,15%, 520 , 12.1 ,10.49,677," 3,364 "," 2,079 ",36.5,2,0,0,0
1,debt_consolidation,13%, 676 , 11.6 ,24.89,707," 5,820 "," 63,861 ",65.1,0,0,0,1
1,small_business,17%, 717 , 10.7 ,0.32,712," 2,730 ", 589 ,3.8,0,0,0,0
1,debt_consolidation,9%, 381 , 11.7 ,8.85,757," 5,730 "," 22,949 ",46.7,0,0,0,0
1,all_other,9%, 381 , 11.6 ,7.3,807," 4,980 ", 1 ,0.1,0,0,0,0
1,credit_card,12%, 663 , 11.4 ,24.27,737," 5,610 "," 43,878 ",66.6,3,0,0,1
1,debt_consolidation,14%, 412 , 11.2 ,24.77,677," 6,180 "," 16,958 ",92.2,0,0,0,0
1,debt_consolidation,15%, 190 , 11.3 ,8.04,672," 1,830 "," 7,841 ",94.5,1,0,0,0
1,all_other,9%, 127 , 11.1 ,12.24,742," 11,191 "," 8,782 ",38.3,4,0,0,1
1,credit_card,11%, 161 , 10.9 ,24.38,712," 3,870 "," 10,378 ",49.2,1,0,0,0
1,debt_consolidation,8%, 125 , 10.4 ,15.6,772," 5,640 ", 866 ,2.4,1,0,0,0
1,credit_card,9%, 318 , 11.2 ,23.64,737," 6,900 "," 39,304 ",33.9,0,0,0,0
1,debt_consolidation,11%, 659 , 10.8 ,23.52,747," 11,940 "," 24,123 ",58.1,1,0,0,0
1,all_other,14%, 143 , 9.9 ,23.05,682," 1,590 "," 4,483 ",83,1,0,0,0
1,small_business,17%, 89 , 11.2 ,0,697," 8,370 ", -   ,0,0,1,0,0
1,educational,13%, 68 , 8.3 ,6,697," 1,140 ", 598 ,54.4,2,0,0,0
1,credit_card,9%, 310 , 10.8 ,13.5,757," 4,803 "," 10,216 ",20.9,0,0,0,0
1,credit_card,12%, 250 , 11.3 ,9.04,742," 6,090 "," 7,431 ",50.5,1,0,0,0
1,credit_card,17%, 713 , 11.0 ,17.4,672," 5,190 "," 23,595 ",86.7,2,0,0,0
1,debt_consolidation,9%, 443 , 11.0 ,11.11,802," 6,930 "," 15,647 ",11.3,2,0,0,0
1,credit_card,13%, 589 , 11.7 ,14.98,712," 2,760 "," 10,488 ",45,2,0,0,0
1,credit_card,8%, 234 , 10.2 ,22.37,782," 13,050 "," 9,800 ",17.7,0,0,0,0
1,all_other,9%, 95 , 10.8 ,3.72,767," 9,990 "," 7,074 ",28.3,0,0,0,0
1,debt_consolidation,12%, 283 , 11.3 ,6.8,707," 7,860 "," 58,907 ",58.7,0,1,0,0
1,major_purchase,12%, 133 , 11.0 ,8.44,707," 5,250 "," 8,459 ",63.1,0,1,0,0
1,credit_card,13%, 201 , 10.5 ,19,687," 2,880 "," 7,333 ",34.7,0,1,0,0
1,credit_card,12%, 663 , 10.9 ,5,757," 4,231 "," 22,872 ",66.9,0,0,0,0
1,home_improvement,11%, 659 , 12.2 ,6.97,777," 7,830 "," 1,719 ",2.8,2,0,0,0
1,debt_consolidation,11%, 623 , 11.1 ,21.56,787," 5,460 "," 3,526 ",7.8,0,0,0,0
1,all_other,8%, 250 , 10.8 ,12.58,782," 9,693 "," 4,071 ",8.7,1,0,0,0
1,debt_consolidation,14%, 649 , 11.4 ,12.9,692," 7,141 "," 7,541 ",82,2,0,0,0
1,small_business,17%, 250 , 10.6 ,6.9,702," 4,320 "," 5,035 ",76,1,1,0,1
1,debt_consolidation,14%, 679 , 11.2 ,23.22,702," 7,980 "," 46,881 ",62.9,1,0,0,0
1,debt_consolidation,12%, 431 , 10.5 ,16.25,772," 2,250 "," 3,495 ",26.3,0,0,0,0
1,all_other,9%, 111 , 10.2 ,1.71,727," 2,100 "," 2,697 ",69.2,1,0,0,0
1,debt_consolidation,13%, 676 , 11.2 ,20.31,707," 7,530 "," 67,342 ",58.6,0,0,0,0
1,major_purchase,15%, 208 , 10.6 ,8.49,662," 4,043 "," 2,998 ",19.1,0,0,0,1
1,home_improvement,11%, 495 , 11.9 ,6.42,732," 4,830 "," 10,818 ",50.8,0,0,0,0
1,debt_consolidation,9%, 461 , 11.5 ,17.2,762," 5,108 "," 5,564 ",20.7,0,0,0,0
1,debt_consolidation,14%, 170 , 11.0 ,17.79,707," 3,922 "," 6,283 ",55.6,3,0,0,0
1,credit_card,11%, 262 , 10.9 ,18.89,722," 5,640 "," 36,269 ",41.6,1,1,0,0
1,credit_card,11%, 435 , 10.7 ,13.79,747," 5,970 "," 36,646 ",32.5,0,0,0,0
1,home_improvement,11%, 165 , 11.6 ,15.55,707," 3,060 "," 29,097 ",79.7,1,0,0,0
1,small_business,17%, 214 , 10.8 ,9.96,682," 1,890 "," 8,599 ",91.6,0,0,0,0
1,debt_consolidation,13%, 482 , 11.2 ,9.66,712," 4,714 "," 16,916 ",78.7,0,0,0,0
1,educational,15%, 243 , 10.8 ,21.8,672," 3,180 "," 6,699 ",64.9,1,2,0,0
1,all_other,11%, 472 , 11.1 ,15.82,742," 3,960 "," 8,799 ",34.5,2,1,0,0
1,debt_consolidation,15%, 279 , 11.5 ,13.32,662," 5,310 "," 6,637 ",61.8,0,0,0,0
1,all_other,9%, 111 , 11.0 ,19.74,732," 3,038 "," 17,929 ",37,2,0,0,0
1,all_other,11%, 66 , 10.5 ,17.51,707," 5,250 "," 22,624 ",65.4,0,1,0,0
1,debt_consolidation,14%, 343 , 11.1 ,15.63,682," 5,040 ", 876 ,25,1,0,0,0
1,debt_consolidation,15%, 345 , 10.3 ,11.36,672," 2,430 "," 10,544 ",57,1,2,0,0
1,credit_card,12%, 149 , 10.9 ,15.39,707," 4,350 "," 4,624 ",17.6,0,0,0,0
1,all_other,13%, 84 , 11.0 ,16.41,682," 5,760 "," 22,107 ",80.1,3,0,0,0
1,all_other,9%, 190 , 10.9 ,11.98,742," 3,930 "," 10,275 ",43.9,0,0,0,0
1,major_purchase,13%, 303 , 11.1 ,15.85,692," 3,210 "," 22,002 ",81.2,3,0,0,0
1,all_other,8%, 219 , 10.3 ,8.28,777," 8,490 ", -   ,0,0,0,0,0
1,debt_consolidation,13%, 304 , 11.4 ,9.81,692," 6,840 "," 19,262 ",85.6,1,1,0,0
1,debt_consolidation,19%, 220 , 11.1 ,16.81,662," 1,500 "," 7,843 ",98,1,0,0,0
1,debt_consolidation,11%, 495 , 11.7 ,22.88,737," 14,010 "," 50,282 ",10.9,0,0,0,0
1,all_other,9%, 270 , 10.8 ,14.26,737," 2,730 "," 9,304 ",49.8,2,0,0,0
1,small_business,13%, 85 , 11.4 ,1.31,787," 5,400 "," 18,373 ",0,0,0,0,0
1,home_improvement,12%, 398 , 11.4 ,6.67,747," 8,070 "," 11,107 ",42.6,4,0,0,0
1,debt_consolidation,16%, 629 , 11.4 ,19.23,667," 3,630 "," 20,300 ",78.7,1,0,0,0
1,debt_consolidation,11%, 290 , 10.5 ,10.12,722," 5,700 "," 13,884 ",38.7,0,0,0,0
1,credit_card,17%, 713 , 12.1 ,10.9,677," 4,860 "," 51,497 ",90.3,2,0,1,0
1,debt_consolidation,12%, 333 , 11.5 ,13.96,747," 5,132 "," 30,932 ",41,4,0,0,0
1,debt_consolidation,15%, 52 , 10.8 ,7.25,667," 3,780 "," 3,820 ",93.2,2,1,0,0
1,credit_card,14%, 55 , 11.2 ,17.65,667," 3,960 "," 40,106 ",80.4,0,0,0,0
1,major_purchase,15%, 690 , 11.7 ,1.82,767," 5,821 ", 1 ,0,2,0,0,0
1,debt_consolidation,9%, 221 , 10.6 ,6.87,747," 3,240 "," 7,136 ",21.3,2,0,0,0
1,debt_consolidation,13%, 323 , 11.7 ,24.56,692," 4,920 "," 49,128 ",61.4,1,1,0,0
1,all_other,9%, 214 , 11.7 ,0.89,807," 6,900 "," 1,890 ",2.3,0,0,0,0
1,debt_consolidation,13%, 134 , 10.9 ,3.01,702," 2,970 "," 3,888 ",74.8,0,0,0,0
1,debt_consolidation,9%, 318 , 11.7 ,7.88,737," 4,680 "," 27,400 ",44.1,1,0,0,0
1,debt_consolidation,8%, 312 , 10.5 ,16.02,772," 5,070 "," 15,520 ",52.6,0,0,0,0
1,debt_consolidation,14%, 686 , 11.3 ,21.19,692," 10,470 "," 11,035 ",43.1,2,1,0,0
1,small_business,14%, 273 , 10.5 ,5.88,772," 3,360 "," 2,195 ",24.1,2,0,0,1
1,debt_consolidation,17%, 710 , 11.4 ,21.8,697," 6,360 "," 39,926 ",78.3,0,0,0,0
1,all_other,9%, 76 , 10.0 ,17.06,772," 6,391 "," 8,043 ",29.2,0,0,0,0
1,all_other,13%, 169 , 10.6 ,1.12,682," 3,990 "," 1,536 ",15.8,1,0,0,0
1,credit_card,11%, 151 , 9.7 ,18.14,732," 2,880 "," 10,934 ",65.5,0,0,0,0
1,small_business,14%, 343 , 11.5 ,11.63,742," 11,550 "," 63,567 ",70.2,3,0,0,0
1,home_improvement,16%, 159 , 11.2 ,12.94,667," 3,390 "," 2,453 ",94.3,1,1,0,0
1,credit_card,7%, 186 , 11.6 ,12.86,787," 9,484 "," 63,621 ",13.2,0,0,0,0
1,debt_consolidation,12%, 663 , 11.8 ,16.51,732," 5,700 "," 23,727 ",31.3,0,0,0,0
1,debt_consolidation,9%, 381 , 10.9 ,7.42,757," 3,510 "," 7,141 ",24.3,0,0,0,0
1,credit_card,9%, 316 , 11.4 ,2.62,752," 3,602 "," 10,045 ",33.4,1,0,0,0
1,debt_consolidation,13%, 442 , 10.7 ,7.98,712," 7,230 "," 10,683 ",70.3,1,0,0,0
1,debt_consolidation,13%, 402 , 11.0 ,19.32,717," 3,600 "," 14,855 ",82.1,1,0,0,1
1,debt_consolidation,13%, 538 , 10.9 ,12.48,712," 4,320 "," 15,499 ",74.9,0,0,0,0
1,home_improvement,9%, 286 , 10.9 ,9.38,742," 7,530 "," 59,968 ",74.6,1,0,0,0
1,debt_consolidation,12%, 530 , 10.6 ,10.75,727," 3,210 "," 16,849 ",39.8,2,0,0,0
1,home_improvement,14%, 679 , 11.5 ,18.81,747," 3,630 ", -   ,0,6,0,0,0
1,debt_consolidation,12%, 199 , 10.1 ,20.65,717," 2,374 ", -   ,0,3,0,0,0
1,all_other,8%, 62 , 10.8 ,6.45,752," 3,480 ", -   ,0,3,0,0,0
1,major_purchase,8%, 308 , 10.9 ,9.01,782," 7,200 "," 9,040 ",12.8,0,0,0,0
1,home_improvement,12%, 119 , 11.7 ,15.14,702," 7,530 "," 25,998 ",74.6,1,0,0,0
1,debt_consolidation,9%, 349 , 10.7 ,11,742," 8,880 "," 2,140 ",5.4,0,1,0,0
1,all_other,15%, 233 , 10.2 ,3.78,667," 3,300 "," 4,200 ",56,1,0,0,0
1,debt_consolidation,14%, 686 , 11.6 ,13.43,702," 6,450 "," 30,497 ",93.8,0,0,1,1
1,debt_consolidation,15%, 260 , 10.0 ,17.61,687," 3,210 "," 10,948 ",96.9,0,0,0,0
1,all_other,12%, 167 , 11.1 ,14.99,697," 3,875 "," 1,461 ",23.2,1,1,1,0
1,home_improvement,11%, 394 , 11.4 ,6.58,752," 5,880 ", -   ,0,0,0,0,0
1,all_other,9%, 190 , 10.9 ,21.6,732," 3,240 "," 10,813 ",14.9,2,0,0,0
1,debt_consolidation,16%, 707 , 11.5 ,9.19,677," 3,600 "," 12,129 ",83.1,0,0,0,0
1,credit_card,14%, 164 , 10.9 ,8.78,702," 3,843 "," 4,645 ",96.8,2,0,0,0
1,credit_card,13%, 338 , 10.8 ,22.43,687," 2,190 "," 5,082 ",37.6,0,0,0,0
1,credit_card,9%, 330 , 10.5 ,8.37,737," 5,190 "," 24,416 ",36.7,0,0,0,0
1,educational,11%, 164 , 10.3 ,10.32,732," 1,530 "," 2,350 ",7.9,1,0,0,0
1,credit_card,11%, 328 , 10.2 ,6.55,732," 2,580 "," 9,027 ",37.6,1,0,0,0
1,all_other,9%, 311 , 11.2 ,2.85,762," 4,201 "," 8,922 ",40.6,1,0,0,0
1,debt_consolidation,9%, 267 , 10.9 ,6.52,737," 2,820 "," 7,883 ",45.6,0,0,0,0
1,debt_consolidation,11%, 368 , 10.9 ,8.89,732," 3,600 "," 13,243 ",68.2,2,0,0,0
1,credit_card,9%, 348 , 10.2 ,16.06,767," 7,533 "," 12,706 ",22.4,0,0,0,0
1,debt_consolidation,11%, 132 , 10.7 ,21.48,742," 3,708 "," 2,529 ",11.7,1,0,0,0
1,major_purchase,11%, 82 , 10.9 ,6.34,722," 4,650 "," 1,882 ",11.3,0,0,0,0
1,debt_consolidation,16%, 527 , 10.7 ,15.57,667," 4,051 "," 16,430 ",80.1,2,0,0,0
1,debt_consolidation,11%, 659 , 10.8 ,9.19,762," 4,350 "," 14,818 ",26.3,0,0,0,0
1,debt_consolidation,12%, 424 , 10.5 ,11.66,717," 4,110 "," 13,608 ",49.1,3,0,0,0
1,credit_card,9%, 171 , 11.8 ,15.13,727," 9,120 "," 74,809 ",58.7,0,0,0,0
1,credit_card,12%, 200 , 10.7 ,14.43,702," 4,770 "," 8,978 ",88,2,0,0,0
1,debt_consolidation,16%, 565 , 11.3 ,9.63,692," 3,270 "," 17,199 ",98.3,1,0,0,0
1,all_other,12%, 50 , 9.8 ,14.4,687," 4,620 "," 7,994 ",62.9,0,0,0,1
1,debt_consolidation,16%, 367 , 10.5 ,17.45,662," 2,340 "," 13,373 ",86.8,1,0,0,0
1,debt_consolidation,14%, 171 , 11.2 ,21.68,672," 4,320 "," 38,436 ",84.7,0,0,0,1
1,all_other,9%, 205 , 11.3 ,11.48,737," 2,190 "," 1,653 ",6.6,1,0,0,0
1,small_business,18%, 188 , 10.1 ,20.64,662," 3,780 "," 16,177 ",67.6,2,0,0,0
1,educational,9%, 111 , 9.5 ,0,727," 6,540 "," 11,717 ",32.6,2,0,0,1
1,credit_card,17%, 357 , 11.7 ,10.67,662," 2,040 "," 15,575 ",97.3,0,0,0,0
1,debt_consolidation,15%, 690 , 11.3 ,15.8,682," 3,900 "," 68,723 ",30.6,2,0,0,0
1,debt_consolidation,14%, 367 , 10.7 ,2.77,717," 2,221 "," 5,911 ",15.3,1,0,0,1
1,major_purchase,8%, 156 , 10.9 ,5.12,777," 4,830 "," 33,215 ",65.1,2,0,0,0
1,debt_consolidation,13%, 301 , 10.6 ,14.46,692," 3,630 "," 11,786 ",42.2,0,0,0,0
1,all_other,14%, 41 , 10.8 ,14.54,672," 3,180 "," 16,653 ",94.1,2,0,0,0
1,all_other,14%, 412 , 10.6 ,1.34,687," 5,280 "," 4,611 ",36.9,1,1,0,0
1,all_other,14%, 510 , 11.0 ,15.42,712," 2,850 "," 6,724 ",27.1,0,0,0,0
1,credit_card,12%, 106 , 10.9 ,20.96,702," 3,630 "," 16,948 ",83.5,0,0,0,0
1,all_other,7%, 93 , 10.8 ,2.8,762," 14,040 "," 3,771 ",14.7,0,0,0,0
1,major_purchase,9%, 48 , 10.3 ,8.52,717," 3,960 "," 1,649 ",6,0,0,0,0
1,all_other,7%, 62 , 11.2 ,18.31,762," 5,730 "," 31,305 ",46.8,1,0,0,0
1,debt_consolidation,9%, 286 , 10.8 ,21.49,737," 2,910 "," 2,695 ",38.5,1,0,0,0
1,debt_consolidation,11%, 246 , 10.3 ,17.52,722," 2,820 "," 2,639 ",21.3,2,0,0,0
1,debt_consolidation,13%, 547 , 11.1 ,10.13,707," 7,080 "," 12,247 ",45.5,1,0,0,0
1,home_improvement,13%, 270 , 11.3 ,14.66,682," 3,960 "," 2,135 ",41.9,2,0,0,0
1,debt_consolidation,9%, 145 , 10.9 ,11.91,737," 4,140 "," 4,429 ",15.6,1,0,0,0
1,small_business,18%, 546 , 10.5 ,8.78,677," 8,280 ", 479 ,20,1,3,0,0
1,debt_consolidation,13%, 676 , 11.2 ,17.36,707," 3,960 ", 991 ,34.2,1,0,0,0
1,all_other,9%, 305 , 11.4 ,12.01,742," 5,040 "," 47,474 ",56.1,0,0,0,1
1,debt_consolidation,12%, 166 , 11.6 ,13.63,707," 3,690 "," 56,128 ",84.4,0,0,0,0
1,debt_consolidation,9%, 477 , 11.0 ,7.78,792," 7,119 "," 13,316 ",33.3,1,0,0,0
1,all_other,12%, 33 , 10.8 ,16.8,707," 5,101 "," 8,035 ",37.9,3,0,0,0
1,debt_consolidation,13%, 402 , 11.3 ,18.89,702," 6,930 "," 15,074 ",59.6,0,0,0,0
1,debt_consolidation,13%, 437 , 10.7 ,14.93,717," 4,410 ", 49 ,3.3,2,0,0,0
1,all_other,8%, 94 , 11.6 ,15.26,737," 10,680 "," 32,380 ",64.2,2,0,0,0
1,debt_consolidation,12%, 663 , 11.2 ,13.8,747," 4,230 "," 15,968 ",28.6,4,0,0,0
1,major_purchase,12%, 497 , 12.4 ,8.53,727," 4,921 "," 23,474 ",38.1,1,0,0,0
1,debt_consolidation,9%, 318 , 11.0 ,14.37,757," 1,950 "," 1,176 ",4.5,0,0,0,0
1,debt_consolidation,13%, 669 , 10.5 ,16.97,727," 3,150 "," 20,708 ",54.6,0,0,0,0
1,home_improvement,7%, 68 , 11.0 ,1.43,772," 5,490 ", 441 ,2.8,2,0,0,0
1,debt_consolidation,14%, 272 , 11.8 ,17.68,682," 11,340 "," 55,045 ",85.2,0,1,0,0
1,all_other,14%, 69 , 10.3 ,15.38,662," 2,820 "," 3,759 ",80,0,1,0,0
1,all_other,16%, 123 , 10.2 ,8.89,677," 2,010 "," 5,869 ",99.5,0,0,0,0
1,credit_card,12%, 663 , 11.3 ,15.91,767," 5,407 "," 12,870 ",12.1,4,0,0,0
1,debt_consolidation,9%, 126 , 10.1 ,21.85,737," 2,250 "," 1,733 ",10.9,1,0,0,0
1,small_business,19%, 73 , 10.8 ,17.28,677," 3,996 "," 11,132 ",98.5,1,1,0,1
1,debt_consolidation,9%, 318 , 10.9 ,19.75,742," 9,032 "," 12,377 ",39.7,3,0,0,0
1,all_other,9%, 508 , 11.7 ,23.1,782," 6,390 "," 78,633 ",31.7,1,0,0,0
1,home_improvement,9%, 158 , 12.4 ,6.29,737," 6,485 "," 8,101 ",70.4,2,0,0,0
1,all_other,11%, 217 , 10.6 ,2.87,727," 1,680 "," 8,164 ",21.1,2,0,0,0
1,debt_consolidation,9%, 428 , 11.2 ,18.7,747," 5,640 "," 33,660 ",45,0,0,0,0
1,debt_consolidation,13%, 507 , 10.8 ,13.42,692," 2,370 "," 14,956 ",70.1,2,0,0,0
1,debt_consolidation,14%, 683 , 11.4 ,11.55,697," 5,220 "," 17,250 ",78.3,2,1,0,0
1,debt_consolidation,15%, 208 , 10.9 ,15.65,662," 5,461 "," 1,824 ",67.6,0,2,0,0
1,credit_card,11%, 297 , 10.7 ,18.93,717," 5,040 "," 14,576 ",72.2,0,0,0,0
1,all_other,9%, 381 , 11.0 ,15.86,792," 8,100 ", 498 ,0.4,0,0,0,0
1,all_other,14%, 273 , 11.2 ,19.87,677," 8,160 "," 16,410 ",37.2,0,1,1,0
1,major_purchase,11%, 262 , 10.0 ,17.71,772," 2,160 ", 954 ,14.7,4,0,0,1
1,home_improvement,13%, 108 , 11.4 ,12.08,677," 13,500 "," 7,479 ",82.9,2,0,0,0
1,all_other,9%, 152 , 10.9 ,4.41,767," 5,250 ", 115 ,0.5,2,0,0,0
1,all_other,14%, 204 , 11.0 ,9.37,692," 1,410 ", 902 ,20,1,0,0,0
1,all_other,9%, 316 , 10.5 ,16,752," 5,190 "," 11,185 ",24.9,1,0,0,0
1,debt_consolidation,15%, 111 , 11.0 ,20.43,672," 5,130 "," 6,552 ",95.4,1,1,0,0
1,credit_card,14%, 130 , 11.6 ,13.75,667," 6,240 "," 8,413 ",75.1,3,0,0,0
1,all_other,9%, 445 , 11.0 ,20.82,757," 8,986 ", 946 ,18.9,1,0,0,0
1,debt_consolidation,12%, 167 , 10.2 ,9.78,707," 1,530 "," 5,740 ",61.1,0,0,0,0
1,educational,13%, 135 , 10.8 ,1.08,702," 1,770 "," 1,503 ",16.3,0,0,0,0
1,debt_consolidation,13%, 669 , 11.6 ,11.36,717," 7,350 "," 35,173 ",69.4,0,0,0,0
1,debt_consolidation,16%, 560 , 10.9 ,22.84,662," 8,586 "," 14,958 ",71.6,0,0,0,1
1,debt_consolidation,9%, 158 , 9.9 ,14.16,752," 3,660 "," 5,267 ",42.8,0,0,0,0
1,debt_consolidation,9%, 404 , 11.2 ,13.63,762," 4,890 "," 21,908 ",28.8,3,0,0,0
1,all_other,12%, 250 , 11.1 ,4.66,707," 1,770 "," 2,370 ",17.8,2,0,0,0
1,debt_consolidation,14%, 412 , 10.9 ,14.55,677," 1,890 "," 8,394 ",48.8,2,0,0,0
1,all_other,14%, 144 , 11.0 ,12.11,667," 3,870 "," 1,506 ",34.2,0,3,0,1
1,educational,9%, 191 , 10.6 ,2.91,732," 3,150 "," 7,198 ",32,0,0,0,1
1,small_business,15%, 414 , 11.5 ,5.05,767," 3,150 ", 125 ,0.4,2,0,0,0
1,debt_consolidation,16%, 352 , 10.7 ,14.3,692," 1,985 "," 9,729 ",98.3,0,0,0,0
1,debt_consolidation,9%, 95 , 11.3 ,23.05,717," 8,340 "," 14,040 ",67.2,0,0,0,0
1,all_other,15%, 87 , 11.0 ,9.66,662," 6,000 "," 19,487 ",86.6,3,1,0,0
1,debt_consolidation,13%, 202 , 11.3 ,13.05,687," 3,030 "," 9,640 ",49.9,0,0,1,0
1,all_other,7%, 75 , 11.1 ,5.89,777," 3,030 ", 151 ,4.9,0,0,0,0
1,small_business,16%, 353 , 11.3 ,11.52,732," 5,010 "," 35,873 ",94.4,3,0,0,0
1,small_business,15%, 97 , 11.4 ,20.95,712," 5,910 "," 33,167 ",87.5,0,0,0,0
1,debt_consolidation,14%, 340 , 11.5 ,16.96,682," 3,840 "," 9,063 ",26.1,1,3,0,0
1,debt_consolidation,7%, 31 , 11.1 ,6.65,767," 7,080 "," 8,542 ",14.8,0,0,0,0
1,educational,8%, 31 , 10.3 ,21.52,737," 3,180 "," 3,292 ",42.8,1,0,0,0
1,all_other,13%, 168 , 10.6 ,3,712," 1,200 "," 4,009 ",38.5,0,0,0,0
1,all_other,18%, 291 , 10.6 ,9.86,667," 2,520 ", 298 ,99.3,0,0,1,1
1,all_other,13%, 100 , 11.1 ,15.9,697," 9,000 "," 16,183 ",32.8,0,2,0,0
1,small_business,18%, 165 , 9.3 ,8.84,692," 1,350 ", -   ,0,1,0,0,0
1,major_purchase,11%, 394 , 10.2 ,17.82,742," 3,720 "," 21,312 ",29.2,0,0,0,1
1,all_other,13%, 68 , 10.9 ,9.77,672," 5,250 "," 1,083 ",77.4,3,0,0,0
1,debt_consolidation,14%, 258 , 10.6 ,22.05,682," 4,469 "," 24,604 ",91.8,0,0,0,0
1,debt_consolidation,13%, 669 , 11.0 ,20.68,722," 4,710 "," 18,996 ",77.9,1,0,0,0
1,debt_consolidation,15%, 331 , 10.6 ,15.09,672," 3,240 "," 10,565 ",80.7,0,0,0,0
1,all_other,9%, 191 , 11.2 ,9.46,732," 4,682 "," 19,298 ",35.5,2,0,0,0
1,credit_card,18%, 720 , 11.7 ,18.34,702," 11,910 "," 50,307 ",75,0,0,0,0
1,debt_consolidation,13%, 402 , 10.8 ,9.92,707," 3,540 "," 13,107 ",51.4,0,0,0,0
1,debt_consolidation,12%, 666 , 10.9 ,13.79,727," 3,900 "," 16,947 ",66.2,1,0,0,0
1,debt_consolidation,9%, 381 , 10.5 ,11.01,757," 8,580 "," 13,819 ",36.9,0,0,0,0
1,credit_card,7%, 46 , 10.7 ,16.24,792," 4,020 "," 18,830 ",52,0,0,0,0
1,home_improvement,8%, 156 , 10.6 ,17.68,752," 3,390 "," 1,757 ",9.3,1,0,0,0
1,small_business,17%, 533 , 11.5 ,7.05,722," 4,140 "," 3,146 ",46.4,2,0,0,0
1,home_improvement,12%, 663 , 11.2 ,2.55,742," 4,650 "," 11,518 ",15.4,3,0,0,0
1,debt_consolidation,9%, 316 , 10.6 ,10.92,757," 5,160 "," 6,999 ",9.8,1,0,0,0
1,home_improvement,12%, 116 , 11.0 ,24.11,707," 3,030 "," 2,979 ",14.2,1,1,0,0
1,debt_consolidation,9%, 353 , 11.3 ,21.53,737," 5,760 "," 46,429 ",56.1,0,0,0,0
1,debt_consolidation,13%, 324 , 11.7 ,4.91,692," 4,620 "," 1,664 ",87.6,1,0,0,0
1,debt_consolidation,11%, 472 , 11.7 ,11.3,732," 3,930 "," 28,541 ",41.3,0,0,0,0
1,debt_consolidation,7%, 202 , 9.8 ,14.13,772," 7,170 "," 6,954 ",25.3,0,0,0,0
1,home_improvement,7%, 31 , 10.3 ,0,772," 5,730 "," 11,108 ",46.5,0,0,0,0
1,debt_consolidation,9%, 191 , 11.0 ,23.18,732," 3,540 "," 22,323 ",29,0,0,0,0
1,all_other,8%, 100 , 10.7 ,17.33,737," 7,050 "," 12,719 ",39.9,1,0,0,0
1,home_improvement,13%, 101 , 10.1 ,3.5,682," 1,530 "," 2,351 ",24,1,0,0,0
1,debt_consolidation,14%, 679 , 10.9 ,20.03,707," 6,000 "," 28,296 ",70.7,1,0,0,0
1,credit_card,9%, 73 , 10.6 ,0.98,742," 2,580 "," 1,868 ",22.8,1,0,0,0
1,debt_consolidation,9%, 159 , 10.5 ,15.02,727," 2,250 "," 3,657 ",10,0,0,0,0
1,debt_consolidation,15%, 696 , 11.4 ,23.79,702," 4,410 "," 59,980 ",95.5,0,0,0,0
1,debt_consolidation,13%, 505 , 11.7 ,8.35,702," 6,090 "," 12,152 ",54.2,2,0,1,0
1,all_other,12%, 266 , 10.3 ,4.16,737," 2,550 "," 5,820 ",48.5,0,0,0,0
1,debt_consolidation,13%, 169 , 9.9 ,10.14,687," 6,750 "," 5,881 ",82.8,3,0,1,0
1,debt_consolidation,9%, 228 , 11.6 ,13.89,767," 2,880 ", 600 ,2.4,1,0,0,0
1,credit_card,9%, 191 , 10.2 ,17.73,757," 4,620 "," 20,873 ",28.4,2,0,0,1
1,credit_card,13%, 608 , 11.8 ,16.99,702," 6,540 "," 33,756 ",82.3,0,0,0,0
1,credit_card,8%, 52 , 9.9 ,4.68,732," 3,030 "," 2,927 ",27.9,0,0,0,0
1,debt_consolidation,13%, 175 , 11.0 ,10.28,687," 2,160 "," 2,564 ",19.4,3,0,0,0
1,debt_consolidation,13%, 255 , 10.5 ,13.49,682," 2,730 "," 13,847 ",74.4,0,0,0,1
1,all_other,9%, 318 , 11.0 ,14.78,742," 4,230 "," 1,947 ",29.1,2,1,0,0
1,home_improvement,8%, 281 , 10.6 ,2.69,797," 13,111 "," 5,689 ",6.2,0,0,0,0
1,debt_consolidation,12%, 530 , 10.8 ,19.03,747," 3,600 "," 10,740 ",40.4,4,0,0,0
1,all_other,8%, 78 , 10.6 ,6.49,737," 6,360 ", 967 ,10.1,1,0,0,0
1,all_other,11%, 73 , 10.6 ,14.55,732," 1,290 "," 1,959 ",9.8,0,0,0,0
1,debt_consolidation,13%, 622 , 11.0 ,11.84,707," 3,690 "," 9,530 ",46,0,0,0,0
1,debt_consolidation,9%, 367 , 11.1 ,18.02,777," 5,010 "," 29,568 ",52.3,0,0,0,0
1,credit_card,8%, 219 , 11.6 ,12.69,762," 8,820 "," 5,872 ",21.4,0,0,0,0
1,all_other,9%, 318 , 10.1 ,13.68,742," 4,080 "," 18,478 ",37.1,1,0,0,0
1,home_improvement,14%, 255 , 11.5 ,13.28,682," 5,400 "," 28,384 ",89,2,0,0,0
1,debt_consolidation,14%, 240 , 11.2 ,18.82,692," 5,490 "," 16,120 ",96.5,3,0,0,0
1,debt_consolidation,9%, 267 , 10.6 ,17.37,752," 4,410 "," 8,493 ",58.7,1,0,0,0
1,debt_consolidation,8%, 217 , 10.4 ,22.73,752," 11,250 "," 18,512 ",57.1,0,0,0,0
1,educational,13%, 338 , 11.0 ,9.54,692," 2,250 "," 2,263 ",17.7,0,3,0,0
1,debt_consolidation,13%, 402 , 10.8 ,16.08,712," 5,430 "," 15,244 ",66.6,0,0,1,0
1,home_improvement,12%, 500 , 11.5 ,8.7,772," 5,160 "," 2,139 ",30.6,2,0,0,0
1,debt_consolidation,12%, 400 , 11.3 ,24.88,712," 5,070 "," 6,950 ",16.6,0,0,1,0
1,home_improvement,12%, 666 , 11.2 ,14.31,722," 3,000 "," 2,292 ",5.4,1,1,0,0
1,debt_consolidation,11%, 492 , 10.5 ,14.19,752," 5,370 "," 2,855 ",25.3,2,0,0,0
1,debt_consolidation,11%, 659 , 11.0 ,18.4,767," 10,920 "," 33,184 ",48,0,0,0,0
1,all_other,11%, 99 , 10.9 ,21.72,707," 4,410 "," 11,791 ",63.7,0,0,0,0
1,debt_consolidation,9%, 221 , 11.0 ,22.73,742," 2,550 "," 8,441 ",18.8,2,0,0,0
1,debt_consolidation,14%, 340 , 11.6 ,15.74,702," 3,990 "," 23,464 ",31.1,1,0,0,0
1,debt_consolidation,11%, 626 , 10.4 ,17.44,752," 4,802 "," 25,008 ",36,0,0,0,0
1,major_purchase,8%, 312 , 10.9 ,9.11,792," 9,030 "," 89,252 ",6.4,0,0,0,0
1,credit_card,12%, 431 , 11.7 ,4.17,717," 2,610 "," 1,731 ",9,3,2,0,0
1,all_other,9%, 57 , 11.2 ,24.21,722," 4,290 "," 39,900 ",70.3,0,0,0,0
1,debt_consolidation,11%, 33 , 11.5 ,11.64,707," 5,760 "," 10,333 ",28.2,1,1,0,0
1,debt_consolidation,12%, 431 , 10.9 ,11.87,722," 5,580 "," 10,915 ",34.5,1,0,0,0
1,debt_consolidation,7%, 186 , 11.7 ,6.4,772," 4,950 "," 13,242 ",23,0,0,0,0
1,debt_consolidation,11%, 659 , 12.2 ,6.62,757," 5,100 "," 26,330 ",28.6,1,0,0,1
1,debt_consolidation,14%, 324 , 10.3 ,15.92,692," 4,320 "," 23,616 ",49.4,3,0,0,0
1,credit_card,12%, 265 , 11.1 ,8.12,732," 4,260 "," 43,799 ",87.8,2,0,0,0
1,debt_consolidation,13%, 215 , 11.7 ,9.9,697," 5,400 "," 2,165 ",36.1,2,0,1,0
1,small_business,16%, 122 , 11.1 ,2.51,732," 4,080 "," 1,450 ",9.2,0,0,0,0
1,all_other,15%, 209 , 10.4 ,7.31,667," 3,600 ", -   ,0,1,0,0,0
1,debt_consolidation,8%, 156 , 10.3 ,12.91,752," 8,974 "," 15,813 ",75.7,0,0,0,0
1,small_business,16%, 177 , 10.8 ,7.2,747," 1,860 "," 1,340 ",7.2,1,0,0,1
1,debt_consolidation,8%, 143 , 11.3 ,17.94,762," 6,270 "," 112,055 ",33.5,1,0,0,0
1,all_other,11%, 138 , 10.8 ,18.06,707," 2,550 "," 3,522 ",33.2,1,1,0,0
1,debt_consolidation,9%, 442 , 10.3 ,17.66,747," 10,020 "," 25,716 ",73.9,0,0,0,0
1,debt_consolidation,18%, 720 , 11.3 ,2.87,677," 4,291 "," 9,603 ",51.9,0,1,0,1
1,debt_consolidation,13%, 268 , 10.6 ,13.62,717," 4,710 "," 29,140 ",64,2,0,0,0
1,debt_consolidation,9%, 540 , 11.1 ,12.89,772," 10,890 "," 9,242 ",18.1,1,0,0,0
1,all_other,9%, 126 , 11.1 ,16.97,742," 5,676 "," 2,187 ",25.7,0,0,0,0
1,debt_consolidation,11%, 468 , 11.3 ,23.17,727," 4,201 "," 31,236 ",42.3,1,0,0,0
1,all_other,9%, 318 , 10.8 ,7.56,757," 4,000 ", -   ,0,0,0,0,0
1,credit_card,12%, 300 , 11.0 ,19.77,702," 3,990 "," 40,781 ",76.9,0,0,0,1
1,debt_consolidation,11%, 656 , 11.9 ,0.82,792," 7,500 "," 4,363 ",10.5,1,0,0,1
1,debt_consolidation,14%, 686 , 12.0 ,16.42,692," 7,590 "," 77,324 ",75.9,0,0,0,0
1,debt_consolidation,12%, 533 , 11.4 ,13.68,717," 3,810 "," 5,630 ",17.8,2,0,0,0
1,debt_consolidation,13%, 173 , 10.0 ,22.86,692," 7,290 "," 8,688 ",67.3,0,0,0,1
1,all_other,9%, 95 , 10.0 ,0.79,727," 2,550 ", 208 ,3.5,1,0,0,0
1,debt_consolidation,13%, 269 , 10.3 ,9.52,692," 3,155 "," 7,261 ",51.9,0,0,1,0
1,debt_consolidation,12%, 596 , 11.7 ,8.22,747," 7,440 "," 71,965 ",76.6,4,0,0,0
1,all_other,9%, 159 , 10.9 ,20.14,727," 6,030 "," 22,652 ",53.3,3,0,0,0
1,debt_consolidation,11%, 344 , 10.9 ,19.63,732," 6,720 "," 9,020 ",64.4,3,0,0,0
1,small_business,15%, 634 , 11.7 ,13.09,752," 7,230 "," 14,375 ",17.5,0,0,0,0
1,credit_card,15%, 426 , 11.2 ,6.43,667," 5,880 "," 5,422 ",46.7,1,0,0,0
1,debt_consolidation,15%, 690 , 11.1 ,14.72,687," 2,790 "," 8,004 ",66.1,0,0,0,0
1,debt_consolidation,15%, 345 , 10.7 ,22.03,672," 4,680 "," 4,232 ",27.1,1,0,0,0
1,small_business,16%, 422 , 11.5 ,11.86,702," 6,330 "," 34,057 ",63.9,3,0,0,1
1,debt_consolidation,13%, 268 , 10.7 ,11.57,697," 5,070 "," 9,929 ",32.4,1,2,0,0
1,educational,8%, 75 , 10.6 ,11.47,757," 7,380 "," 13,852 ",24.5,0,0,0,0
1,major_purchase,11%, 328 , 11.4 ,13.03,727," 3,030 "," 5,960 ",43.8,0,0,0,0
1,all_other,8%, 156 , 11.0 ,14.4,752," 8,370 "," 15,489 ",35.4,1,0,0,0
1,debt_consolidation,12%, 431 , 11.6 ,13.2,717," 3,270 "," 38,433 ",56.5,1,0,0,0
1,all_other,11%, 659 , 11.4 ,10.07,792," 2,940 ", 760 ,1.9,0,0,0,0
1,debt_consolidation,12%, 533 , 11.2 ,10.89,732," 3,600 "," 15,942 ",40.9,3,0,0,0
1,debt_consolidation,9%, 286 , 10.7 ,16.72,737," 3,720 "," 8,654 ",24.6,0,0,0,0
1,small_business,15%, 208 , 11.4 ,11.55,762," 4,290 "," 5,341 ",0,0,0,0,0
1,debt_consolidation,15%, 690 , 10.9 ,14.84,682," 3,690 "," 20,916 ",65.6,1,0,0,0
1,educational,14%, 611 , 11.2 ,2.85,692," 4,770 "," 4,389 ",7.7,3,0,0,0
1,credit_card,12%, 79 , 11.0 ,16.48,697," 6,840 "," 3,689 ",22.2,2,0,0,0
1,credit_card,14%, 683 , 12.3 ,11.37,697," 4,590 "," 56,558 ",72.1,0,0,0,0
1,credit_card,13%, 201 , 10.5 ,23.07,687," 5,100 "," 3,334 ",23.5,0,0,0,0
1,all_other,9%, 413 , 11.8 ,0.05,802," 6,810 "," 2,563 ",8.8,0,0,0,0
1,all_other,16%, 262 , 10.4 ,11.93,672," 1,470 "," 1,140 ",54.3,0,0,0,0
1,small_business,16%, 565 , 10.8 ,0.36,722," 1,755 ", 640 ,3.9,3,0,0,0
1,home_improvement,17%, 710 , 11.3 ,24.6,677," 1,749 ", -   ,49.63,1,0,0,1
1,major_purchase,12%, 466 , 12.3 ,16.65,717," 6,390 "," 37,629 ",87.1,1,0,0,0
1,credit_card,14%, 343 , 11.8 ,7.5,677," 2,580 "," 12,907 ",52.9,3,2,0,0
1,debt_consolidation,17%, 642 , 11.7 ,17.74,672," 5,160 "," 18,938 ",53.8,1,1,0,0
1,debt_consolidation,9%, 369 , 10.7 ,12.35,752," 3,300 "," 1,061 ",10.1,0,0,0,0
1,home_improvement,9%, 364 , 10.3 ,1.8,792," 7,890 "," 2,324 ",5.7,0,0,0,0
1,debt_consolidation,16%, 555 , 10.9 ,22.84,672," 4,620 "," 22,684 ",89.9,0,0,0,1
1,all_other,19%, 658 , 11.3 ,15.6,672," 1,142 "," 11,184 ",93.2,0,0,0,0
1,debt_consolidation,11%, 462 , 10.1 ,13.15,752," 6,631 "," 13,551 ",29,0,0,0,0
1,debt_consolidation,11%, 455 , 10.7 ,23.61,752," 8,680 "," 6,698 ",67,0,0,0,0
1,credit_card,11%, 659 , 11.3 ,5.72,757," 3,616 "," 8,863 ",27.4,1,0,0,0
1,educational,13%, 167 , 10.6 ,10.56,692," 4,410 "," 15,041 ",66.6,0,0,0,0
1,all_other,9%, 63 , 9.9 ,8.7,747," 4,290 "," 4,622 ",19.3,0,0,0,1
1,debt_consolidation,13%, 669 , 12.1 ,6.45,722," 3,420 "," 23,973 ",44.9,1,0,0,0
1,educational,13%, 49 , 9.7 ,7.41,692," 2,010 ", -   ,0,0,1,0,0
1,debt_consolidation,11%, 394 , 11.2 ,15.06,742," 4,860 "," 18,862 ",47.5,1,0,0,0
1,debt_consolidation,9%, 253 , 10.1 ,20.3,797," 6,690 "," 3,301 ",27.3,0,0,0,0
1,credit_card,13%, 402 , 11.9 ,5.59,702," 5,010 "," 4,381 ",16.5,2,0,0,0
1,educational,13%, 402 , 12.1 ,6.33,717," 9,120 "," 38,384 ",90.1,1,0,0,0
1,small_business,15%, 313 , 11.3 ,3.45,742," 5,520 "," 6,218 ",8.1,0,0,1,0
1,credit_card,12%, 199 , 11.0 ,15.5,702," 3,810 "," 55,333 ",39,2,0,0,0
1,educational,9%, 57 , 10.5 ,21.54,742," 3,180 "," 2,940 ",32.3,5,0,0,0
1,debt_consolidation,12%, 666 , 11.6 ,13.84,732," 9,374 "," 22,233 ",76.7,1,0,0,0
1,all_other,8%, 156 , 10.6 ,5.62,747," 2,220 "," 2,326 ",25,1,0,0,0
1,educational,9%, 143 , 9.8 ,6.29,792," 2,670 ", 70 ,0.7,1,0,0,0
1,all_other,11%, 198 , 11.2 ,12.66,727," 3,270 "," 4,027 ",7.2,2,1,0,0
1,debt_consolidation,9%, 327 , 10.3 ,19.29,747," 8,070 "," 5,822 ",64.7,1,0,0,1
1,debt_consolidation,11%, 492 , 10.9 ,12.18,767," 8,940 "," 13,095 ",19.6,2,0,0,0
1,all_other,18%, 905 , 11.2 ,21.02,672," 5,190 "," 37,893 ",74.4,3,0,0,1
1,all_other,9%, 126 , 11.4 ,7.3,747," 7,950 "," 19,817 ",64.1,1,0,0,0
1,debt_consolidation,15%, 448 , 10.8 ,24.17,672," 3,390 "," 6,256 ",71.9,0,0,0,1
1,debt_consolidation,9%, 257 , 10.4 ,16.36,752," 3,360 "," 12,442 ",33.7,0,0,0,0
1,debt_consolidation,14%, 48 , 10.6 ,13.83,662," 3,870 "," 3,163 ",53.6,2,0,0,0
1,debt_consolidation,16%, 315 , 11.0 ,15.42,662," 4,290 "," 16,286 ",89.5,0,0,0,1
1,debt_consolidation,13%, 538 , 11.1 ,11.52,727," 4,740 "," 7,290 ",93.5,0,0,0,0
1,all_other,9%, 316 , 10.9 ,8.52,812," 10,950 ", 952 ,1.1,0,0,0,0
1,debt_consolidation,13%, 338 , 10.7 ,19.32,692," 3,870 "," 8,540 ",87.1,1,0,0,0
1,debt_consolidation,11%, 361 , 10.8 ,10.39,722," 2,193 "," 10,735 ",34.5,3,0,0,0
1,all_other,9%, 524 , 11.6 ,3.16,802," 9,870 "," 4,588 ",6.7,0,0,0,0
1,all_other,14%, 323 , 10.4 ,0.56,792," 9,030 "," 1,479 ",7.1,7,0,0,0
1,debt_consolidation,12%, 666 , 10.8 ,22.88,732," 3,990 "," 26,803 ",51.4,1,0,0,0
1,all_other,7%, 62 , 10.7 ,3.68,777," 7,800 "," 6,669 ",23.8,0,0,0,0
1,educational,13%, 431 , 10.5 ,24.27,712," 2,040 "," 5,048 ",55.5,0,0,0,1
1,credit_card,9%, 253 , 10.1 ,17.23,762," 2,550 "," 2,296 ",9.3,2,0,0,0
1,debt_consolidation,11%, 262 , 11.7 ,13.61,722," 5,400 "," 41,568 ",48.6,3,0,0,0
1,debt_consolidation,17%, 713 , 12.0 ,14.04,677," 4,440 "," 70,627 ",91.8,2,0,0,0
1,major_purchase,14%, 679 , 10.6 ,11.91,722," 1,411 "," 1,458 ",12.4,2,0,0,0
1,debt_consolidation,15%, 520 , 11.4 ,24.99,687," 3,510 "," 53,896 ",96.8,0,0,0,0
1,debt_consolidation,14%, 512 , 11.2 ,22.34,682," 5,040 "," 7,705 ",39.9,2,1,0,0
1,debt_consolidation,9%, 461 , 10.6 ,24.71,772," 3,990 "," 10,277 ",28.9,2,0,0,0
1,credit_card,15%, 416 , 10.5 ,10.1,682," 2,553 "," 12,315 ",80,1,0,0,0
1,debt_consolidation,9%, 385 , 10.6 ,22.11,747," 3,360 "," 19,029 ",22,3,0,0,0
1,home_improvement,13%, 234 , 11.3 ,15.93,702," 4,230 "," 20,125 ",59.9,2,0,0,0
1,debt_consolidation,14%, 143 , 10.3 ,17.77,677," 1,680 "," 2,187 ",70.5,1,0,0,0
1,debt_consolidation,19%, 734 , 11.1 ,8.86,677," 7,350 "," 9,881 ",99.8,0,0,0,0
1,credit_card,11%, 458 , 11.2 ,10.96,732," 5,430 "," 27,948 ",73.8,0,0,0,0
1,debt_consolidation,13%, 235 , 10.1 ,9.79,692," 6,721 "," 6,355 ",65.5,1,0,0,0
1,home_improvement,11%, 394 , 11.4 ,14.36,737," 3,900 "," 3,114 ",26.4,1,0,0,0
1,all_other,12%, 250 , 11.3 ,2.77,717," 3,630 ", 653 ,19.8,2,0,0,0
1,home_improvement,13%, 510 , 10.9 ,10.96,722," 6,270 "," 2,652 ",3.9,0,0,0,1
1,debt_consolidation,12%, 500 , 11.3 ,24.66,722," 11,160 "," 22,319 ",58.7,0,2,0,0
1,home_improvement,11%, 659 , 12.2 ,4.24,812," 5,880 "," 15,571 ",8.7,4,0,0,0
1,debt_consolidation,13%, 117 , 10.7 ,23.12,692," 2,460 "," 5,177 ",64.7,0,0,0,0
1,home_improvement,14%, 340 , 11.5 ,3.35,702," 2,340 ", 61 ,2,0,0,0,0
1,major_purchase,15%, 277 , 10.6 ,4.46,672," 1,770 "," 5,626 ",26.9,0,0,0,1
1,debt_consolidation,11%, 165 , 10.0 ,8.54,732," 2,040 "," 1,517 ",22.3,0,0,0,0
1,debt_consolidation,14%, 546 , 11.6 ,15.36,687," 3,060 "," 23,839 ",59.3,1,2,0,0
1,small_business,17%, 713 , 11.1 ,8.4,747," 1,860 ", 632 ,1.3,6,0,0,1
1,small_business,16%, 315 , 10.5 ,4.43,732," 1,471 "," 2,320 ",28.3,1,0,0,0
1,debt_consolidation,9%, 318 , 10.3 ,5.6,737," 5,640 "," 9,152 ",17.3,2,0,0,1
1,debt_consolidation,15%, 498 , 11.1 ,13.7,677," 2,340 "," 23,626 ",90.9,2,0,0,0
1,credit_card,14%, 574 , 12.3 ,24.06,702," 6,870 "," 109,027 ",90.2,3,0,0,0
1,major_purchase,7%, 124 , 10.2 ,1.89,797," 8,100 "," 2,198 ",8.7,0,0,0,0
1,all_other,15%, 279 , 10.8 ,16.52,662," 2,460 "," 7,959 ",33.2,3,0,0,0
1,debt_consolidation,16%, 457 , 11.4 ,23.89,662," 2,190 "," 58,686 ",80.8,2,0,0,0
1,small_business,15%, 348 , 10.2 ,1.38,792," 2,291 ", 425 ,2.1,0,0,0,0
1,debt_consolidation,13%, 321 , 10.6 ,16.72,702," 3,360 "," 2,978 ",81.9,0,0,0,0
1,debt_consolidation,17%, 710 , 11.0 ,20.94,672," 5,850 "," 28,332 ",81.2,0,1,0,0
1,all_other,11%, 157 , 9.9 ,3.12,737," 1,500 "," 2,644 ",23.4,1,0,0,0
1,debt_consolidation,12%, 331 , 10.5 ,24.13,717," 6,450 "," 5,587 ",73.5,0,0,0,1
1,all_other,17%, 214 , 10.3 ,12.42,662," 2,160 "," 8,765 ",95.3,1,0,0,0
1,all_other,13%, 235 , 11.6 ,18.09,687," 5,160 "," 89,844 ",84.8,0,0,0,0
1,all_other,8%, 250 , 11.5 ,15.47,802," 4,621 "," 6,498 ",11.6,2,0,0,0
1,all_other,11%, 426 , 10.5 ,11.77,737," 5,460 "," 3,636 ",7.4,1,0,1,0
1,debt_consolidation,13%, 221 , 11.4 ,20.2,697," 9,240 "," 27,017 ",45.7,2,0,0,0
1,home_improvement,15%, 346 , 10.4 ,17.08,672," 1,800 "," 3,918 ",38.2,1,0,0,0
1,major_purchase,14%, 172 , 11.1 ,12.48,687," 7,410 "," 24,905 ",95.5,3,0,0,0
1,all_other,11%, 246 , 12.1 ,11.33,727," 5,430 "," 32,706 ",81.6,1,0,0,0
1,debt_consolidation,13%, 268 , 10.3 ,9.8,702," 2,670 "," 5,934 ",39.8,1,1,0,0
1,all_other,8%, 109 , 10.3 ,5.73,767," 2,220 "," 1,092 ",9.9,0,0,0,0
1,educational,9%, 111 , 10.4 ,7.83,737," 2,160 "," 1,092 ",9.9,0,0,0,0
1,small_business,20%, 186 , 10.8 ,6,672," 5,010 "," 9,814 ",59.5,1,0,1,1
1,debt_consolidation,14%, 340 , 10.7 ,21.17,702," 4,230 "," 9,114 ",57,0,0,0,0
1,credit_card,9%, 126 , 10.7 ,4.72,762," 3,073 "," 7,347 ",26.7,1,0,0,0
1,all_other,12%, 160 , 11.1 ,12.07,697," 5,760 "," 21,028 ",84.8,1,0,0,0
1,all_other,12%, 298 , 11.0 ,0.48,717," 2,910 ", -   ,0,1,0,0,0
1,credit_card,7%, 93 , 10.5 ,16.8,772," 3,270 "," 4,088 ",15,2,0,0,0
1,debt_consolidation,11%, 659 , 12.5 ,0.22,777," 5,670 "," 1,003 ",3.3,2,0,0,0
1,debt_consolidation,14%, 274 , 10.3 ,14.16,677," 3,090 "," 1,338 ",27.9,0,0,0,0
1,debt_consolidation,9%, 349 , 11.0 ,16.7,802," 4,680 ", 667 ,3.6,3,0,0,0
1,debt_consolidation,13%, 572 , 11.5 ,17.22,712," 7,980 "," 26,949 ",52,0,0,0,0
1,credit_card,14%, 96 , 10.1 ,18.29,667," 4,590 "," 12,995 ",31.6,0,1,0,0
1,debt_consolidation,8%, 156 , 11.3 ,9.27,747," 3,120 "," 13,899 ",36,1,0,0,0
1,all_other,14%, 273 , 11.4 ,22.55,677," 2,940 "," 2,149 ",36.4,2,0,0,0
1,debt_consolidation,11%, 422 , 10.9 ,13.33,722," 6,240 "," 3,230 ",26.4,0,0,0,0
1,all_other,12%, 150 , 11.2 ,1.49,707," 3,780 "," 2,698 ",33.3,2,1,0,0
1,small_business,17%, 86 , 11.3 ,7.46,667," 4,320 ", 575 ,16,2,0,0,0
1,credit_card,14%, 442 , 11.6 ,15.01,702," 4,170 "," 46,306 ",56.6,1,0,0,0
1,debt_consolidation,15%, 313 , 10.7 ,6.14,662," 6,960 "," 5,776 ",77,1,0,0,1
1,credit_card,11%, 633 , 11.0 ,17.35,762," 8,820 "," 5,331 ",9.1,2,0,0,0
1,debt_consolidation,12%, 666 , 11.2 ,18.45,732," 4,260 "," 29,074 ",46.2,0,0,0,0
1,credit_card,13%, 420 , 10.9 ,17.61,702," 2,040 "," 13,441 ",49.4,2,0,0,0
1,all_other,12%, 494 , 10.9 ,9.51,742," 1,590 "," 1,691 ",16.5,1,0,0,0
1,debt_consolidation,9%, 349 , 10.9 ,8.95,742," 9,330 "," 25,212 ",46.6,1,0,0,0
1,major_purchase,13%, 84 , 11.2 ,10.68,702," 5,820 "," 4,403 ",88.1,0,0,0,0
1,credit_card,13%, 202 , 10.3 ,10.51,707," 4,290 "," 1,980 ",46,0,1,0,0
1,credit_card,15%, 862 , 11.7 ,20.52,707," 5,580 "," 78,468 ",84.3,2,0,0,1
1,debt_consolidation,11%, 656 , 11.6 ,21.69,772," 9,990 "," 67,969 ",40.5,2,0,0,0
1,debt_consolidation,14%, 205 , 11.0 ,14.05,677," 3,480 "," 5,810 ",85.4,1,0,0,0
1,credit_card,9%, 397 , 10.9 ,17.15,757," 6,330 "," 24,452 ",66.4,0,0,0,0
1,credit_card,9%, 381 , 11.0 ,18.99,752," 2,850 "," 25,577 ",30.8,1,0,0,0
1,small_business,20%, 230 , 9.9 ,0,667," 1,440 ", -   ,0,0,0,1,1
1,debt_consolidation,14%, 340 , 11.0 ,7.3,702," 5,400 "," 6,749 ",91.2,0,0,0,0
1,debt_consolidation,18%, 720 , 11.2 ,14.06,702," 4,230 "," 55,912 ",68.1,2,0,0,1
1,home_improvement,12%, 663 , 11.3 ,12.95,742," 8,431 "," 20,586 ",37.5,0,0,0,0
1,credit_card,9%, 349 , 10.8 ,23.18,732," 3,630 "," 11,557 ",46.2,1,0,0,0
1,debt_consolidation,17%, 642 , 11.4 ,6.81,677," 7,500 "," 4,418 ",96,0,0,0,0
1,all_other,9%, 556 , 11.8 ,9.81,777," 5,070 "," 8,651 ",13.6,1,0,0,0
1,debt_consolidation,14%, 397 , 10.9 ,22.66,687," 5,580 "," 16,677 ",45.9,1,0,0,0
1,debt_consolidation,14%, 172 , 10.9 ,8.17,667," 4,290 "," 9,685 ",43.2,1,0,0,0
1,small_business,15%, 207 , 10.6 ,12.76,767," 5,610 "," 4,031 ",39.1,5,0,0,1
1,debt_consolidation,13%, 167 , 10.6 ,2.97,692," 2,730 "," 3,869 ",26.1,0,0,0,0
1,debt_consolidation,11%, 495 , 10.6 ,10.32,737," 6,630 "," 14,274 ",24.6,0,0,0,0
1,credit_card,14%, 686 , 11.2 ,13.68,687," 4,860 "," 27,561 ",80.8,1,0,0,0
1,debt_consolidation,12%, 663 , 11.3 ,9.11,742," 3,660 "," 28,091 ",50.6,0,0,0,0
1,debt_consolidation,11%, 264 , 10.5 ,2.9,727," 1,800 "," 2,980 ",31.7,1,0,0,0
1,debt_consolidation,11%, 98 , 10.2 ,17.29,717," 2,550 "," 4,502 ",40.9,2,0,0,0
1,debt_consolidation,12%, 482 , 10.7 ,14.56,717," 2,280 "," 25,729 ",52.4,0,0,0,0
1,credit_card,13%, 202 , 10.9 ,6.3,682," 10,320 "," 9,339 ",33.2,2,1,0,0
1,debt_consolidation,11%, 495 , 11.2 ,10.1,742," 5,520 "," 73,366 ",61.7,1,0,0,0
1,debt_consolidation,16%, 530 , 11.2 ,16.66,662," 4,620 "," 29,319 ",61.5,0,0,0,0
1,debt_consolidation,12%, 566 , 11.1 ,15.8,717," 6,240 "," 21,441 ",80.6,1,0,0,1
1,home_improvement,16%, 280 , 11.0 ,16.72,717," 2,550 "," 16,951 ",99.7,0,0,0,0
1,debt_consolidation,13%, 382 , 10.6 ,19.05,707," 5,010 "," 32,720 ",94.6,1,0,0,0
1,credit_card,12%, 500 , 10.8 ,16.97,722," 4,201 "," 11,530 ",49.1,0,0,0,0
1,debt_consolidation,13%, 335 , 10.6 ,20.46,702," 2,520 "," 7,722 ",66.1,0,0,0,1
1,debt_consolidation,12%, 630 , 12.2 ,10.93,742," 7,020 "," 79,062 ",50.8,0,0,0,0
1,debt_consolidation,14%, 546 , 11.3 ,15.83,687," 2,100 "," 17,923 ",59.7,0,0,0,0
1,educational,12%, 183 , 11.5 ,14.75,697," 8,250 "," 36,428 ",70.7,0,0,0,0
1,credit_card,16%, 177 , 10.5 ,5.18,672," 1,380 "," 5,403 ",63.6,1,0,0,0
1,debt_consolidation,14%, 309 , 10.7 ,22.91,682," 3,450 "," 23,703 ",83.8,0,0,0,0
1,credit_card,11%, 328 , 10.7 ,22.13,732," 3,720 "," 12,253 ",18.9,2,1,0,0
1,debt_consolidation,14%, 216 , 9.8 ,21.53,727," 2,880 "," 7,727 ",95.4,0,0,0,0
1,small_business,15%, 345 , 12.0 ,17.43,732," 4,350 "," 114,393 ",46.6,2,0,0,0
1,all_other,9%, 254 , 11.7 ,2.7,762," 6,900 "," 5,914 ",15.9,4,0,0,0
1,all_other,8%, 219 , 11.3 ,3.17,782," 4,591 ", 482 ,1.6,2,0,0,0
1,home_improvement,8%, 187 , 11.3 ,15.69,752," 3,630 "," 6,207 ",41.4,3,0,0,0
1,home_improvement,12%, 265 , 11.2 ,8.98,732," 3,720 ", 905 ,12,0,0,2,0
1,debt_consolidation,12%, 298 , 10.9 ,20.49,712," 4,620 "," 23,750 ",47.7,1,0,0,0
1,educational,11%, 462 , 11.6 ,21.29,727," 5,250 "," 15,812 ",50,1,0,0,1
1,credit_card,13%, 203 , 11.0 ,14.47,682," 4,290 "," 6,891 ",59.8,0,0,0,0
1,home_improvement,14%, 340 , 11.7 ,8.38,682," 5,160 ", 865 ,72.1,3,0,0,0
1,all_other,15%, 174 , 10.8 ,3.79,672," 3,030 "," 2,029 ",20.3,3,0,0,1
1,major_purchase,12%, 60 , 11.3 ,5.3,692," 5,730 "," 1,836 ",34.6,1,1,0,0
1,all_other,8%, 156 , 11.5 ,10.24,752," 5,730 "," 15,509 ",25.7,1,0,0,0
1,home_improvement,9%, 572 , 11.3 ,5.37,777," 6,990 "," 17,915 ",17,3,0,0,1
1,debt_consolidation,12%, 167 , 10.9 ,10.5,692," 6,120 "," 4,819 ",55.3,0,0,0,0
1,debt_consolidation,14%, 462 , 10.5 ,22.11,687," 3,330 "," 18,522 ",93.1,0,0,0,1
1,debt_consolidation,14%, 467 , 12.0 ,9.43,692," 5,820 "," 105,576 ",68.6,0,0,1,0
1,debt_consolidation,13%, 311 , 10.2 ,18.97,687," 2,550 "," 9,666 ",83.3,0,0,0,0
1,all_other,13%, 237 , 10.2 ,15.09,687," 3,930 "," 2,896 ",10.3,0,0,0,0
1,debt_consolidation,13%, 507 , 10.9 ,1.96,717," 1,410 "," 2,425 ",29.2,0,0,0,0
1,credit_card,9%, 349 , 11.8 ,13.79,762," 9,300 "," 2,308 ",33,3,0,0,0
1,debt_consolidation,13%, 669 , 11.4 ,18.72,712," 2,910 "," 55,770 ",62,0,0,0,0
1,debt_consolidation,11%, 492 , 11.2 ,8.05,767," 5,760 "," 5,404 ",5.2,0,0,0,0
1,debt_consolidation,13%, 210 , 10.8 ,21.84,692," 4,350 "," 28,565 ",70,1,0,0,0
1,educational,12%, 511 , 10.9 ,15.47,742," 4,620 "," 15,713 ",27.9,5,0,0,1
1,debt_consolidation,13%, 505 , 11.4 ,13.38,707," 5,667 "," 14,045 ",29.4,1,0,0,1
1,all_other,7%, 106 , 10.6 ,15.03,757," 5,610 "," 12,361 ",43.7,0,0,0,0
1,debt_consolidation,16%, 490 , 10.8 ,6,662," 3,270 "," 1,221 ",12.2,3,0,0,0
1,all_other,18%, 290 , 10.7 ,13.81,677," 4,950 "," 8,704 ",16.1,2,2,0,0
1,major_purchase,8%, 125 , 11.1 ,10.83,762," 3,210 "," 2,976 ",38.6,0,0,0,0
1,debt_consolidation,11%, 523 , 10.5 ,22.47,737," 4,020 "," 19,796 ",30.1,1,0,0,0
1,major_purchase,7%, 78 , 12.1 ,4.06,757," 10,320 "," 14,063 ",50.2,1,0,0,0
1,debt_consolidation,9%, 477 , 11.6 ,6.24,792," 7,800 "," 19,367 ",9.1,0,0,0,0
1,home_improvement,14%, 205 , 11.5 ,7,682," 6,510 "," 4,417 ",78.9,0,0,0,0
1,debt_consolidation,11%, 328 , 10.3 ,12.92,727," 4,470 "," 14,257 ",29.5,0,0,0,1
1,educational,8%, 156 , 11.1 ,0.38,782," 2,286 "," 1,137 ",4.3,1,0,0,0
1,credit_card,14%, 683 , 11.1 ,14.99,742," 8,280 "," 13,631 ",80.7,7,0,0,1
1,all_other,14%, 102 , 10.6 ,22.98,672," 4,500 "," 17,590 ",80.7,1,0,1,0
1,debt_consolidation,13%, 669 , 11.4 ,24.56,717," 4,830 "," 21,621 ",60.1,1,0,0,1
1,debt_consolidation,12%, 172 , 9.6 ,13.12,707," 1,530 "," 6,947 ",53.4,0,0,0,1
1,debt_consolidation,11%, 525 , 11.3 ,5.84,757," 13,380 "," 20,015 ",34.9,0,0,0,0
1,small_business,16%, 707 , 11.0 ,2.87,762," 2,580 "," 11,341 ",32.2,1,0,0,0
1,educational,12%, 64 , 10.3 ,8.36,712," 1,350 ", 277 ,46.2,2,0,0,0
1,all_other,13%, 118 , 10.5 ,9.79,682," 2,220 "," 9,868 ",73.1,3,0,0,0
1,all_other,13%, 135 , 9.8 ,13.8,692," 3,210 "," 9,794 ",75.9,0,0,0,1
1,debt_consolidation,12%, 599 , 11.6 ,8.23,722," 5,430 "," 15,533 ",79.3,1,0,0,0
1,all_other,9%, 316 , 10.9 ,14.35,752," 7,051 "," 16,375 ",28,1,0,0,0
1,credit_card,12%, 663 , 12.1 ,13.22,747," 4,350 "," 10,767 ",50.3,0,0,0,0
1,home_improvement,11%, 396 , 10.8 ,12.41,757," 2,461 "," 2,071 ",23,4,0,0,0
1,all_other,19%, 738 , 11.9 ,0.98,667," 6,420 "," 29,518 ",97.4,0,0,0,0
1,home_improvement,13%, 268 , 10.8 ,4.97,772," 4,383 "," 2,958 ",7.6,7,0,0,0
1,credit_card,11%, 495 , 11.2 ,23.9,737," 4,860 "," 38,876 ",59.6,2,0,0,1
1,credit_card,9%, 177 , 10.6 ,8.34,737," 2,700 "," 2,639 ",24,1,0,0,0
1,debt_consolidation,14%, 549 , 10.7 ,14.67,682," 3,960 "," 9,092 ",23.2,0,0,0,1
1,debt_consolidation,12%, 497 , 11.1 ,11,732," 2,880 "," 8,318 ",50.7,1,0,0,0
1,debt_consolidation,14%, 112 , 10.8 ,19.2,667," 4,265 "," 9,625 ",49.1,2,0,0,0
1,debt_consolidation,9%, 316 , 11.0 ,3.78,767," 3,390 "," 3,252 ",13.7,0,0,0,0
1,debt_consolidation,12%, 117 , 11.7 ,13.42,692," 8,880 "," 25,873 ",63.9,2,0,1,0
1,debt_consolidation,12%, 93 , 11.5 ,16.96,697," 8,130 "," 40,868 ",86.6,3,0,0,1
1,credit_card,12%, 549 , 11.2 ,16.06,717," 5,040 "," 43,373 ",66.9,0,0,0,0
1,debt_consolidation,12%, 500 , 10.8 ,21.24,722," 3,300 "," 7,322 ",31.8,0,0,0,1
1,educational,12%, 411 , 11.9 ,17.38,717," 7,170 ", 452 ,8.4,1,0,0,0
1,all_other,11%, 69 , 10.7 ,18.24,717," 1,830 "," 6,554 ",55.1,2,0,0,0
1,all_other,12%, 366 , 11.7 ,9.38,707," 11,460 "," 9,772 ",41.8,1,0,0,0
1,credit_card,9%, 202 , 10.7 ,15.24,747," 8,400 "," 13,010 ",36.8,0,0,0,0
1,major_purchase,11%, 659 , 10.5 ,10.19,767," 3,960 "," 5,110 ",36.5,0,0,0,0
1,credit_card,9%, 272 , 11.5 ,16.16,752," 4,050 "," 30,330 ",30.9,2,0,0,0
1,small_business,18%, 720 , 11.2 ,7.04,702," 5,100 "," 11,829 ",74.4,3,0,1,0
1,debt_consolidation,14%, 679 , 11.4 ,5.13,707," 3,930 "," 17,470 ",25.1,0,1,0,0
1,all_other,9%, 191 , 11.0 ,1.16,732," 5,310 "," 2,731 ",9.2,0,0,1,0
1,debt_consolidation,13%, 816 , 12.3 ,8.13,722," 8,130 "," 30,159 ",63.6,1,1,0,0
1,all_other,13%, 151 , 11.8 ,18.99,682," 3,960 ", 778 ,33.8,0,4,0,0
1,debt_consolidation,11%, 577 , 11.1 ,11.71,737," 3,780 "," 18,277 ",50.8,1,0,0,0
1,small_business,15%, 710 , 11.4 ,16.12,752," 10,290 "," 5,090 ",7.1,0,0,0,0
1,small_business,14%, 161 , 10.1 ,5.09,787," 4,800 "," 44,834 ",0,0,0,0,0
1,debt_consolidation,17%, 293 , 11.2 ,15.87,682," 8,580 "," 13,641 ",98.8,2,0,1,0
1,debt_consolidation,11%, 560 , 11.5 ,23.18,742," 5,280 "," 11,265 ",24.3,0,0,0,0
1,small_business,16%, 875 , 11.5 ,9.01,737," 5,040 "," 52,307 ",62.6,3,0,0,1
1,debt_consolidation,14%, 273 , 11.2 ,4.2,677," 5,370 "," 9,172 ",66,1,0,1,0
1,debt_consolidation,17%, 464 , 11.0 ,19.89,682," 2,910 "," 3,368 ",99.1,0,0,0,0
1,credit_card,11%, 197 , 11.9 ,17.3,717," 5,220 "," 61,431 ",74.1,2,0,0,0
1,all_other,13%, 269 , 10.7 ,15.04,702," 9,721 "," 4,616 ",41.6,1,1,0,0
1,debt_consolidation,12%, 497 , 11.1 ,15.87,732," 8,460 "," 26,127 ",44.8,1,0,0,1
1,debt_consolidation,14%, 442 , 10.6 ,24.04,702," 8,850 "," 20,688 ",91.5,0,0,0,1
1,all_other,11%, 396 , 10.0 ,0,777," 7,050 ", -   ,0,4,0,0,0
1,all_other,16%, 98 , 10.4 ,14.77,662," 1,320 ", 339 ,12.1,2,0,0,1
1,debt_consolidation,13%, 235 , 11.1 ,9.12,687," 2,250 "," 7,361 ",72.2,0,0,0,0
1,debt_consolidation,13%, 234 , 10.9 ,21.23,697," 5,400 "," 28,606 ",84.1,0,0,0,0
1,debt_consolidation,12%, 373 , 10.5 ,11.1,707," 6,450 "," 17,715 ",79,0,0,0,0
1,home_improvement,9%, 379 , 11.8 ,6.61,772," 5,820 "," 11,867 ",21.4,3,0,0,0
1,debt_consolidation,12%, 497 , 12.1 ,9.26,732," 5,701 "," 75,854 ",46.2,1,1,0,1
1,debt_consolidation,9%, 318 , 11.2 ,12.64,737," 5,280 "," 36,161 ",46.4,1,0,0,0
1,major_purchase,12%, 150 , 11.3 ,0.07,707," 3,660 ", 5 ,0.1,0,0,0,0
1,debt_consolidation,14%, 343 , 10.9 ,13.49,687," 5,640 "," 7,573 ",48.5,2,0,0,1
1,debt_consolidation,11%, 426 , 11.0 ,18.63,742," 5,520 "," 25,195 ",24.2,0,0,0,0
1,credit_card,13%, 807 , 12.6 ,0.54,777," 4,320 "," 5,068 ",46.1,1,0,0,0
1,debt_consolidation,16%, 875 , 12.0 ,16.79,687," 2,520 "," 30,459 ",67.8,1,0,0,0
1,debt_consolidation,15%, 346 , 12.0 ,10.33,722," 4,770 "," 27,495 ",98.2,0,0,0,0
1,debt_consolidation,11%, 558 , 11.2 ,6.65,762," 6,840 "," 6,542 ",32.7,1,0,0,1
1,debt_consolidation,9%, 159 , 10.1 ,19.2,727," 1,950 "," 5,089 ",56.5,0,0,0,0
1,debt_consolidation,15%, 172 , 11.0 ,20.92,712," 5,675 "," 3,179 ",20.6,1,0,0,0
1,all_other,8%, 186 , 10.7 ,11.39,792," 4,410 ", 711 ,2.5,1,0,0,0
1,all_other,8%, 56 , 10.2 ,1.46,787," 5,490 "," 2,701 ",3.2,4,0,0,0
1,debt_consolidation,12%, 615 , 10.7 ,5.86,732," 4,650 "," 10,133 ",25.6,2,0,0,0
1,debt_consolidation,18%, 432 , 11.1 ,24.13,677," 5,100 "," 19,714 ",97.6,0,0,0,0
1,credit_card,9%, 79 , 11.4 ,23.53,732," 7,170 "," 80,572 ",71.4,0,0,0,0
1,debt_consolidation,13%, 304 , 11.0 ,16.9,677," 4,290 "," 11,274 ",72.5,3,0,0,0
1,all_other,13%, 320 , 11.9 ,2.5,697," 5,070 "," 3,267 ",12.1,0,0,0,0
1,credit_card,11%, 57 , 10.0 ,8.02,722," 2,190 "," 1,838 ",14.9,0,0,0,0
1,small_business,18%, 306 , 10.4 ,4.18,667," 1,800 "," 3,244 ",73.7,1,0,0,0
1,credit_card,11%, 98 , 10.1 ,8.7,722," 1,830 "," 6,941 ",39.2,0,0,0,0
1,debt_consolidation,15%, 870 , 11.0 ,22.38,697," 4,290 "," 42,430 ",81.8,0,0,0,0
1,all_other,15%, 554 , 11.0 ,21.54,677," 12,480 "," 36,095 ",65.9,1,1,0,0
1,debt_consolidation,12%, 833 , 11.5 ,7.49,737," 7,500 "," 67,492 ",55.7,0,0,0,0
1,all_other,14%, 170 , 10.2 ,21.42,677," 1,890 "," 8,817 ",76,1,0,0,0
1,credit_card,8%, 94 , 11.3 ,7.33,742," 10,230 "," 37,721 ",64.6,0,0,0,0
1,debt_consolidation,14%, 95 , 11.1 ,11.16,672," 5,730 "," 26,343 ",83.4,1,0,0,0
1,small_business,15%, 866 , 11.2 ,6.3,792," 7,020 "," 3,793 ",14.3,2,0,0,0
1,credit_card,9%, 508 , 11.2 ,6.79,772," 5,010 "," 7,254 ",15.4,1,0,0,0
1,credit_card,16%, 879 , 11.3 ,17.83,682," 5,160 "," 17,426 ",52.2,2,0,0,0
1,all_other,12%, 167 , 10.4 ,2.22,697," 2,520 "," 2,070 ",60.9,3,0,0,0
1,debt_consolidation,9%, 411 , 10.8 ,2.87,782," 6,630 "," 6,049 ",19.1,0,0,0,0
1,credit_card,12%, 457 , 10.9 ,20.86,717," 4,470 "," 21,981 ",59.6,1,0,0,0
1,debt_consolidation,13%, 284 , 11.0 ,16.11,697," 2,460 "," 9,836 ",69.8,1,0,0,0
1,debt_consolidation,15%, 827 , 11.8 ,21.94,697," 4,440 "," 124,784 ",73.2,0,0,0,0
1,all_other,7%, 140 , 11.4 ,6.77,787," 5,820 "," 6,986 ",12.3,0,0,0,0
1,home_improvement,12%, 500 , 11.3 ,13.1,767," 4,291 "," 7,135 ",8.3,1,0,0,0
1,major_purchase,8%, 219 , 11.6 ,7.27,767," 10,440 "," 7,283 ",7.6,0,0,0,0
1,debt_consolidation,8%, 281 , 10.9 ,9.93,777," 6,240 "," 3,940 ",8.9,1,0,0,0
1,all_other,7%, 217 , 10.7 ,23.87,772," 2,912 "," 1,095 ",5.2,2,0,0,0
1,home_improvement,12%, 517 , 11.2 ,17.26,732," 5,880 ", 256 ,1.7,0,0,1,0
1,all_other,14%, 206 , 10.6 ,20.83,697," 1,260 ", 12 ,1.5,2,0,0,0
1,all_other,14%, 144 , 10.1 ,5.14,687," 3,420 ", -   ,0,3,2,0,0
1,debt_consolidation,16%, 883 , 11.9 ,14.32,682," 4,620 "," 30,427 ",86.9,1,0,0,0
1,debt_consolidation,17%, 888 , 11.9 ,24.77,677," 8,671 "," 56,883 ",93.3,1,1,0,0
1,credit_card,12%, 333 , 11.2 ,13.82,712," 5,670 "," 36,014 ",66.1,3,0,0,0
1,credit_card,14%, 340 , 10.7 ,8.75,682," 6,360 "," 24,223 ",72.7,0,0,0,0
1,debt_consolidation,16%, 879 , 11.5 ,15.06,697," 6,150 "," 62,551 ",90.1,0,0,0,0
1,all_other,15%, 836 , 11.7 ,11.71,682," 5,910 "," 36,598 ",74.4,0,0,0,1
1,all_other,8%, 187 , 11.2 ,22.9,752," 9,000 "," 63,299 ",64.9,2,0,0,0
1,credit_card,16%, 492 , 10.8 ,9.51,687," 2,040 "," 14,401 ",92.9,0,0,0,0
1,debt_consolidation,11%, 132 , 10.7 ,22.93,717," 3,690 ", -   ,0,0,0,0,0
1,debt_consolidation,16%, 422 , 11.7 ,23.85,662," 6,090 "," 61,956 ",85.6,2,1,0,0
1,debt_consolidation,9%, 318 , 10.5 ,13.73,787," 5,040 ", 417 ,3.2,2,0,0,0
1,debt_consolidation,16%, 190 , 10.8 ,10.61,662," 3,120 "," 1,487 ",92.9,0,0,0,0
1,all_other,14%, 683 , 11.4 ,12.61,707," 6,420 ", 197 ,0.5,2,0,0,0
1,all_other,12%, 398 , 11.3 ,18.9,732," 3,660 "," 11,061 ",46.1,1,0,0,1
1,debt_consolidation,13%, 669 , 11.6 ,17.05,707," 3,990 "," 23,075 ",67.3,0,0,0,1
1,small_business,14%, 102 , 12.2 ,5.35,727," 5,310 "," 5,415 ",12.8,1,1,1,0
1,debt_consolidation,8%, 289 , 11.1 ,8.17,777," 5,790 "," 18,147 ",16.7,1,0,0,1
1,credit_card,13%, 318 , 11.0 ,5.42,702," 2,130 "," 13,228 ",45.6,0,0,0,0
1,small_business,15%, 279 , 10.9 ,19.66,752," 3,240 "," 39,644 ",10.3,1,0,0,0
1,debt_consolidation,14%, 307 , 10.3 ,12.04,692," 1,444 "," 7,171 ",59.3,0,0,0,0
1,all_other,13%, 569 , 11.2 ,14.15,727," 3,180 "," 4,071 ",30.2,1,0,0,0
1,debt_consolidation,15%, 629 , 10.7 ,20.23,702," 4,440 "," 28,607 ",95,2,0,0,0
1,debt_consolidation,15%, 55 , 11.0 ,6.42,692," 1,860 "," 4,050 ",98.8,2,0,0,0
1,home_improvement,12%, 497 , 10.5 ,12.27,742," 2,880 ", -   ,0,2,0,0,0
1,all_other,15%, 97 , 9.6 ,6.8,667," 1,110 ", 456 ,22.8,1,2,0,0
1,debt_consolidation,14%, 154 , 10.6 ,2.34,687," 1,560 "," 1,847 ",42,1,0,0,0
1,home_improvement,9%, 95 , 10.9 ,7.44,717," 4,380 "," 9,166 ",27,1,1,0,0
1,small_business,16%, 703 , 11.6 ,18.13,717," 10,740 "," 22,784 ",82,0,0,0,1
1,all_other,11%, 49 , 9.8 ,20.37,712," 2,610 "," 5,013 ",68.7,0,0,0,1
1,home_improvement,12%, 663 , 11.5 ,4.24,747," 6,750 "," 15,773 ",48.2,2,0,0,1
1,debt_consolidation,15%, 418 , 10.8 ,5.59,667," 1,830 "," 6,804 ",74,1,0,0,0
1,debt_consolidation,11%, 659 , 11.5 ,11.02,752," 3,240 "," 1,492 ",6.1,3,0,0,0
1,debt_consolidation,13%, 816 , 11.8 ,8.08,717," 3,840 "," 26,361 ",73.2,1,0,0,1
1,credit_card,19%, 202 , 11.9 ,3.58,662," 5,130 ", -   ,74.4,1,0,0,0
1,debt_consolidation,13%, 151 , 11.0 ,1.12,687," 7,500 "," 1,916 ",43.5,0,0,1,1
1,debt_consolidation,15%, 164 , 9.5 ,10.71,677," 1,140 "," 3,798 ",50.6,2,0,0,0
1,all_other,9%, 177 , 11.8 ,12.15,737," 6,600 "," 38,084 ",81,3,0,0,1
1,all_other,13%, 841 , 10.9 ,9.96,717," 4,478 "," 9,880 ",72.1,0,0,0,0
1,debt_consolidation,12%, 533 , 11.0 ,16.4,712," 6,960 "," 12,295 ",38.5,0,0,0,0
1,debt_consolidation,13%, 515 , 10.6 ,22.41,697," 5,010 "," 14,876 ",56.1,1,0,0,1
1,debt_consolidation,13%, 261 , 10.5 ,16.42,717," 1,860 "," 25,608 ",65.9,0,0,0,0
1,all_other,13%, 184 , 10.3 ,16.2,687," 3,090 "," 23,509 ",54.8,0,0,0,0
1,debt_consolidation,14%, 444 , 11.0 ,19.24,682," 4,950 "," 17,599 ",28.3,3,2,0,0
1,all_other,13%, 101 , 10.5 ,22.43,677," 5,370 "," 12,905 ",81.2,1,0,1,0
1,debt_consolidation,14%, 408 , 12.0 ,5.51,712," 8,250 "," 31,895 ",66.6,3,0,0,0
1,debt_consolidation,13%, 270 , 10.3 ,11.76,682," 2,139 "," 9,036 ",82.9,0,0,0,0
1,credit_card,14%, 190 , 11.2 ,17.47,692," 7,831 "," 48,280 ",97.7,3,0,0,0
1,credit_card,8%, 187 , 11.7 ,1.46,747," 4,569 "," 10,817 ",49.6,1,0,0,0
1,all_other,15%, 191 , 10.7 ,0.28,677," 3,390 ", 68 ,2.5,0,0,0,0
1,debt_consolidation,12%, 663 , 11.1 ,11.95,742," 6,030 "," 19,086 ",67.4,1,0,0,0
1,credit_card,12%, 596 , 11.8 ,12.92,742," 6,810 "," 12,204 ",64.6,4,0,0,0
1,all_other,9%, 477 , 11.5 ,6.21,772," 4,110 "," 4,054 ",6,2,0,0,0
1,credit_card,7%, 65 , 11.6 ,13.19,747," 4,230 "," 19,548 ",37.2,0,0,0,0
1,debt_consolidation,13%, 301 , 11.9 ,9.76,722," 5,400 "," 110,441 ",96.6,0,0,0,1
1,small_business,16%, 281 , 11.4 ,6.03,702," 6,690 ", 362 ,36.2,1,0,0,0
1,home_improvement,9%, 508 , 11.7 ,7.85,772," 8,760 "," 92,944 ",20.6,0,0,0,0
1,credit_card,12%, 400 , 10.6 ,19.86,707," 3,510 "," 9,777 ",72.4,2,0,0,0
1,all_other,15%, 261 , 10.5 ,21.15,662," 2,910 ", 722 ,60.2,2,0,0,1
1,debt_consolidation,12%, 266 , 10.8 ,8.54,702," 2,280 "," 7,690 ",65.6,0,0,0,0
1,major_purchase,9%, 159 , 10.5 ,18.54,727," 4,020 "," 13,862 ",74.5,0,0,0,0
1,debt_consolidation,15%, 707 , 11.0 ,23.86,687," 8,071 "," 4,503 ",35.7,1,3,0,0
1,debt_consolidation,12%, 239 , 11.2 ,23.33,707," 5,070 "," 31,485 ",64.4,3,0,0,0
1,major_purchase,9%, 207 , 11.1 ,12.49,777," 3,633 "," 21,760 ",63.2,0,0,0,0
1,debt_consolidation,16%, 875 , 11.5 ,14.02,692," 4,560 "," 24,594 ",64.3,0,0,0,0
1,all_other,7%, 78 , 10.4 ,11.48,762," 2,910 "," 1,641 ",14.9,0,0,0,0
1,all_other,9%, 222 , 10.7 ,15.2,722," 3,631 "," 5,764 ",31.5,1,0,0,1
1,debt_consolidation,16%, 281 , 11.0 ,6.78,672," 4,080 ", -   ,0,2,1,0,0
1,major_purchase,14%, 51 , 10.4 ,4.09,682," 2,550 ", 286 ,35.7,2,0,0,0
1,debt_consolidation,13%, 201 , 11.2 ,17.28,687," 4,800 "," 33,711 ",81.6,2,0,0,0
1,credit_card,13%, 60 , 10.2 ,15.21,677," 2,700 "," 4,293 ",66,2,0,0,0
1,credit_card,11%, 213 , 11.1 ,3.43,717," 7,779 "," 9,846 ",59.7,1,0,0,0
1,educational,7%, 87 , 10.8 ,7.96,807," 14,310 ", 562 ,1,0,0,0,0
1,all_other,9%, 106 , 11.0 ,22.54,727," 4,500 "," 32,143 ",61.7,0,0,0,0
1,debt_consolidation,17%, 320 , 10.9 ,6.83,662," 1,140 "," 8,419 ",65.8,0,0,0,0
1,all_other,14%, 819 , 11.3 ,9.67,742," 3,480 ", 254 ,1.1,6,0,0,0
1,debt_consolidation,14%, 206 , 11.2 ,18.4,682," 3,963 "," 9,442 ",92.6,2,0,0,0
1,all_other,9%, 196 , 11.0 ,19.1,742," 5,430 "," 9,367 ",36.7,0,0,0,0
1,all_other,13%, 203 , 10.3 ,17.96,712," 1,440 ", 766 ,51.1,0,0,0,0
1,home_improvement,14%, 256 , 11.7 ,11.86,677," 4,620 "," 20,685 ",72.9,1,1,0,0
1,debt_consolidation,12%, 833 , 10.7 ,11.3,747," 6,930 "," 13,873 ",15.5,4,0,0,0
1,debt_consolidation,13%, 120 , 10.8 ,24.47,692," 2,160 "," 15,888 ",75.7,0,0,0,1
1,credit_card,14%, 204 , 11.3 ,19.93,697," 6,930 "," 52,116 ",95.3,0,0,0,0
1,debt_consolidation,12%, 398 , 11.7 ,11.02,712," 8,888 "," 38,771 ",38.5,1,0,0,0
1,all_other,16%, 141 , 10.6 ,19.63,667," 1,470 "," 5,277 ",97.7,1,0,0,0
1,debt_consolidation,12%, 333 , 10.6 ,23.01,772," 4,500 ", -   ,5.34,2,0,0,0
1,all_other,9%, 222 , 10.5 ,10.49,757," 2,821 "," 15,269 ",76.7,0,0,0,0
1,debt_consolidation,15%, 138 , 10.8 ,10.01,692," 2,760 "," 1,412 ",94.1,0,0,0,0
1,debt_consolidation,13%, 237 , 11.3 ,0.22,812," 11,520 ", 182 ,3.6,2,0,0,0
1,debt_consolidation,14%, 429 , 10.4 ,8.11,692," 3,960 "," 16,941 ",36.5,2,0,0,0
1,credit_card,9%, 156 , 10.8 ,10.66,757," 3,301 "," 5,076 ",22.7,0,0,0,0
1,all_other,7%, 124 , 10.9 ,17.24,782," 9,090 "," 2,765 ",9.4,1,0,0,0
1,major_purchase,9%, 292 , 10.1 ,22.9,757," 2,102 "," 3,803 ",11.7,1,0,0,0
1,small_business,15%, 479 , 10.2 ,15.53,737," 1,770 ", 48 ,1.8,0,0,0,0
1,educational,14%, 377 , 11.7 ,16.3,692," 13,170 "," 62,587 ",77.4,3,0,0,0
1,home_improvement,8%, 312 , 11.3 ,12.6,772," 5,070 "," 12,212 ",19,2,0,0,0
1,debt_consolidation,15%, 624 , 11.5 ,20.45,697," 6,210 "," 45,410 ",41.2,0,0,0,0
1,small_business,16%, 537 , 10.6 ,18.57,707," 7,710 "," 21,389 ",69.9,1,0,0,0
1,debt_consolidation,14%, 168 , 11.1 ,12.9,687," 1,140 "," 2,628 ",46.9,1,0,0,0
1,credit_card,13%, 235 , 10.0 ,19.56,707," 3,000 "," 12,315 ",94.7,1,0,0,0
1,debt_consolidation,16%, 196 , 11.8 ,6.94,667," 7,230 "," 9,044 ",93.2,0,0,0,0
1,debt_consolidation,18%, 720 , 12.2 ,8.89,662," 5,070 "," 24,724 ",46.1,3,2,0,1
1,debt_consolidation,13%, 812 , 12.2 ,10.84,727," 5,580 "," 72,210 ",73.7,0,0,0,0
1,all_other,9%, 64 , 11.2 ,7.18,752," 1,740 ", -   ,0,4,0,0,0
1,debt_consolidation,12%, 331 , 10.4 ,9.56,747," 3,300 "," 9,424 ",50.4,0,0,0,0
1,all_other,11%, 396 , 10.3 ,18.2,737," 3,000 ", 434 ,3.3,1,1,0,0
1,debt_consolidation,12%, 795 , 11.4 ,10.21,752," 9,510 "," 54,147 ",53.5,0,0,0,1
1,home_improvement,15%, 173 , 11.3 ,16.99,662," 8,550 "," 9,586 ",41.5,2,4,0,0
1,debt_consolidation,15%, 173 , 11.6 ,11.92,667," 3,570 "," 21,753 ",90.6,2,1,0,0
1,debt_consolidation,14%, 348 , 10.9 ,19.75,687," 4,290 "," 7,201 ",92.3,0,0,0,0
1,debt_consolidation,13%, 41 , 10.0 ,10.54,682," 1,710 "," 4,826 ",57.5,2,0,0,0
1,debt_consolidation,16%, 175 , 10.1 ,18.39,677," 1,530 ", 663 ,51,1,1,0,1
1,debt_consolidation,13%, 165 , 11.2 ,5.98,707," 5,730 "," 3,052 ",76.3,0,0,0,0
1,debt_consolidation,17%, 675 , 10.9 ,19.87,667," 3,905 "," 17,176 ",73.4,1,0,0,1
1,debt_consolidation,9%, 508 , 10.9 ,9.38,777," 5,940 "," 16,018 ",38,0,0,0,0
1,all_other,7%, 82 , 9.2 ,1.2,807," 3,900 ", 82 ,2.3,0,0,0,1
1,home_improvement,12%, 133 , 10.7 ,8.43,742," 1,290 ", 450 ,1.7,2,0,0,0
1,major_purchase,7%, 93 , 10.1 ,8.16,777," 2,910 ", 415 ,6.8,1,0,0,0
1,debt_consolidation,14%, 273 , 10.6 ,23.69,682," 5,250 "," 9,728 ",91.9,0,0,0,0
1,all_other,14%, 238 , 10.6 ,16.32,702," 4,470 ", 911 ,45.5,0,1,0,0
1,all_other,7%, 93 , 10.6 ,5.55,757," 7,950 "," 13,315 ",61.4,0,0,0,0
1,all_other,12%, 167 , 10.9 ,22.45,702," 1,800 "," 16,957 ",67,3,0,0,1
1,debt_consolidation,13%, 420 , 10.5 ,10.39,707," 3,120 "," 12,343 ",67.8,0,0,0,1
1,all_other,9%, 63 , 10.3 ,15.96,732," 1,830 "," 4,545 ",16.2,0,0,0,0
1,debt_consolidation,11%, 82 , 11.2 ,18.09,712," 8,130 "," 14,482 ",84.2,0,0,0,1
1,debt_consolidation,14%, 611 , 11.1 ,24.4,697," 4,202 "," 19,525 ",59,1,0,0,0
1,small_business,17%, 89 , 10.8 ,13.66,692," 3,870 "," 11,999 ",96.8,1,0,0,0
1,educational,8%, 94 , 9.5 ,21.51,757," 2,130 "," 2,520 ",13.3,0,0,0,0
1,all_other,15%, 276 , 11.7 ,0,687," 5,190 ", -   ,0,0,0,0,0
1,debt_consolidation,14%, 686 , 11.2 ,8.02,687," 3,480 "," 15,278 ",76.4,3,0,0,0
1,debt_consolidation,15%, 348 , 10.5 ,14.83,667," 1,770 "," 6,922 ",74.4,2,0,0,0
1,educational,7%, 93 , 11.4 ,5.58,792," 5,070 ", -   ,0,0,0,0,0
1,debt_consolidation,13%, 507 , 11.5 ,6.64,697," 5,012 "," 9,271 ",47.1,1,0,0,0
1,credit_card,13%, 646 , 11.3 ,10.93,742," 2,610 ", 222 ,2.8,0,1,0,1
1,all_other,7%, 186 , 11.6 ,1.23,807," 5,312 "," 19,647 ",27.4,0,0,0,0
1,major_purchase,7%, 84 , 11.5 ,0.18,802," 6,180 "," 1,269 ",2,2,0,0,0
1,all_other,11%, 262 , 11.4 ,17.39,727," 3,120 "," 19,388 ",48.6,0,0,0,0
1,all_other,11%, 659 , 11.2 ,14.06,797," 4,230 ", 177 ,1.4,0,0,0,0
1,debt_consolidation,12%, 477 , 11.5 ,11.52,717," 7,680 "," 19,757 ",30.1,3,0,0,0
1,all_other,9%, 191 , 10.1 ,8.05,727," 3,060 "," 2,489 ",15.6,0,0,0,0
1,all_other,13%, 507 , 10.3 ,17,702," 4,770 ", -   ,0,0,0,0,0
1,all_other,14%, 163 , 11.1 ,6.29,697," 3,540 ", 500 ,25,0,0,0,0
1,all_other,12%, 80 , 10.8 ,6.94,702," 3,600 ", 107 ,8.9,1,0,0,0
1,all_other,16%, 530 , 12.3 ,19.33,672," 6,030 "," 26,388 ",94.2,1,0,1,1
1,debt_consolidation,9%, 286 , 10.5 ,4.51,742," 6,930 "," 8,321 ",30.7,0,0,0,0
1,debt_consolidation,9%, 532 , 10.7 ,13.81,787," 7,950 "," 2,669 ",22.2,0,0,0,0
1,debt_consolidation,15%, 517 , 10.9 ,6.74,677," 5,222 ", 306 ,38.2,1,3,0,0
1,debt_consolidation,15%, 418 , 11.1 ,13.1,672," 4,020 "," 14,606 ",92.4,1,1,0,0
1,debt_consolidation,13%, 268 , 10.8 ,22.9,697," 3,660 "," 7,013 ",54.8,1,0,0,0
1,credit_card,16%, 175 , 10.8 ,8.14,667," 1,321 "," 20,111 ",50.8,3,0,0,0
1,debt_consolidation,14%, 170 , 10.3 ,15.53,682," 3,330 "," 3,262 ",93.2,2,0,0,1
1,debt_consolidation,9%, 477 , 11.4 ,8.99,782," 10,200 "," 17,908 ",20.3,1,0,0,0
1,debt_consolidation,12%, 500 , 11.6 ,5.78,722," 7,230 "," 33,436 ",50.6,0,0,0,0
1,home_improvement,18%, 362 , 11.3 ,21.69,667," 3,330 "," 67,776 ",98.2,2,0,0,0
1,credit_card,13%, 535 , 10.9 ,22.96,717," 5,970 "," 16,902 ",88,0,0,0,0
1,major_purchase,9%, 38 , 10.1 ,22.9,727," 2,370 "," 6,675 ",23.3,1,0,0,0
1,small_business,15%, 788 , 11.0 ,7.3,782," 4,620 "," 2,247 ",18.6,0,0,0,1
1,debt_consolidation,9%, 318 , 11.4 ,10.47,767," 9,630 "," 93,093 ",1.4,0,0,0,0
1,major_purchase,14%, 273 , 11.4 ,5.99,682," 2,942 "," 3,634 ",55.9,0,1,0,0
1,educational,12%, 833 , 11.3 ,12.36,737," 4,980 "," 47,256 ",31.6,1,0,0,1
1,all_other,12%, 333 , 11.1 ,18.22,712," 5,820 "," 17,604 ",72.1,0,0,0,0
1,all_other,8%, 281 , 11.7 ,8.47,787," 6,121 "," 2,525 ",7.3,0,0,0,0
1,debt_consolidation,13%, 541 , 11.0 ,11.76,707," 4,200 "," 8,834 ",70.7,0,1,0,0
1,home_improvement,13%, 202 , 10.8 ,0,717," 4,110 ", -   ,0,2,2,0,0
1,debt_consolidation,14%, 512 , 10.5 ,14.5,682," 3,540 "," 17,717 ",67.4,3,0,0,0
1,debt_consolidation,13%, 402 , 11.2 ,3.74,722," 7,501 "," 23,762 ",44.5,2,0,0,0
1,debt_consolidation,13%, 335 , 11.1 ,10.78,702," 4,800 "," 26,373 ",78.5,1,1,0,0
1,all_other,12%, 333 , 11.0 ,2.82,712," 3,330 "," 1,250 ",5.6,1,0,0,0
1,credit_card,13%, 454 , 11.3 ,15.88,702," 8,580 "," 14,255 ",57.7,0,0,0,0
1,small_business,20%, 185 , 10.9 ,5.53,692," 1,482 "," 1,025 ",22.3,1,0,0,0
1,major_purchase,13%, 802 , 10.8 ,12.46,757," 3,931 ", -   ,0,2,0,0,1
1,small_business,16%, 883 , 11.3 ,9.81,712," 4,350 "," 24,425 ",72.6,0,0,0,0
1,home_improvement,9%, 477 , 11.3 ,13.82,777," 6,840 ", 737 ,5.7,3,0,0,0
1,debt_consolidation,13%, 404 , 11.2 ,22.47,697," 4,080 "," 13,260 ",66.6,2,0,0,1
1,educational,9%, 126 , 9.0 ,9.45,737," 4,350 "," 2,892 ",42.5,2,0,0,0
1,debt_consolidation,12%, 333 , 10.3 ,22.77,707," 7,950 "," 5,274 ",17.6,2,0,0,0
1,debt_consolidation,15%, 866 , 11.9 ,16.55,702," 7,140 "," 23,798 ",48.7,3,1,0,1
1,all_other,14%, 446 , 10.3 ,13.37,707," 4,830 ", 69 ,7.7,0,0,0,0
1,home_improvement,9%, 302 , 11.7 ,2.84,747," 6,330 "," 84,712 ",57.7,1,0,0,0
1,home_improvement,14%, 410 , 11.4 ,13.99,687," 7,950 "," 21,648 ",86.9,0,1,0,0
1,all_other,11%, 656 , 11.3 ,17.2,772," 3,000 "," 1,401 ",9.2,1,0,0,1
1,all_other,12%, 331 , 10.9 ,13.05,727," 4,620 "," 2,624 ",48.6,0,0,0,0
1,home_improvement,14%, 683 , 13.5 ,3.09,697," 3,870 "," 6,960 ",44.6,0,0,0,1
1,credit_card,11%, 279 , 11.3 ,9.81,727," 3,240 "," 18,654 ",54.1,3,0,0,0
1,debt_consolidation,8%, 212 , 11.2 ,4.9,762," 4,320 "," 12,296 ",19.6,0,0,0,0
1,all_other,11%, 132 , 10.6 ,0,802," 4,740 ", -   ,0,1,0,0,0
1,debt_consolidation,14%, 618 , 11.1 ,16.04,682," 3,300 "," 6,868 ",71.5,0,0,0,0
1,debt_consolidation,9%, 56 , 9.2 ,21.25,732," 2,640 "," 2,385 ",54.2,1,0,0,1
1,home_improvement,8%, 265 , 10.6 ,23.77,782," 9,630 "," 9,955 ",20,0,0,0,0
1,debt_consolidation,13%, 502 , 10.7 ,20.78,707," 3,420 "," 14,145 ",43.5,0,0,0,0
1,all_other,11%, 659 , 12.1 ,0.39,812," 5,970 "," 4,085 ",4.7,0,0,0,0
1,debt_consolidation,15%, 870 , 11.2 ,20.45,697," 6,240 "," 24,105 ",84.6,0,0,0,0
1,debt_consolidation,9%, 381 , 11.6 ,8.95,757," 4,860 "," 6,535 ",9,2,0,0,0
1,debt_consolidation,16%, 671 , 11.6 ,21.5,667," 10,500 "," 83,317 ",72.2,0,0,0,0
1,debt_consolidation,13%, 338 , 10.5 ,8.09,687," 1,830 "," 8,907 ",61.9,0,0,0,0
1,credit_card,9%, 477 , 11.0 ,16.16,772," 7,830 "," 25,415 ",27.6,2,0,0,0
1,debt_consolidation,12%, 200 , 10.4 ,24,692," 5,040 "," 9,690 ",49.2,0,0,0,0
1,all_other,12%, 100 , 10.6 ,6.67,742," 4,470 "," 4,561 ",95,3,0,0,0
1,debt_consolidation,13%, 152 , 10.3 ,4.32,692," 5,160 "," 3,371 ",88.7,1,0,1,0
1,all_other,12%, 666 , 11.3 ,9.66,722," 2,011 "," 15,129 ",42.4,3,0,0,0
1,all_other,11%, 328 , 10.5 ,14.13,722," 1,920 "," 6,811 ",56.8,0,0,0,0
1,debt_consolidation,9%, 203 , 10.3 ,18.13,732," 2,463 "," 8,713 ",41.3,1,0,0,0
1,educational,15%, 138 , 10.9 ,3.16,667," 7,410 "," 3,864 ",52.9,2,0,0,1
1,small_business,16%, 422 , 11.2 ,17.48,747," 4,351 "," 1,249 ",6.1,6,0,0,1
1,debt_consolidation,13%, 803 , 10.9 ,21.55,727," 6,300 "," 21,216 ",64.1,0,0,0,0
1,educational,11%, 164 , 11.2 ,10.26,727," 7,470 "," 1,893 ",24.7,0,0,0,0
1,debt_consolidation,12%, 133 , 9.9 ,7.32,692," 8,850 "," 3,156 ",26.7,0,1,0,0
1,debt_consolidation,17%, 250 , 11.2 ,23.39,672," 3,990 "," 4,908 ",34.6,0,2,0,0
1,educational,13%, 45 , 10.2 ,19.29,702," 2,820 "," 20,493 ",95.3,0,0,0,1
1,debt_consolidation,15%, 836 , 11.6 ,17.19,697," 7,020 "," 53,723 ",82.2,2,0,0,0
1,all_other,9%, 158 , 9.8 ,7.33,752," 3,630 "," 2,494 ",40.2,1,0,0,0
1,debt_consolidation,19%, 257 , 11.0 ,13.52,662," 8,130 "," 7,461 ",99.5,0,0,0,0
1,small_business,16%, 105 , 10.6 ,5.82,687," 5,550 "," 7,285 ",23.5,2,0,1,0
1,debt_consolidation,13%, 538 , 11.0 ,10.42,717," 3,360 "," 15,949 ",92.7,1,0,0,1
1,educational,15%, 145 , 11.2 ,15.28,667," 3,870 "," 15,578 ",91.1,0,0,0,0
1,debt_consolidation,14%, 683 , 11.4 ,15.02,712," 5,730 "," 27,564 ",93.8,0,0,0,0
1,major_purchase,12%, 500 , 10.4 ,2.7,752," 1,710 ", 71 ,0.5,2,0,0,0
1,debt_consolidation,14%, 435 , 11.2 ,16.3,702," 5,610 "," 17,304 ",90.1,2,0,0,0
1,small_business,15%, 61 , 9.6 ,22.72,692," 1,832 "," 4,197 ",56,0,0,0,1
1,all_other,11%, 328 , 10.5 ,4.77,747," 1,680 ", 172 ,0.9,0,0,0,0
1,debt_consolidation,14%, 68 , 11.5 ,14.04,687," 6,540 "," 44,489 ",97.6,1,0,0,0
1,debt_consolidation,9%, 381 , 11.2 ,14.66,747," 5,340 "," 15,836 ",73.7,2,0,0,0
1,major_purchase,9%, 158 , 10.6 ,7.62,802," 6,810 ", -   ,0,1,0,0,0
1,debt_consolidation,11%, 323 , 10.6 ,24.75,717," 2,160 "," 6,095 ",23.4,1,0,0,0
1,all_other,14%, 172 , 11.3 ,9.34,667," 3,660 "," 4,232 ",46,1,0,0,0
1,debt_consolidation,12%, 795 , 11.1 ,19.82,752," 5,041 "," 11,046 ",65.4,0,0,0,0
1,major_purchase,16%, 211 , 11.1 ,13.42,662," 5,130 "," 4,543 ",29.5,2,0,2,0
1,credit_card,14%, 575 , 10.8 ,23.32,682," 3,360 "," 21,107 ",55,1,1,0,0
1,home_improvement,11%, 492 , 11.2 ,13.68,802," 5,730 "," 1,248 ",3.7,2,0,0,0
1,all_other,9%, 316 , 11.1 ,14.99,787," 5,700 "," 1,034 ",3.9,0,0,0,0
1,all_other,16%, 280 , 10.7 ,7.43,692," 2,190 "," 4,504 ",60.9,0,0,0,0
1,debt_consolidation,11%, 198 , 10.6 ,18.24,712," 5,010 "," 15,955 ",70.9,1,0,0,0
1,debt_consolidation,12%, 659 , 11.1 ,8.18,737," 6,946 "," 27,095 ",67.1,2,0,0,1
1,debt_consolidation,12%, 666 , 11.2 ,22.32,727," 11,340 "," 33,980 ",74.7,0,0,0,0
1,major_purchase,13%, 201 , 10.9 ,21.72,692," 3,450 "," 4,742 ",36.8,0,0,0,0
1,small_business,16%, 212 , 11.4 ,0.84,782," 4,890 ", -   ,0,0,0,0,1
1,debt_consolidation,17%, 287 , 11.2 ,19.59,667," 7,020 "," 19,892 ",67,1,0,1,0
1,debt_consolidation,9%, 318 , 11.1 ,9.53,742," 2,490 "," 3,613 ",5.7,0,0,0,0
1,debt_consolidation,9%, 159 , 10.1 ,18.05,742," 3,090 "," 9,268 ",47.5,1,0,0,1
1,debt_consolidation,13%, 202 , 10.8 ,3.75,692," 5,100 "," 3,343 ",77.7,1,1,0,0
1,debt_consolidation,12%, 808 , 11.9 ,10.39,747," 9,240 "," 39,716 ",37.5,1,0,0,0
1,debt_consolidation,9%, 286 , 10.6 ,11.33,737," 3,450 "," 13,421 ",67.4,0,0,0,1
1,debt_consolidation,11%, 246 , 11.0 ,19.79,732," 4,650 "," 4,451 ",13.5,1,0,1,0
1,home_improvement,9%, 152 , 10.2 ,22.5,752," 2,430 ", 974 ,4.3,1,0,0,0
1,debt_consolidation,13%, 368 , 11.3 ,11.33,707," 2,940 "," 21,742 ",31.2,1,0,0,0
1,debt_consolidation,11%, 353 , 10.2 ,21,727," 7,800 "," 8,850 ",52.1,1,0,0,0
1,home_improvement,13%, 845 , 10.9 ,9,752," 1,443 "," 2,951 ",20.6,0,0,0,0
1,debt_consolidation,13%, 54 , 10.1 ,12.14,677," 1,980 "," 10,591 ",32.8,0,0,0,0
1,debt_consolidation,13%, 505 , 10.6 ,22.74,707," 2,820 "," 17,328 ",79.9,0,0,0,0
1,debt_consolidation,13%, 135 , 11.1 ,14.73,692," 3,030 "," 13,154 ",88.3,1,0,0,0
1,major_purchase,12%, 146 , 10.8 ,3.52,742," 4,200 "," 3,850 ",58.3,2,0,0,0
1,home_improvement,13%, 338 , 11.2 ,0.93,737," 1,410 "," 3,714 ",18.2,0,0,0,1
1,debt_consolidation,13%, 324 , 11.0 ,15.76,697," 5,040 "," 5,954 ",87.6,3,0,0,0
1,small_business,17%, 713 , 11.5 ,7.6,707," 5,220 "," 54,633 ",44.4,0,0,0,0
1,debt_consolidation,16%, 457 , 10.5 ,18.87,662," 3,090 "," 18,554 ",79.6,1,0,0,0
1,major_purchase,7%, 62 , 10.2 ,13.71,767," 2,880 "," 1,883 ",6.5,2,0,0,0
1,debt_consolidation,17%, 645 , 11.2 ,11.84,672," 1,591 "," 12,798 ",93.2,1,0,0,1
1,debt_consolidation,12%, 250 , 13.6 ,0.6,707," 5,550 "," 6,332 ",21.5,0,0,1,0
1,small_business,18%, 364 , 11.4 ,1.26,702," 3,120 "," 3,327 ",23.8,2,0,0,0
1,all_other,12%, 828 , 10.8 ,13.27,757," 8,340 "," 6,606 ",35.7,0,0,0,0
1,all_other,9%, 222 , 10.5 ,2.6,752," 3,270 ", -   ,0,0,0,0,0
1,all_other,11%, 165 , 11.0 ,16.49,717," 4,620 ", -   ,36.94,0,0,0,0
1,debt_consolidation,15%, 866 , 10.9 ,13,707," 3,870 "," 9,784 ",77.2,0,0,0,0
1,all_other,15%, 97 , 10.9 ,23.49,682," 4,290 "," 21,076 ",98.5,2,0,0,0
1,debt_consolidation,13%, 404 , 11.0 ,5.3,697," 4,320 "," 14,722 ",70.1,1,0,0,0
1,debt_consolidation,11%, 433 , 11.1 ,8.6,737," 5,162 "," 26,850 ",58.1,1,0,0,0
1,debt_consolidation,14%, 85 , 10.5 ,19.9,672," 2,550 "," 2,610 ",27.8,1,0,0,1
1,debt_consolidation,14%, 806 , 11.1 ,24.88,702," 10,410 "," 30,803 ",84.4,1,0,0,0
1,small_business,16%, 630 , 11.1 ,9.16,732," 4,200 "," 13,381 ",49.4,1,0,0,0
1,debt_consolidation,11%, 164 , 10.8 ,13.51,737," 9,150 "," 11,919 ",76.9,1,1,0,0
1,debt_consolidation,16%, 560 , 10.6 ,19.75,707," 3,300 "," 19,418 ",95.7,0,0,0,0
1,all_other,12%, 80 , 10.7 ,20.67,697," 2,580 ", 563 ,4.5,1,1,0,0
1,debt_consolidation,17%, 568 , 11.5 ,8.52,662," 4,380 "," 31,961 ",87.9,1,0,0,0
1,debt_consolidation,13%, 537 , 11.1 ,20,702," 4,110 "," 4,326 ",34.1,0,0,0,0
1,debt_consolidation,14%, 391 , 10.3 ,17.92,677," 3,390 "," 11,386 ",55.5,0,0,0,1
1,credit_card,9%, 162 , 11.3 ,24.12,742," 8,640 "," 13,930 ",50.1,0,0,0,0
1,debt_consolidation,13%, 408 , 10.2 ,10.93,707," 1,950 "," 12,558 ",40,2,0,0,0
1,debt_consolidation,13%, 404 , 10.8 ,11.45,692," 2,280 ", 684 ,6.1,0,1,1,0
1,debt_consolidation,12%, 298 , 10.5 ,11.67,727," 1,980 "," 3,973 ",44.6,1,0,0,0
1,all_other,9%, 318 , 11.4 ,13.34,737," 7,170 "," 39,299 ",54.3,0,0,0,1
1,debt_consolidation,14%, 161 , 10.2 ,24.96,702," 1,741 "," 3,029 ",94.7,1,0,0,0
1,credit_card,9%, 191 , 11.3 ,2.96,722," 4,800 "," 4,893 ",34.7,0,0,1,0
1,debt_consolidation,11%, 138 , 11.2 ,6.83,717," 3,810 "," 11,974 ",72.1,1,0,0,0
1,debt_consolidation,12%, 346 , 11.0 ,19.7,712," 3,117 "," 7,267 ",46.6,1,0,0,0
1,all_other,9%, 316 , 12.2 ,0.26,797," 7,050 "," 3,313 ",2.5,0,0,0,0
1,home_improvement,12%, 99 , 10.9 ,15.94,697," 5,310 "," 3,066 ",57.8,1,0,1,0
1,debt_consolidation,11%, 99 , 12.8 ,2.09,702," 3,660 "," 1,950 ",10.7,1,0,0,0
1,debt_consolidation,9%, 477 , 11.8 ,1.98,807," 11,220 "," 8,467 ",21.6,0,0,0,0
1,all_other,13%, 202 , 10.5 ,1.75,682," 1,860 "," 3,867 ",32.5,2,0,0,0
1,debt_consolidation,11%, 164 , 10.5 ,7.71,722," 5,400 "," 6,896 ",41.8,0,0,0,0
1,debt_consolidation,14%, 737 , 11.5 ,11.23,692," 6,301 "," 31,904 ",63.1,0,1,0,0
1,debt_consolidation,11%, 430 , 11.1 ,13.33,727," 3,060 "," 13,046 ",65.2,0,0,0,0
1,all_other,9%, 318 , 10.8 ,12.38,767," 1,830 "," 1,775 ",8.4,0,0,0,0
1,debt_consolidation,8%, 44 , 10.6 ,7.47,732," 3,510 "," 15,774 ",49.8,2,0,0,0
1,all_other,12%, 99 , 10.4 ,15.61,697," 9,660 "," 1,125 ",23.4,2,0,0,0
1,debt_consolidation,14%, 172 , 10.6 ,19.53,672," 3,780 "," 36,934 ",86.3,2,0,0,1
1,all_other,9%, 316 , 10.1 ,7.2,757," 2,944 "," 4,355 ",24.1,0,0,0,0
1,credit_card,7%, 155 , 9.6 ,16.16,802," 4,050 ", 811 ,7.7,0,0,0,0
1,debt_consolidation,12%, 133 , 10.3 ,20.68,717," 1,680 "," 3,866 ",53,0,0,0,1
1,small_business,15%, 208 , 10.8 ,0.86,752," 7,620 "," 1,749 ",24,0,0,0,0
1,debt_consolidation,15%, 840 , 11.2 ,12.19,702," 5,100 "," 34,665 ",94.7,0,0,0,0
1,educational,14%, 849 , 11.4 ,3.27,722," 5,610 "," 5,482 ",57.7,0,0,0,1
1,debt_consolidation,9%, 158 , 10.4 ,14.74,732," 3,390 "," 3,192 ",23,2,1,0,0
1,major_purchase,13%, 235 , 11.0 ,5.94,722," 5,760 ", 256 ,2,0,0,0,1
1,all_other,12%, 66 , 10.5 ,4.8,702," 4,410 ", 768 ,5.6,0,0,0,0
1,debt_consolidation,9%, 190 , 10.9 ,24,732," 4,163 "," 9,377 ",20.8,0,0,0,0
1,debt_consolidation,9%, 158 , 9.9 ,10.92,742," 4,320 "," 5,276 ",50.2,0,0,0,0
1,all_other,11%, 328 , 10.3 ,8.12,732," 2,850 "," 15,950 ",24.7,3,0,0,1
1,debt_consolidation,14%, 444 , 11.1 ,21.58,687," 2,790 "," 19,335 ",74.4,0,0,0,0
1,all_other,13%, 669 , 11.0 ,3.65,782," 5,910 "," 9,231 ",30.8,0,0,0,0
1,home_improvement,12%, 828 , 12.4 ,2.51,802," 5,190 "," 2,069 ",4,1,0,0,1
1,all_other,14%, 109 , 10.1 ,17.5,682," 2,670 "," 8,794 ",86.2,1,0,0,0
1,debt_consolidation,8%, 172 , 10.6 ,4.38,757," 9,510 "," 3,467 ",19.5,1,0,0,0
1,credit_card,9%, 445 , 10.8 ,14.33,762," 3,660 "," 11,984 ",38.5,1,0,0,0
1,home_improvement,9%, 318 , 10.5 ,4.23,742," 6,630 "," 16,205 ",33.7,1,0,0,0
1,debt_consolidation,17%, 861 , 11.7 ,17.14,682," 8,370 "," 46,226 ",97.9,1,0,0,0
1,major_purchase,11%, 328 , 11.2 ,4.53,762," 2,580 "," 1,312 ",30.5,0,0,0,0
1,credit_card,13%, 203 , 10.6 ,4.71,702," 7,230 "," 5,285 ",52.8,1,0,1,0
1,debt_consolidation,14%, 594 , 11.0 ,13.45,692," 2,520 "," 5,799 ",76.3,0,0,0,0
1,home_improvement,11%, 99 , 11.4 ,7.96,707," 4,950 "," 7,562 ",47,2,0,0,1
1,debt_consolidation,13%, 274 , 10.9 ,23.57,687," 5,100 "," 11,508 ",51.8,0,0,0,0
1,credit_card,15%, 483 , 13.1 ,2.09,692," 4,020 "," 19,868 ",95.5,2,0,0,0
1,debt_consolidation,11%, 396 , 11.4 ,3.47,732," 6,330 "," 20,739 ",44.7,0,0,0,0
1,all_other,13%, 84 , 9.6 ,20.63,697," 1,560 "," 1,163 ",14.7,1,1,0,1
1,debt_consolidation,15%, 207 , 10.9 ,22.72,667," 3,390 "," 22,978 ",83.9,1,0,0,1
1,credit_card,9%, 238 , 10.8 ,21.55,747," 2,940 "," 7,356 ",28.3,0,0,0,0
1,credit_card,11%, 396 , 10.4 ,24.61,727," 5,970 "," 11,820 ",40.6,1,0,0,1
1,credit_card,11%, 198 , 11.0 ,18.2,707," 5,820 "," 50,935 ",74.4,0,0,0,0
1,debt_consolidation,18%, 500 , 10.9 ,24.04,667," 4,440 "," 17,783 ",98.8,1,0,0,0
1,debt_consolidation,16%, 450 , 10.6 ,15.24,672," 1,440 "," 15,864 ",62.5,1,0,0,0
1,debt_consolidation,14%, 489 , 10.5 ,10.27,692," 6,210 "," 19,897 ",72.6,2,0,0,0
1,all_other,16%, 853 , 11.6 ,3.25,682," 3,870 ", 172 ,24.6,2,0,0,1
1,all_other,13%, 50 , 10.5 ,22.71,702," 6,120 ", 705 ,70.5,1,1,0,0
1,all_other,7%, 137 , 11.4 ,2.39,782," 6,660 "," 3,779 ",9.5,0,0,0,0
1,small_business,15%, 870 , 11.7 ,8.14,777," 2,340 ", 431 ,3.5,0,0,0,1
1,all_other,9%, 177 , 10.9 ,18.06,742," 3,180 "," 7,556 ",49.2,0,0,0,0
1,debt_consolidation,16%, 560 , 12.1 ,19.45,682," 10,620 "," 101,022 ",93.2,1,0,0,0
1,credit_card,8%, 203 , 11.4 ,16.39,752," 5,580 "," 17,524 ",33.5,0,0,0,0
1,debt_consolidation,9%, 190 , 10.6 ,13.23,747," 2,960 "," 5,672 ",17.1,2,0,0,0
1,all_other,13%, 482 , 11.0 ,3.29,742," 1,860 ", 400 ,18.2,3,0,0,0
1,all_other,8%, 175 , 10.3 ,6.68,762," 2,965 "," 1,251 ",7.3,1,0,0,0
1,credit_card,14%, 360 , 10.8 ,5.71,677," 5,565 "," 7,156 ",56.3,2,0,0,0
1,credit_card,12%, 500 , 11.0 ,20.69,727," 7,355 ", 126 ,2.2,2,0,0,0
1,debt_consolidation,14%, 510 , 11.2 ,12.62,702," 3,930 "," 6,424 ",92.2,1,0,0,0
1,debt_consolidation,14%, 204 , 10.5 ,4.83,697," 2,070 "," 1,629 ",90.5,0,0,0,0
1,debt_consolidation,11%, 560 , 10.4 ,18.11,742," 5,460 "," 15,762 ",28.6,0,0,0,0
1,home_improvement,9%, 252 , 13.5 ,0.03,792," 6,270 ", 865 ,30.2,2,0,0,0
1,debt_consolidation,8%, 242 , 10.8 ,11.75,787," 3,421 "," 3,415 ",7.3,2,0,0,0
1,debt_consolidation,11%, 495 , 10.8 ,4.98,742," 4,500 "," 13,430 ",58.9,2,0,0,0
1,debt_consolidation,15%, 191 , 10.9 ,18.74,662," 4,080 "," 10,655 ",58.2,2,0,0,0
1,credit_card,20%, 745 , 11.1 ,15.93,662," 1,560 "," 4,569 ",95.2,0,0,0,0
1,small_business,16%, 262 , 11.7 ,17.2,702," 4,830 "," 38,447 ",82.9,2,0,0,0
1,all_other,15%, 208 , 10.5 ,13.8,687," 1,320 "," 2,439 ",78.7,3,0,0,0
1,debt_consolidation,9%, 159 , 11.4 ,22.09,727," 8,400 "," 20,017 ",32,0,0,0,1
1,debt_consolidation,12%, 133 , 11.0 ,11.52,692," 7,620 "," 17,883 ",73.6,1,1,0,0
1,debt_consolidation,14%, 137 , 10.3 ,7.83,677," 1,710 "," 3,323 ",75.5,0,0,0,1
1,major_purchase,15%, 166 , 10.9 ,0,677," 7,080 ", -   ,0,0,0,0,0
1,debt_consolidation,9%, 222 , 11.1 ,3.89,752," 3,300 "," 5,767 ",46.1,0,0,0,0
1,home_improvement,9%, 318 , 10.2 ,0,797," 4,500 ", -   ,0,0,0,0,0
1,all_other,9%, 222 , 11.9 ,1.24,727," 3,810 "," 1,330 ",10.1,0,0,0,0
1,debt_consolidation,15%, 260 , 10.8 ,17.51,662," 2,340 "," 9,805 ",30.5,2,0,0,0
1,debt_consolidation,12%, 280 , 10.5 ,24.69,702," 2,910 "," 17,411 ",64,1,0,0,0
1,home_improvement,13%, 283 , 11.4 ,14.99,687," 4,170 "," 30,402 ",80,3,0,0,0
1,debt_consolidation,11%, 442 , 10.5 ,20.5,727," 5,490 "," 22,375 ",26.6,2,0,0,0
1,debt_consolidation,9%, 458 , 11.2 ,18.05,747," 6,150 "," 68,214 ",8.4,2,0,0,0
1,all_other,13%, 669 , 10.8 ,13.74,717," 3,752 "," 7,031 ",39.9,1,1,0,0
1,debt_consolidation,11%, 462 , 10.9 ,18.92,732," 2,970 "," 9,646 ",41.6,1,0,0,0
1,credit_card,13%, 219 , 10.8 ,3.15,692," 8,730 "," 6,112 ",81.5,0,1,0,0
1,all_other,13%, 837 , 11.7 ,12.64,732," 7,050 "," 28,821 ",52.2,0,0,0,1
1,debt_consolidation,16%, 840 , 11.9 ,15.76,682," 3,914 "," 55,821 ",87.3,0,0,0,0
1,all_other,16%, 392 , 12.4 ,12.39,677," 5,460 "," 21,854 ",37.6,2,0,0,0
1,all_other,16%, 105 , 10.3 ,1.68,667," 1,470 "," 2,654 ",39,2,1,0,0
1,debt_consolidation,11%, 648 , 10.3 ,2,792," 5,370 "," 5,162 ",17.9,1,0,0,0
1,credit_card,12%, 114 , 11.3 ,11.8,712," 5,910 "," 63,543 ",90.2,0,0,0,0
1,all_other,9%, 318 , 10.5 ,4.33,747," 5,250 "," 8,897 ",32.4,1,0,0,0
1,all_other,13%, 201 , 10.8 ,9.59,687," 13,110 "," 10,115 ",70.7,0,0,0,0
1,all_other,13%, 812 , 11.7 ,0.4,737," 5,280 "," 1,823 ",6.75,0,1,0,0
1,small_business,14%, 187 , 10.5 ,11.19,807," 15,300 "," 32,062 ",0,0,0,0,0
1,home_improvement,11%, 264 , 10.6 ,0.79,722," 9,000 "," 3,316 ",44.2,1,0,0,0
1,debt_consolidation,17%, 517 , 10.3 ,12.98,672," 3,900 "," 2,057 ",89.4,0,0,0,1
1,educational,8%, 47 , 9.9 ,3.42,807," 4,980 "," 1,721 ",8.6,0,0,0,0
1,all_other,14%, 274 , 10.5 ,14.78,687," 4,110 "," 4,986 ",83.1,3,0,0,0
1,home_improvement,8%, 150 , 11.6 ,2.81,792," 5,520 ", 691 ,0.8,0,0,0,0
1,credit_card,11%, 492 , 11.5 ,15.93,807," 6,270 ", -   ,0,2,0,0,0
1,all_other,13%, 335 , 11.1 ,11.11,702," 3,690 "," 13,827 ",52.2,1,1,0,0
1,small_business,15%, 870 , 11.6 ,2.69,757," 8,130 "," 11,437 ",16.3,3,0,0,0
1,debt_consolidation,9%, 294 , 10.1 ,22.25,737," 12,930 "," 6,738 ",28.2,0,0,0,1
1,debt_consolidation,13%, 710 , 11.2 ,20.59,712," 4,890 "," 19,995 ",67.3,2,0,0,0
1,all_other,11%, 361 , 11.4 ,8.35,762," 5,223 "," 4,397 ",48.9,0,0,0,0
1,debt_consolidation,12%, 99 , 10.8 ,9.43,692," 5,766 "," 5,492 ",70.9,2,0,0,0
1,debt_consolidation,11%, 262 , 12.1 ,15.13,722," 9,630 "," 38,107 ",69.9,0,0,0,0
1,major_purchase,8%, 125 , 11.2 ,5.76,797," 7,260 ", 825 ,1.4,0,0,0,0
1,small_business,15%, 345 , 11.0 ,14.32,742," 11,312 "," 41,063 ",61.3,4,0,0,1
1,debt_consolidation,14%, 82 , 10.5 ,21.05,667," 2,580 "," 8,138 ",62.6,0,0,0,0
1,all_other,13%, 168 , 10.7 ,14.89,682," 2,430 "," 17,123 ",75.8,3,0,0,0
1,debt_consolidation,15%, 261 , 10.4 ,14.76,747," 12,003 "," 23,875 ",12.6,5,0,0,0
1,educational,11%, 49 , 9.3 ,6.44,797," 8,940 "," 2,763 ",9,5,0,0,1
1,all_other,12%, 50 , 10.6 ,22.23,692," 2,220 "," 6,834 ",55.1,2,0,0,0
1,debt_consolidation,9%, 348 , 10.2 ,24.49,767," 6,000 "," 5,401 ",19.4,1,0,0,0
1,major_purchase,15%, 55 , 8.7 ,5,677," 8,370 ", 369 ,3,1,1,0,0
1,debt_consolidation,13%, 34 , 10.3 ,23.81,692," 3,990 "," 18,154 ",91.2,0,0,0,0
1,small_business,19%, 184 , 10.5 ,1.78,667," 7,620 "," 4,198 ",44.2,0,1,0,1
1,credit_card,11%, 824 , 11.1 ,5.89,782," 4,380 "," 3,577 ",9.4,2,0,0,0
1,major_purchase,9%, 221 , 10.8 ,6.17,742," 4,273 "," 6,881 ",28.2,0,0,0,0
1,major_purchase,14%, 68 , 10.5 ,7.83,667," 3,510 "," 1,790 ",34.4,0,0,0,0
1,debt_consolidation,14%, 515 , 10.9 ,7.4,697," 1,500 "," 1,366 ",21,1,0,0,0
1,debt_consolidation,8%, 156 , 10.8 ,4.51,772," 4,321 ", 928 ,2,2,0,0,0
1,debt_consolidation,14%, 425 , 10.6 ,23.94,687," 3,000 "," 8,180 ",83.5,2,0,0,0
1,all_other,7%, 96 , 11.3 ,10.56,772," 12,690 "," 5,378 ",18.8,0,0,0,0
1,debt_consolidation,8%, 112 , 11.6 ,7.78,742," 5,430 "," 15,695 ",67.7,0,0,0,0
1,home_improvement,12%, 808 , 11.2 ,10.29,787," 4,657 "," 1,026 ",14.5,0,0,0,0
1,home_improvement,9%, 572 , 11.7 ,3.44,797," 7,530 "," 21,807 ",43.6,0,0,0,0
1,debt_consolidation,20%, 556 , 10.7 ,5.22,667," 1,590 "," 12,390 ",98.3,1,0,0,0
1,credit_card,14%, 205 , 11.4 ,10.35,697," 3,690 "," 9,572 ",96.7,1,0,0,0
1,debt_consolidation,9%, 174 , 10.4 ,17.37,772," 9,806 "," 14,163 ",18.4,5,0,0,0
1,all_other,12%, 240 , 11.6 ,22.39,707," 8,970 "," 37,591 ",77.2,0,0,0,0
1,all_other,8%, 156 , 11.2 ,2.34,792," 4,620 ", -   ,0,0,0,0,0
1,debt_consolidation,15%, 383 , 10.8 ,22.9,662," 2,610 "," 27,297 ",80,0,0,0,0
1,home_improvement,16%, 247 , 10.3 ,17.19,662," 10,620 ", -   ,33.29,0,3,0,0
1,all_other,14%, 340 , 11.6 ,16.12,687," 3,330 "," 1,584 ",49.5,1,0,0,0
1,debt_consolidation,14%, 679 , 11.3 ,12.34,702," 4,200 "," 24,387 ",36.6,0,0,0,0
1,credit_card,15%, 870 , 11.7 ,16.65,707," 10,590 "," 40,413 ",85.6,0,0,0,0
1,all_other,15%, 348 , 10.6 ,14.31,672," 2,790 ", 980 ,32.7,3,0,0,1
1,all_other,13%, 338 , 11.0 ,18.02,692," 4,590 "," 11,188 ",42.7,2,0,0,0
1,all_other,17%, 89 , 11.9 ,24.12,682," 10,710 "," 27,433 ",56.8,1,0,0,0
1,debt_consolidation,13%, 471 , 11.0 ,4.3,707," 3,240 "," 8,752 ",53,0,0,0,0
1,debt_consolidation,9%, 318 , 11.1 ,13.64,737," 3,990 "," 10,326 ",27.8,1,0,0,0
1,credit_card,14%, 348 , 11.0 ,9.48,682," 6,570 "," 18,393 ",71.6,2,0,0,0
1,debt_consolidation,9%, 348 , 10.0 ,16.46,752," 3,630 "," 4,372 ",21.1,1,0,0,1
1,debt_consolidation,15%, 379 , 10.7 ,12,672," 8,640 "," 9,311 ",40.5,0,0,0,0
1,debt_consolidation,11%, 593 , 11.4 ,19.71,737," 4,050 "," 3,519 ",12.1,0,0,0,0
1,all_other,8%, 94 , 11.4 ,11.38,762," 4,474 ", 265 ,3.3,1,0,0,0
1,debt_consolidation,12%, 596 , 10.6 ,12.42,737," 3,750 "," 7,658 ",36,0,0,0,0
1,all_other,12%, 265 , 10.9 ,17.72,712," 3,705 "," 21,470 ",85.5,0,0,0,0
1,credit_card,15%, 520 , 11.4 ,21.57,707," 3,600 "," 13,724 ",87.4,0,0,0,1
1,debt_consolidation,15%, 300 , 10.3 ,11.27,687," 1,170 "," 3,430 ",71.5,1,0,0,0
1,major_purchase,7%, 155 , 11.2 ,14.22,782," 5,760 "," 1,751 ",6.1,0,0,0,0
1,home_improvement,8%, 156 , 11.1 ,1.81,777," 7,200 "," 4,814 ",23.5,0,0,0,0
1,debt_consolidation,11%, 623 , 10.9 ,19.83,777," 5,731 "," 33,809 ",22.1,1,0,0,0
1,small_business,20%, 447 , 11.2 ,11.25,672," 4,530 "," 3,672 ",79.8,0,0,0,0
1,debt_consolidation,19%, 258 , 11.0 ,17.08,667," 1,590 "," 13,859 ",88.5,0,0,0,0
1,educational,15%, 69 , 10.1 ,14.86,692," 1,350 ", 261 ,87,0,0,0,0
1,home_improvement,13%, 234 , 11.5 ,21.43,692," 4,740 "," 52,264 ",82.8,1,0,0,0
1,debt_consolidation,16%, 707 , 11.4 ,17.43,677," 4,410 "," 14,218 ",74.8,0,0,0,0
1,major_purchase,8%, 125 , 10.7 ,19.63,757," 4,201 "," 3,417 ",15.3,1,0,0,0
1,all_other,12%, 500 , 11.6 ,12.25,727," 6,035 "," 24,573 ",87.4,1,0,0,0
1,small_business,17%, 75 , 10.5 ,6.32,687," 1,950 "," 8,903 ",79.5,1,0,0,0
1,educational,9%, 316 , 11.4 ,8.83,762," 7,230 "," 75,336 ",32.6,0,0,0,0
1,credit_card,8%, 219 , 11.3 ,2.19,797," 7,260 ", -   ,0,0,0,0,0
1,home_improvement,15%, 862 , 11.6 ,16.66,712," 9,120 "," 65,844 ",48.9,1,0,0,0
1,debt_consolidation,9%, 202 , 11.0 ,7.9,747," 2,760 "," 5,418 ",8.2,1,0,0,0
1,major_purchase,11%, 131 , 9.8 ,2.8,742," 2,250 "," 2,135 ",46.4,1,0,0,0
1,debt_consolidation,9%, 461 , 11.5 ,6.54,762," 6,930 "," 7,563 ",30,0,0,0,0
1,debt_consolidation,13%, 210 , 10.2 ,23.73,692," 3,240 "," 9,166 ",73.9,2,0,0,0
1,all_other,11%, 495 , 12.2 ,6.35,767," 7,230 ", 544 ,2.7,2,1,0,0
1,all_other,12%, 249 , 10.3 ,22.52,712," 3,600 "," 10,131 ",39.6,0,0,0,0
1,debt_consolidation,9%, 114 , 10.5 ,23.92,722," 2,250 "," 8,151 ",57,1,0,0,0
1,all_other,13%, 161 , 9.5 ,2.05,717," 3,090 "," 1,554 ",23.9,2,0,0,0
1,debt_consolidation,11%, 500 , 11.6 ,8.69,752," 3,900 "," 4,963 ",14.2,1,0,0,0
1,credit_card,9%, 114 , 11.0 ,2.9,742," 3,630 "," 3,880 ",25,4,0,0,0
1,debt_consolidation,11%, 131 , 10.7 ,22.96,717," 5,490 "," 13,694 ",83.5,0,0,0,0
1,all_other,9%, 381 , 10.3 ,12.56,802," 4,350 "," 2,316 ",4.8,0,0,0,0
1,debt_consolidation,16%, 511 , 11.5 ,18.73,662," 4,440 "," 31,485 ",58.6,0,0,0,1
1,credit_card,11%, 459 , 10.7 ,14.21,747," 3,720 "," 14,447 ",68.8,0,0,0,0
1,debt_consolidation,12%, 500 , 11.2 ,12.22,712," 2,850 "," 15,191 ",83,1,0,0,0
1,all_other,13%, 437 , 10.1 ,10.8,702," 2,640 "," 9,424 ",38.6,0,0,0,1
1,debt_consolidation,14%, 720 , 11.0 ,18.85,692," 5,460 "," 18,020 ",34.9,0,0,0,0
1,debt_consolidation,14%, 626 , 10.9 ,23.12,687," 3,627 "," 13,882 ",69.4,0,0,0,1
1,major_purchase,11%, 394 , 10.9 ,24.7,737," 3,241 "," 9,200 ",26.8,1,0,0,0
1,small_business,13%, 94 , 11.5 ,0.88,777," 6,918 "," 2,817 ",9.5,0,0,0,0
1,debt_consolidation,16%, 539 , 10.9 ,23.21,677," 3,660 "," 34,715 ",96.7,1,0,0,0
1,all_other,14%, 51 , 10.8 ,24.43,667," 4,230 "," 26,669 ",92.6,0,1,0,0
1,all_other,15%, 691 , 11.2 ,10.29,707," 1,531 "," 12,560 ",53,0,0,0,0
1,small_business,15%, 655 , 11.4 ,5.56,792," 9,636 "," 14,653 ",44.3,3,0,0,0
1,debt_consolidation,15%, 390 , 10.8 ,3.16,722," 4,320 "," 4,138 ",98.5,0,0,0,0
1,debt_consolidation,11%, 396 , 12.2 ,6.11,737," 6,960 "," 2,874 ",4.7,1,0,0,0
1,major_purchase,9%, 308 , 11.2 ,8.15,762," 3,420 "," 6,953 ",30.9,4,0,0,0
1,debt_consolidation,9%, 477 , 11.5 ,3.07,772," 6,870 "," 13,648 ",20.7,1,0,0,0
1,debt_consolidation,11%, 53 , 11.1 ,9.21,702," 3,150 "," 2,822 ",40.3,0,0,0,0
1,debt_consolidation,8%, 156 , 12.2 ,2.52,762," 9,270 "," 17,604 ",36.1,2,0,0,0
1,debt_consolidation,9%, 292 , 11.1 ,17.81,752," 9,300 "," 38,581 ",65.4,1,0,0,0
1,debt_consolidation,11%, 659 , 11.2 ,6.84,752," 3,480 "," 5,303 ",26.6,1,0,0,0
1,debt_consolidation,15%, 520 , 11.1 ,13.81,687," 2,640 "," 13,217 ",96.5,0,0,0,0
1,debt_consolidation,12%, 199 , 11.0 ,20.4,702," 1,980 "," 7,278 ",30.1,0,0,0,0
1,small_business,16%, 422 , 10.9 ,11.2,702," 3,946 "," 5,418 ",33.9,3,0,0,1
1,debt_consolidation,9%, 111 , 10.5 ,16.63,722," 1,860 "," 3,159 ",17.4,0,0,0,0
1,debt_consolidation,11%, 198 , 10.5 ,1.61,742," 5,370 "," 1,926 ",6,4,3,0,1
1,credit_card,9%, 413 , 10.9 ,18.99,747," 3,210 "," 14,385 ",50.3,1,0,0,0
1,small_business,14%, 68 , 10.8 ,1.58,757," 1,590 "," 2,138 ",14.4,0,0,0,0
1,debt_consolidation,18%, 792 , 11.1 ,22.81,662," 9,330 "," 11,328 ",39.9,2,1,0,0
1,credit_card,17%, 645 , 11.4 ,23.48,667," 6,125 "," 11,369 ",91.7,1,0,0,0
1,debt_consolidation,14%, 137 , 10.1 ,4.16,682," 1,380 "," 2,791 ",35.8,1,0,0,0
1,debt_consolidation,12%, 199 , 10.8 ,7.96,702," 3,150 "," 16,721 ",74.6,3,0,0,0
1,debt_consolidation,11%, 429 , 11.2 ,9.81,722," 2,880 "," 14,132 ",67.6,3,0,0,0
1,all_other,13%, 473 , 10.8 ,4.57,717," 2,550 "," 1,937 ",84.2,1,0,0,0
1,debt_consolidation,17%, 648 , 10.9 ,23.72,707," 6,930 "," 27,298 ",99.3,2,0,0,0
1,debt_consolidation,15%, 837 , 11.7 ,20.15,702," 4,325 "," 68,903 ",92.9,0,0,0,0
1,major_purchase,14%, 171 , 10.3 ,18.04,672," 1,950 "," 7,768 ",42.9,1,0,0,0
1,all_other,9%, 95 , 10.4 ,6.9,732," 3,450 "," 11,247 ",57.7,1,0,0,0
1,credit_card,13%, 336 , 11.3 ,12.67,697," 3,960 "," 33,896 ",72.7,3,0,0,0
1,debt_consolidation,14%, 289 , 9.9 ,14.94,692," 1,382 "," 4,455 ",40.5,3,0,0,0
1,debt_consolidation,16%, 385 , 10.4 ,11.36,682," 2,880 "," 10,908 ",92.4,1,0,0,0
1,all_other,12%, 167 , 10.6 ,5.64,697," 2,730 "," 4,388 ",43.9,0,0,0,0
1,debt_consolidation,12%, 300 , 10.8 ,19.42,707," 3,990 "," 4,711 ",77.2,3,0,0,0
1,debt_consolidation,14%, 478 , 10.9 ,15,682," 3,853 "," 18,270 ",52.7,0,0,0,1
1,all_other,13%, 401 , 10.6 ,22.74,702," 3,030 "," 19,721 ",67.1,1,0,0,0
1,debt_consolidation,13%, 501 , 10.3 ,16.08,712," 3,630 "," 6,327 ",66.6,1,0,0,1
1,debt_consolidation,13%, 230 , 11.3 ,10.59,707," 4,860 "," 10,730 ",95.8,0,0,0,0
1,debt_consolidation,15%, 844 , 11.8 ,5.99,682," 3,931 "," 6,548 ",63,0,0,0,1
1,debt_consolidation,12%, 596 , 11.2 ,19.31,722," 3,720 "," 9,918 ",21.1,1,0,0,0
1,all_other,9%, 455 , 11.1 ,7.82,802," 8,160 "," 2,889 ",14.5,1,0,0,0
1,home_improvement,14%, 273 , 10.3 ,20.16,697," 1,410 "," 1,923 ",76.9,1,0,0,1
1,all_other,12%, 828 , 12.8 ,4.87,812," 6,660 "," 129,224 ",4.6,0,0,0,0
1,debt_consolidation,15%, 379 , 10.9 ,19.03,692," 4,721 "," 10,112 ",53.5,1,0,1,0
1,debt_consolidation,13%, 325 , 11.2 ,9.89,707," 7,083 "," 24,427 ",45.6,0,0,0,0
1,debt_consolidation,12%, 400 , 11.2 ,7.41,712," 4,112 "," 14,610 ",29.3,0,0,0,0
1,credit_card,13%, 268 , 10.7 ,20.75,697," 4,020 "," 6,508 ",62,1,0,0,0
1,debt_consolidation,12%, 116 , 10.7 ,23.79,707," 2,580 "," 3,564 ",57.5,1,0,0,0
1,all_other,11%, 297 , 11.6 ,11.02,712," 8,830 "," 38,771 ",38.5,1,0,0,0
1,educational,16%, 122 , 9.4 ,12,662," 9,480 "," 2,383 ",95.3,0,1,0,0
1,debt_consolidation,11%, 210 , 10.0 ,20.34,722," 6,932 "," 2,639 ",12.2,1,0,0,0
1,all_other,9%, 57 , 10.1 ,8.95,722," 1,860 "," 1,620 ",17.1,0,0,0,0
1,debt_consolidation,13%, 159 , 9.5 ,11.63,697," 4,140 "," 4,996 ",38.4,3,0,0,0
1,debt_consolidation,14%, 150 , 9.9 ,17.58,677," 1,751 "," 9,390 ",83.8,0,0,0,0
1,debt_consolidation,14%, 717 , 11.4 ,18.59,702," 2,973 "," 26,090 ",89.7,2,0,0,0
1,debt_consolidation,15%, 528 , 11.0 ,24.08,677," 5,040 "," 22,240 ",84.2,0,0,0,0
1,all_other,8%, 187 , 10.3 ,14.75,767," 7,860 "," 7,552 ",15.8,2,0,0,0
1,all_other,14%, 682 , 11.7 ,14.16,692," 3,630 "," 8,641 ",41.9,0,0,0,1
1,debt_consolidation,12%, 563 , 10.9 ,12.7,737," 2,250 "," 3,644 ",52.1,1,0,0,0
1,small_business,18%, 180 , 10.7 ,10.35,667," 4,290 "," 3,062 ",78.5,0,0,0,0
1,debt_consolidation,12%, 107 , 10.6 ,20.91,697," 3,241 ", 973 ,48.6,3,0,0,0
1,all_other,15%, 290 , 10.9 ,20.2,667," 2,220 "," 22,851 ",78.2,1,0,0,0
1,credit_card,12%, 60 , 11.0 ,4.43,697," 11,790 "," 8,652 ",50.3,1,0,1,0
1,major_purchase,12%, 102 , 10.1 ,12.91,697," 3,780 "," 18,988 ",60.7,2,0,0,0
1,debt_consolidation,17%, 717 , 11.6 ,8.88,667," 4,200 "," 20,755 ",89.5,2,0,0,0
1,debt_consolidation,15%, 279 , 10.6 ,8.2,662," 1,860 "," 7,979 ",48.7,0,1,0,0
1,all_other,13%, 84 , 9.8 ,16.32,692," 7,320 "," 1,245 ",31.1,0,0,0,0
1,debt_consolidation,15%, 693 , 10.9 ,11.78,682," 1,710 "," 25,216 ",59.9,1,0,0,0
1,home_improvement,12%, 500 , 12.1 ,10.19,717," 3,840 "," 19,315 ",72.1,2,0,0,0
1,major_purchase,13%, 87 , 10.6 ,13.54,687," 2,160 "," 9,847 ",24.1,1,0,0,0
1,educational,9%, 159 , 9.7 ,14.93,732," 3,570 "," 6,109 ",43.9,1,0,0,0
1,debt_consolidation,15%, 276 , 11.7 ,13.36,677," 4,350 "," 2,884 ",96.8,2,0,0,1
1,credit_card,14%, 307 , 11.4 ,9.19,677," 2,070 ", 40 ,1,2,0,0,0
1,all_other,12%, 91 , 10.8 ,1.92,727," 3,210 ", -   ,0,3,0,0,1
1,debt_consolidation,12%, 497 , 11.4 ,19.7,732," 6,482 "," 32,725 ",41.9,2,0,0,0
1,all_other,13%, 336 , 11.0 ,13.63,712," 2,340 "," 5,338 ",86.1,1,0,0,0
1,debt_consolidation,8%, 281 , 10.9 ,11.88,777," 11,250 "," 8,805 ",8.4,3,1,0,1
1,credit_card,11%, 148 , 10.4 ,12.98,727," 2,070 "," 10,491 ",27,3,0,0,1
1,major_purchase,11%, 330 , 10.4 ,18.19,782," 2,161 ", -   ,0,0,0,0,0
1,credit_card,9%, 57 , 11.2 ,13.28,717," 4,981 "," 34,751 ",76.5,1,0,0,0
1,major_purchase,11%, 317 , 11.0 ,10.99,717," 3,660 "," 4,431 ",17.3,2,0,0,0
1,all_other,9%, 381 , 10.4 ,18.56,757," 4,740 "," 16,588 ",38.3,1,0,0,0
1,home_improvement,9%, 445 , 11.3 ,15.8,752," 9,780 "," 1,842 ",5,0,0,0,0
1,all_other,9%, 245 , 10.8 ,16.63,732," 3,630 "," 15,355 ",35.5,2,0,0,0
1,debt_consolidation,15%, 416 , 10.6 ,19.78,687," 1,170 "," 3,147 ",73.2,0,0,0,0
1,credit_card,19%, 918 , 11.9 ,18.54,662," 4,890 "," 46,031 ",77.4,1,1,0,1
1,debt_consolidation,15%, 515 , 11.0 ,15.5,672," 3,630 "," 7,237 ",45,1,1,0,1
1,small_business,16%, 703 , 10.6 ,8.14,757," 1,440 "," 2,120 ",13.5,3,0,0,0
1,credit_card,14%, 510 , 11.3 ,0.81,752," 4,770 ", 981 ,1.1,7,1,0,1
1,major_purchase,9%, 240 , 11.2 ,10.5,757," 14,400 "," 12,952 ",27.2,0,0,0,0
1,debt_consolidation,14%, 329 , 10.8 ,19.61,682," 3,151 "," 4,301 ",93.5,0,1,0,0
1,small_business,16%, 140 , 10.9 ,10.82,697," 7,950 ", 405 ,6.2,1,0,0,0
1,credit_card,13%, 642 , 11.5 ,10.95,712," 4,320 "," 19,304 ",41.8,2,1,0,0
1,small_business,16%, 227 , 9.9 ,18.9,727," 2,430 ", 24 ,6,0,0,0,0
1,debt_consolidation,16%, 210 , 10.5 ,22.89,682," 2,520 "," 5,019 ",98.4,1,0,0,0
1,major_purchase,11%, 396 , 10.3 ,2.8,732," 5,250 "," 8,526 ",15.6,2,0,0,0
1,all_other,14%, 85 , 10.6 ,21.17,667," 2,520 "," 20,323 ",78.8,3,0,0,0
1,debt_consolidation,11%, 495 , 10.7 ,8.84,737," 4,410 "," 13,819 ",56.4,0,0,0,0
1,all_other,12%, 530 , 12.2 ,6.29,727," 7,560 "," 41,977 ",25.4,1,0,0,0
1,debt_consolidation,8%, 206 , 14.1 ,0.62,782," 4,710 ", 20 ,0.1,2,0,0,0
1,debt_consolidation,14%, 544 , 11.0 ,18.58,697," 2,525 "," 24,089 ",60.2,0,0,0,0
1,debt_consolidation,13%, 803 , 11.0 ,17.9,732," 4,650 "," 26,715 ",39.8,1,0,0,0
1,debt_consolidation,17%, 710 , 11.7 ,3.88,692," 4,651 "," 16,725 ",99,1,0,0,0
1,credit_card,11%, 69 , 9.6 ,6.75,712," 3,150 "," 2,256 ",53.7,0,0,0,0
1,debt_consolidation,8%, 250 , 10.2 ,16.5,772," 6,720 "," 7,943 ",25.1,0,0,0,0
1,all_other,13%, 841 , 13.7 ,1.16,747," 4,890 "," 30,706 ",44,1,0,0,0
1,debt_consolidation,14%, 328 , 11.2 ,13.55,682," 8,430 ", 618 ,1.8,0,1,0,0
1,debt_consolidation,12%, 157 , 9.9 ,22.69,717," 3,330 "," 11,023 ",79.3,0,0,0,0
1,all_other,13%, 254 , 11.2 ,11.74,682," 4,384 "," 21,075 ",59.8,2,1,0,0
1,all_other,15%, 453 , 10.4 ,20.52,712," 1,200 "," 1,867 ",66.7,1,0,0,0
1,debt_consolidation,7%, 93 , 10.6 ,9.48,772," 6,180 "," 1,326 ",18.2,0,0,0,0
1,debt_consolidation,11%, 197 , 10.8 ,8.82,722," 3,240 "," 3,688 ",32.1,0,0,0,0
1,debt_consolidation,12%, 398 , 10.6 ,17.61,722," 2,190 "," 7,383 ",35,0,0,0,0
1,debt_consolidation,14%, 285 , 10.8 ,5.78,682," 4,381 "," 3,743 ",83.2,2,1,0,1
1,major_purchase,15%, 243 , 10.6 ,3.71,667," 1,920 "," 1,747 ",43.7,0,0,0,0
1,major_purchase,13%, 284 , 10.8 ,12.5,707," 2,580 "," 3,972 ",92.4,3,0,0,0
1,debt_consolidation,15%, 522 , 11.6 ,12.15,672," 5,370 "," 37,859 ",82.5,1,1,0,0
1,debt_consolidation,14%, 188 , 11.3 ,21.48,677," 6,630 "," 62,680 ",84.5,1,0,0,0
1,all_other,13%, 220 , 10.6 ,8.64,757," 3,210 "," 6,770 ",18.8,6,0,0,1
1,home_improvement,7%, 78 , 10.8 ,1.33,797," 7,590 "," 1,844 ",2.9,0,0,0,0
1,debt_consolidation,14%, 34 , 10.7 ,24.61,662," 2,554 "," 7,153 ",53.4,0,1,0,0
1,debt_consolidation,16%, 556 , 10.8 ,18.13,717," 1,620 "," 5,481 ",99.7,0,0,0,0
1,all_other,15%, 866 , 11.2 ,8.73,702," 5,070 "," 8,414 ",24.5,1,1,0,0
1,debt_consolidation,12%, 199 , 10.7 ,23.15,702," 3,632 "," 13,029 ",58.7,0,0,0,0
1,debt_consolidation,13%, 507 , 10.4 ,15.63,707," 14,880 "," 14,489 ",89.4,0,0,0,0
1,credit_card,13%, 202 , 11.0 ,18.12,687," 3,480 "," 6,184 ",85.9,1,0,0,0
1,all_other,9%, 191 , 10.3 ,14.72,757," 2,100 ", 144 ,5.8,0,0,0,0
1,all_other,14%, 41 , 8.5 ,13.75,702," 2,580 ", -   ,36.5,0,0,0,1
1,debt_consolidation,9%, 175 , 11.3 ,9.29,742," 3,090 "," 7,057 ",49.3,4,0,0,0
1,home_improvement,12%, 414 , 10.9 ,1.07,737," 3,570 "," 2,054 ",11.4,0,0,0,0
1,debt_consolidation,14%, 408 , 11.6 ,10.46,677," 8,340 "," 7,259 ",59,0,0,1,0
1,debt_consolidation,13%, 70 , 11.1 ,8.33,682," 5,430 "," 11,023 ",72,3,0,1,0
1,all_other,13%, 167 , 9.7 ,4.85,722," 1,110 "," 1,231 ",11.8,3,0,0,1
1,debt_consolidation,16%, 551 , 11.4 ,14.45,662," 4,020 "," 22,689 ",84,0,0,0,0
1,debt_consolidation,14%, 204 , 10.4 ,20.79,682," 2,310 "," 5,950 ",57.8,0,0,0,0
1,credit_card,16%, 280 , 10.1 ,7.34,672," 2,161 "," 6,706 ",97.2,1,0,0,0
1,small_business,16%, 700 , 10.9 ,0.35,797," 9,690 ", 39 ,0.6,1,0,0,0
1,debt_consolidation,13%, 135 , 9.8 ,14.13,677," 5,760 "," 9,874 ",62.5,1,0,0,0
1,credit_card,12%, 298 , 11.2 ,19.5,737," 4,500 "," 12,893 ",90.8,1,0,0,0
1,debt_consolidation,15%, 165 , 10.9 ,8.81,662," 8,220 "," 5,993 ",70.5,0,1,1,0
1,small_business,15%, 270 , 11.8 ,24.08,712," 8,280 "," 39,121 ",74.9,3,0,0,0
1,educational,12%, 828 , 11.5 ,4.87,767," 9,630 "," 3,142 ",8.6,3,0,0,0
1,debt_consolidation,12%, 250 , 10.5 ,13.02,707," 4,140 "," 6,528 ",42.7,1,0,0,1
1,debt_consolidation,13%, 109 , 10.2 ,22.54,687," 4,110 "," 6,211 ",58,2,0,0,0
1,debt_consolidation,11%, 305 , 10.2 ,18.9,717," 3,724 "," 16,683 ",24.9,0,1,0,0
1,debt_consolidation,13%, 121 , 11.2 ,1.58,692," 3,391 "," 12,135 ",85.5,3,0,0,0
1,debt_consolidation,21%, 827 , 11.8 ,12.78,672," 10,170 "," 62,553 ",44.2,2,0,0,0
1,credit_card,7%, 217 , 10.6 ,8.89,772," 9,090 "," 14,014 ",14.1,2,0,0,0
1,debt_consolidation,9%, 381 , 11.3 ,5.52,792," 5,280 "," 1,940 ",2.4,1,0,0,0
1,small_business,16%, 70 , 10.5 ,20.41,702," 2,550 ", 239 ,9.2,0,0,0,0
1,home_improvement,6%, 190 , 10.5 ,10.3,747," 2,161 ", 543 ,0.9,6,0,0,0
1,debt_consolidation,17%, 713 , 11.7 ,9.66,667," 3,644 "," 32,120 ",68.5,1,0,0,0
1,small_business,15%, 577 , 11.7 ,10.12,747," 3,903 "," 6,341 ",21.4,0,0,0,0
1,all_other,15%, 208 , 10.8 ,19.58,702," 2,850 "," 14,306 ",99.3,0,0,0,0
1,all_other,13%, 85 , 11.1 ,19.68,677," 5,400 "," 20,241 ",66.4,1,0,0,0
1,all_other,12%, 398 , 11.7 ,15.88,722," 7,442 "," 46,336 ",49.8,2,0,0,0
1,debt_consolidation,9%, 153 , 11.4 ,10.54,732," 4,140 "," 27,901 ",40.9,1,0,0,0
1,debt_consolidation,11%, 377 , 11.9 ,3.32,757," 4,200 "," 11,484 ",52,0,0,0,0
1,all_other,15%, 173 , 10.6 ,4.22,667," 1,470 "," 5,116 ",39.7,2,0,0,0
1,home_improvement,9%, 316 , 11.2 ,4.75,752," 5,220 "," 22,078 ",19.8,2,0,0,0
1,credit_card,12%, 333 , 10.4 ,22.34,712," 7,470 "," 19,034 ",26.3,1,1,0,0
1,major_purchase,12%, 166 , 11.4 ,5.66,702," 5,970 "," 8,950 ",31.1,2,0,0,1
1,debt_consolidation,9%, 413 , 11.4 ,8.77,747," 4,590 "," 13,298 ",54.3,2,0,0,0
1,small_business,8%, 50 , 10.7 ,7.74,717," 3,519 "," 10,684 ",26.3,0,0,0,0
1,debt_consolidation,13%, 254 , 10.8 ,3.88,682," 3,960 "," 7,321 ",50.5,2,0,0,0
1,credit_card,9%, 458 , 10.5 ,23.4,747," 4,860 "," 15,373 ",48,0,0,0,0
1,debt_consolidation,9%, 379 , 11.0 ,9.02,777," 13,950 "," 22,054 ",25.9,2,0,0,0
1,all_other,12%, 314 , 11.2 ,14.48,727," 2,790 "," 12,829 ",63.5,0,0,0,0
1,debt_consolidation,14%, 611 , 10.7 ,6.33,692," 11,101 "," 5,494 ",14.1,0,0,0,0
1,debt_consolidation,17%, 604 , 11.5 ,10.71,672," 3,990 "," 56,896 ",97.4,2,0,1,0
1,home_improvement,14%, 41 , 10.2 ,11.87,672," 4,916 "," 9,228 ",93.2,0,0,0,0
1,all_other,8%, 203 , 11.1 ,12.77,772," 7,170 "," 2,930 ",3.3,0,2,0,0
1,credit_card,9%, 381 , 11.5 ,15.52,762," 4,020 "," 10,221 ",21.8,0,0,0,0
1,debt_consolidation,12%, 563 , 10.8 ,3.65,722," 8,856 "," 14,907 ",43.6,0,0,0,0
1,all_other,8%, 109 , 10.7 ,14.23,747," 2,490 "," 1,982 ",32.5,1,0,0,0
1,debt_consolidation,14%, 137 , 10.0 ,21.49,667," 3,335 "," 12,925 ",67.7,0,0,0,0
1,debt_consolidation,14%, 102 , 10.2 ,9.87,672," 2,100 "," 2,229 ",82.6,2,0,0,0
1,home_improvement,8%, 156 , 11.3 ,0.54,797," 6,000 ", 429 ,0.6,0,0,0,0
1,debt_consolidation,12%, 663 , 10.9 ,13.13,742," 5,790 "," 20,357 ",59.2,0,0,0,0
1,credit_card,9%, 397 , 10.3 ,14.94,762," 6,150 "," 16,495 ",30.9,1,0,0,0
1,all_other,13%, 81 , 10.8 ,20.67,682," 3,420 "," 19,888 ",94.7,1,0,0,0
1,debt_consolidation,15%, 400 , 10.4 ,20.35,667," 1,860 "," 11,438 ",61.5,3,0,0,0
1,debt_consolidation,12%, 366 , 10.6 ,21.69,707," 2,550 "," 11,129 ",73.2,1,0,0,0
1,major_purchase,12%, 333 , 11.1 ,5.36,712," 5,280 "," 35,121 ",35.5,3,0,0,0
1,debt_consolidation,13%, 402 , 10.8 ,9.27,742," 6,960 "," 9,087 ",30.8,0,0,0,0
1,debt_consolidation,16%, 316 , 11.4 ,5.32,697," 1,574 "," 5,273 ",43.6,0,0,1,0
1,credit_card,16%, 131 , 10.0 ,18.91,697," 1,170 "," 13,881 ",90.7,0,0,0,0
1,debt_consolidation,13%, 215 , 10.3 ,20.12,692," 2,340 "," 6,978 ",78.4,1,0,0,0
1,debt_consolidation,7%, 186 , 10.5 ,0.85,782," 4,800 "," 2,772 ",11.1,0,0,0,0
1,debt_consolidation,15%, 173 , 11.7 ,12.71,677," 5,790 "," 32,549 ",95.5,0,0,0,0
1,major_purchase,11%, 197 , 13.7 ,1.7,722," 4,112 "," 6,530 ",23.3,2,0,0,0
1,all_other,13%, 118 , 11.2 ,9.34,697," 3,030 "," 30,703 ",84.1,2,0,0,0
1,all_other,11%, 33 , 10.5 ,1.03,742," 2,220 "," 2,287 ",15.8,0,0,0,0
1,all_other,13%, 676 , 11.0 ,9.68,712," 6,120 "," 1,284 ",6.3,3,0,1,0
1,debt_consolidation,15%, 217 , 10.3 ,20.69,662," 4,110 "," 18,270 ",75.8,0,0,0,0
1,debt_consolidation,13%, 174 , 10.2 ,21,692," 4,080 "," 7,839 ",37.7,2,0,0,0
1,small_business,16%, 703 , 12.0 ,5.31,717," 5,970 "," 57,602 ",80,0,0,0,0
1,debt_consolidation,15%, 331 , 10.5 ,21.87,667," 1,500 "," 7,306 ",73.1,2,0,0,1
1,debt_consolidation,7%, 124 , 10.8 ,5.23,787," 4,500 "," 4,071 ",11.8,0,0,0,0
1,debt_consolidation,12%, 333 , 11.0 ,10.88,717," 2,444 "," 6,238 ",74.3,0,0,0,0
1,home_improvement,12%, 583 , 10.8 ,12.7,717," 7,080 "," 31,376 ",45.7,1,1,0,0
1,debt_consolidation,15%, 155 , 10.8 ,19.78,737," 2,460 "," 7,114 ",9.2,2,0,0,0
1,small_business,18%, 837 , 11.8 ,6.73,687," 5,820 "," 17,606 ",37.9,3,1,0,0
1,credit_card,13%, 259 , 10.1 ,3.27,757," 4,320 "," 1,709 ",94.9,3,0,0,1
1,small_business,15%, 870 , 11.9 ,7.31,747," 5,850 "," 7,424 ",17.1,0,0,0,0
1,credit_card,13%, 269 , 11.3 ,6.19,727," 5,142 ", 685 ,85.6,0,0,0,1
1,credit_card,9%, 191 , 10.6 ,21.2,727," 6,060 "," 8,706 ",32.6,2,0,1,0
1,all_other,7%, 78 , 10.9 ,14.9,767," 6,060 "," 23,331 ",58.5,1,0,0,0
1,major_purchase,12%, 663 , 10.8 ,6.77,812," 3,656 ", 879 ,4.3,0,0,0,0
1,major_purchase,7%, 37 , 11.0 ,6.8,762," 7,983 "," 37,459 ",6.5,2,0,0,0
1,home_improvement,9%, 95 , 10.6 ,5.61,727," 2,310 "," 2,610 ",39,1,0,0,0
1,debt_consolidation,9%, 316 , 10.5 ,3.47,767," 4,150 "," 9,389 ",22.2,0,0,0,0
1,debt_consolidation,8%, 187 , 10.7 ,23.22,762," 8,099 "," 11,413 ",22.7,1,0,0,0
1,major_purchase,12%, 266 , 9.5 ,1.24,747," 2,550 ", 707 ,35.3,0,0,0,0
1,home_improvement,13%, 168 , 10.9 ,16.57,682," 3,645 "," 1,465 ",63.7,1,0,0,1
1,credit_card,14%, 393 , 11.1 ,14.88,682," 3,390 "," 10,104 ",80.8,1,0,0,0
1,credit_card,13%, 281 , 11.8 ,8.36,697," 9,390 "," 7,479 ",27.8,2,0,0,0
1,all_other,8%, 313 , 10.9 ,9.09,762," 5,791 "," 7,386 ",33.9,0,0,0,0
1,all_other,13%, 235 , 11.5 ,18.69,687," 7,980 "," 22,845 ",69.4,3,0,0,0
1,credit_card,13%, 404 , 10.8 ,16.07,697," 3,630 "," 19,137 ",42.5,0,0,0,0
1,debt_consolidation,15%, 110 , 11.3 ,16.44,662," 4,710 "," 5,843 ",72.1,1,1,0,0
1,credit_card,9%, 275 , 10.3 ,11.8,767," 7,080 "," 3,590 ",30.7,0,0,0,0
1,all_other,11%, 692 , 11.0 ,10.53,757," 5,190 "," 4,800 ",25.9,0,0,0,0
1,all_other,9%, 324 , 11.4 ,0,757," 3,911 "," 6,473 ",11.6,3,0,0,0
1,credit_card,14%, 412 , 11.0 ,16.28,702," 5,550 "," 26,331 ",96.9,0,0,0,0
1,credit_card,11%, 328 , 10.8 ,19.31,722," 3,242 "," 6,648 ",47.1,0,0,0,0
1,debt_consolidation,16%, 853 , 11.7 ,18.08,757," 4,020 "," 12,067 ",20.7,0,0,0,1
1,major_purchase,13%, 215 , 11.2 ,11.09,687," 6,660 "," 12,267 ",40,3,0,1,1
1,debt_consolidation,12%, 828 , 11.2 ,8.74,807," 5,280 ", -   ,0,3,0,0,0
1,all_other,11%, 361 , 11.5 ,1.54,757," 4,260 "," 14,617 ",32,0,0,0,0
1,all_other,12%, 333 , 10.8 ,10.68,707," 5,730 "," 3,486 ",51.3,2,0,0,0
1,all_other,16%, 703 , 10.9 ,0.6,682," 2,640 "," 1,742 ",7.9,0,0,0,1
1,all_other,11%, 66 , 10.8 ,12.03,712," 4,170 "," 4,005 ",58.19,1,0,0,0
1,all_other,14%, 510 , 10.7 ,4.88,717," 4,590 "," 6,588 ",79.4,1,0,0,0
1,debt_consolidation,11%, 394 , 10.6 ,16.71,752," 5,557 "," 12,746 ",52.5,2,0,0,0
1,debt_consolidation,12%, 333 , 10.6 ,16.14,707," 2,947 "," 10,006 ",68.5,0,0,0,0
1,all_other,9%, 203 , 10.7 ,0.26,782," 5,400 ", -   ,0,3,0,0,0
1,debt_consolidation,12%, 533 , 10.7 ,17.4,717," 6,390 "," 17,070 ",24.7,0,0,0,0
1,major_purchase,13%, 338 , 11.6 ,9.86,687," 5,880 "," 12,919 ",54.3,1,0,0,0
1,all_other,15%, 146 , 10.3 ,9.8,667," 1,860 "," 5,256 ",93.9,0,0,0,1
1,all_other,9%, 205 , 10.4 ,5.85,732," 5,910 "," 2,400 ",12.8,3,0,1,0
1,all_other,12%, 199 , 11.0 ,14.77,722," 5,280 "," 9,107 ",93.9,0,0,0,0
1,debt_consolidation,9%, 292 , 11.1 ,14.16,747," 5,010 "," 17,411 ",27.7,3,0,0,0
1,all_other,15%, 138 , 10.6 ,10.68,722," 1,260 "," 1,942 ",48.5,0,0,0,0
1,all_other,13%, 816 , 12.0 ,13.7,722," 5,280 "," 44,889 ",73.6,0,0,0,0
1,debt_consolidation,14%, 340 , 10.8 ,15.53,702," 9,090 "," 8,006 ",90,2,0,0,0
1,debt_consolidation,9%, 99 , 10.8 ,21.75,717," 6,175 "," 15,354 ",47.8,3,0,0,0
1,debt_consolidation,9%, 159 , 10.2 ,6.13,742," 4,110 "," 6,479 ",36.2,1,1,0,0
1,debt_consolidation,13%, 402 , 10.9 ,15.4,702," 3,540 "," 18,700 ",69.3,1,0,0,0
1,credit_card,9%, 254 , 11.6 ,11.87,742," 7,050 "," 53,066 ",53.9,2,0,0,0
1,all_other,7%, 62 , 11.3 ,3.92,752," 6,660 "," 13,482 ",48.1,0,0,0,0
1,all_other,11%, 590 , 11.6 ,0.99,772," 4,574 ", -   ,0,0,0,0,0
1,all_other,12%, 167 , 10.7 ,8.67,692," 3,240 "," 11,797 ",68.2,0,0,0,1
1,debt_consolidation,18%, 507 , 10.3 ,11.73,662," 1,140 "," 15,767 ",93.1,1,0,0,0
1,debt_consolidation,15%, 209 , 10.7 ,14.7,682," 3,060 "," 6,474 ",93.8,1,0,0,0
1,debt_consolidation,14%, 273 , 11.0 ,6.42,677," 5,790 "," 12,897 ",47.8,0,3,0,0
1,home_improvement,9%, 318 , 10.5 ,12.52,812," 6,420 "," 2,600 ",12.3,0,0,0,0
1,home_improvement,7%, 124 , 11.8 ,1.72,772," 9,990 "," 10,583 ",16.9,2,0,0,0
1,debt_consolidation,16%, 527 , 11.1 ,5.72,677," 1,440 "," 10,472 ",51.1,1,0,0,0
1,home_improvement,11%, 824 , 11.1 ,10.17,802," 4,058 "," 2,148 ",7.7,1,0,0,0
1,debt_consolidation,11%, 423 , 10.7 ,23.55,722," 3,874 "," 24,931 ",57.6,1,0,0,0
1,debt_consolidation,13%, 510 , 10.5 ,20.78,707," 7,740 "," 22,376 ",47.9,1,1,0,0
1,all_other,12%, 166 , 11.4 ,20.57,717," 4,980 "," 5,147 ",51.5,1,0,0,0
1,debt_consolidation,16%, 169 , 11.5 ,6.06,662," 5,010 "," 72,289 ",97.2,0,0,0,0
1,debt_consolidation,13%, 507 , 10.5 ,17.93,697," 4,320 "," 12,361 ",57.2,0,0,0,0
1,debt_consolidation,9%, 300 , 10.5 ,20.7,757," 3,330 "," 9,324 ",32.2,0,0,0,0
1,major_purchase,9%, 310 , 11.0 ,14.46,792," 4,110 ", 6 ,0,0,0,0,0
1,home_improvement,9%, 316 , 11.4 ,2.94,752," 4,890 "," 10,373 ",28.7,0,0,0,0
1,credit_card,9%, 222 , 10.9 ,23.44,732," 5,310 "," 16,405 ",66.1,2,0,0,0
1,debt_consolidation,13%, 284 , 10.8 ,19.06,712," 2,670 "," 2,280 ",53,2,0,0,0
1,major_purchase,9%, 316 , 10.9 ,15.31,752," 14,580 "," 28,289 ",49.1,1,0,0,0
1,debt_consolidation,14%, 51 , 10.9 ,20.7,672," 2,400 "," 1,449 ",90.6,1,0,0,1
1,debt_consolidation,11%, 198 , 10.8 ,1.87,717," 13,110 "," 4,133 ",14,0,0,0,0
1,all_other,9%, 316 , 11.3 ,6.52,802," 5,460 "," 2,010 ",2.1,1,0,0,0
1,credit_card,12%, 533 , 11.7 ,21.58,722," 7,050 "," 85,896 ",70.9,0,0,0,0
1,debt_consolidation,13%, 541 , 11.4 ,5.66,732," 5,160 "," 6,847 ",75.2,3,0,0,0
1,credit_card,11%, 164 , 10.8 ,5.88,717," 5,280 "," 5,305 ",16.8,3,0,1,0
1,small_business,14%, 239 , 11.1 ,10.55,747," 3,251 "," 3,969 ",17.6,3,0,0,0
1,credit_card,11%, 495 , 11.3 ,14.31,737," 7,170 "," 38,142 ",45.7,0,0,0,0
1,debt_consolidation,9%, 103 , 8.7 ,6,732," 2,157 "," 1,215 ",32.8,1,0,0,1
1,debt_consolidation,15%, 866 , 11.6 ,19.09,707," 4,860 "," 79,746 ",78.4,0,0,0,0
1,all_other,13%, 117 , 10.3 ,6.91,692," 1,710 "," 4,613 ",32.3,3,0,0,0
1,debt_consolidation,7%, 155 , 10.8 ,17.93,772," 9,420 "," 16,685 ",47.5,0,0,0,0
1,debt_consolidation,14%, 172 , 11.4 ,15.6,727," 7,560 "," 28,532 ",99.4,1,0,0,0
1,debt_consolidation,9%, 159 , 11.0 ,14.33,727," 7,020 "," 2,530 ",5.2,0,1,0,1
1,debt_consolidation,21%, 746 , 11.7 ,19.87,662," 7,920 "," 90,063 ",79.6,1,0,0,1
1,debt_consolidation,14%, 343 , 11.4 ,4.27,677," 5,070 "," 4,848 ",56.4,3,0,0,0
1,debt_consolidation,8%, 187 , 10.6 ,11.58,762," 3,720 "," 1,940 ",12.5,0,0,0,0
1,debt_consolidation,9%, 156 , 11.6 ,10.65,727," 3,330 "," 26,192 ",54.5,0,0,0,0
1,small_business,16%, 816 , 11.2 ,0.56,752," 5,520 "," 2,018 ",34.8,2,0,0,0
1,educational,8%, 219 , 11.2 ,12.32,752," 3,270 "," 3,233 ",10.4,3,0,0,0
1,all_other,15%, 334 , 11.2 ,21.31,672," 4,023 "," 34,009 ",90.7,0,0,0,0
1,debt_consolidation,16%, 875 , 10.9 ,9.84,687," 5,487 "," 5,734 ",36.5,0,0,0,0
1,debt_consolidation,9%, 159 , 10.9 ,24.34,732," 4,290 "," 25,295 ",62.5,2,0,0,0
1,all_other,12%, 99 , 9.8 ,20.34,732," 1,920 ", 228 ,9.9,1,0,0,1
1,all_other,11%, 33 , 10.1 ,11.57,702," 5,760 "," 7,569 ",74.2,2,0,0,1
1,debt_consolidation,12%, 833 , 12.2 ,6.28,737," 3,690 "," 15,169 ",35,0,0,0,1
1,educational,9%, 237 , 11.0 ,0,782," 3,960 ", -   ,0,1,0,0,0
1,debt_consolidation,15%, 621 , 10.9 ,12.73,682," 3,150 "," 32,820 ",88.5,0,0,0,0
1,home_improvement,11%, 49 , 10.4 ,23.67,757," 1,800 ", 280 ,16.5,0,0,0,0
1,credit_card,12%, 166 , 11.5 ,23.75,702," 7,530 "," 66,179 ",40.6,1,0,0,0
1,all_other,15%, 165 , 10.2 ,22.36,662," 2,850 ", 275 ,3.2,3,1,0,1
1,all_other,16%, 177 , 11.0 ,3.16,667," 2,880 ", -   ,0,1,0,0,1
1,home_improvement,9%, 318 , 11.2 ,5.58,762," 2,430 ", 66 ,0.5,3,0,0,0
1,credit_card,9%, 477 , 11.2 ,5.55,777," 6,840 "," 1,892 ",5.3,2,0,0,0
1,credit_card,14%, 546 , 11.4 ,16.51,692," 5,790 "," 10,852 ",60.9,0,5,0,0
1,major_purchase,9%, 158 , 11.4 ,12.59,742," 8,040 "," 3,945 ",17.6,1,1,0,1
1,all_other,13%, 368 , 11.3 ,5.12,727," 1,410 ", 358 ,7.5,2,0,0,0
1,all_other,8%, 250 , 11.4 ,7.06,777," 4,440 "," 5,037 ",16.7,3,0,0,0
1,debt_consolidation,15%, 313 , 10.7 ,6.74,662," 3,510 "," 3,094 ",60.7,0,0,0,0
1,all_other,9%, 32 , 11.2 ,2.42,752," 5,970 "," 5,698 ",52.9,3,0,0,1
1,all_other,15%, 41 , 10.6 ,16.35,662," 1,800 "," 7,774 ",55.9,0,0,1,0
1,debt_consolidation,14%, 205 , 10.2 ,15.64,672," 3,630 "," 11,206 ",71.8,0,0,0,0
1,all_other,11%, 330 , 10.5 ,0.5,777," 2,460 ", 523 ,7,0,0,0,0
1,debt_consolidation,12%, 331 , 10.1 ,12.96,742," 1,350 "," 5,787 ",13.8,0,0,0,0
1,all_other,15%, 453 , 10.6 ,21.51,672," 2,760 "," 12,425 ",55.6,0,0,0,0
1,debt_consolidation,11%, 346 , 11.0 ,6.23,742," 3,030 "," 10,044 ",63.6,1,0,0,0
1,debt_consolidation,13%, 404 , 10.8 ,21.06,692," 3,665 "," 12,668 ",79.7,2,0,0,0
1,credit_card,16%, 563 , 10.8 ,20.6,662," 4,110 "," 10,441 ",50.7,2,2,0,1
1,debt_consolidation,12%, 616 , 11.6 ,2.38,722," 2,280 ", 120 ,0.8,1,0,0,0
1,debt_consolidation,15%, 277 , 10.5 ,10.33,667," 2,235 "," 5,124 ",35.3,1,2,0,0
1,debt_consolidation,13%, 730 , 12.7 ,10.49,717," 7,050 "," 100,109 ",90.4,2,0,0,0
1,debt_consolidation,14%, 287 , 10.4 ,18.48,682," 2,161 "," 7,452 ",73.8,0,0,0,0
1,small_business,19%, 91 , 11.1 ,2.79,662," 3,720 "," 2,601 ",40.6,2,1,1,0
1,debt_consolidation,13%, 538 , 10.9 ,17.93,717," 4,110 "," 24,953 ",94.5,0,0,0,0
1,debt_consolidation,9%, 316 , 11.5 ,0.22,792," 8,880 "," 1,800 ",3.8,1,0,0,0
1,debt_consolidation,15%, 658 , 10.8 ,17.34,687," 3,540 "," 23,533 ",46.3,2,0,0,0
1,debt_consolidation,16%, 238 , 10.9 ,22.71,662," 1,620 "," 8,159 ",55.4,2,0,0,0
1,all_other,15%, 276 , 11.0 ,12.59,667," 2,280 "," 15,183 ",70.3,1,0,1,1
1,all_other,12%, 119 , 10.5 ,13.92,712," 1,770 ", 800 ,15.1,0,0,0,0
1,major_purchase,12%, 833 , 11.6 ,8.21,762," 5,643 "," 2,290 ",0.7,0,0,0,0
1,all_other,14%, 68 , 10.0 ,19.25,707," 1,110 "," 1,527 ",22.5,0,0,0,0
1,all_other,13%, 202 , 9.6 ,5.81,682," 8,550 "," 2,269 ",25.2,2,1,0,0
1,all_other,17%, 515 , 10.3 ,7.54,677," 1,230 "," 5,465 ",80.4,2,0,0,1
1,all_other,14%, 314 , 10.3 ,19.26,702," 1,802 ", -   ,0,2,0,0,0
1,debt_consolidation,14%, 168 , 10.2 ,23.75,722," 5,070 "," 17,998 ",99.4,1,0,0,0
1,debt_consolidation,9%, 316 , 11.2 ,4.15,782," 8,520 "," 8,825 ",17.9,3,0,0,0
1,debt_consolidation,13%, 336 , 10.7 ,17.89,697," 2,970 "," 11,585 ",49.1,0,0,0,0
1,small_business,14%, 69 , 11.0 ,6.54,732," 5,226 "," 50,082 ",0,0,1,0,0
1,debt_consolidation,15%, 279 , 11.0 ,0.49,677," 3,030 ", 858 ,66,2,0,0,1
1,debt_consolidation,14%, 170 , 10.4 ,10.71,677," 5,190 ", 179 ,44.7,2,1,0,0
1,debt_consolidation,16%, 525 , 12.0 ,3.41,687," 2,490 "," 65,872 ",59,2,0,0,1
1,home_improvement,16%, 525 , 11.3 ,9.47,677," 7,440 ", -   ,0,0,0,0,0
1,debt_consolidation,13%, 203 , 10.7 ,15.36,682," 3,870 "," 6,026 ",80.9,1,0,0,1
1,major_purchase,9%, 381 , 10.8 ,6,752," 2,760 "," 10,457 ",16.1,0,0,0,0
1,debt_consolidation,9%, 301 , 10.2 ,7.07,752," 3,840 "," 7,866 ",44.7,0,0,0,0
1,debt_consolidation,12%, 666 , 11.1 ,15.1,722," 5,760 "," 9,263 ",48,1,0,1,0
1,credit_card,17%, 143 , 11.4 ,23.81,662," 4,800 "," 44,991 ",99.8,0,0,0,0
1,debt_consolidation,16%, 560 , 10.9 ,12.94,677," 4,560 "," 10,728 ",91.7,2,1,1,0
1,debt_consolidation,13%, 318 , 11.0 ,10.78,702," 3,600 "," 8,300 ",38.8,0,0,0,0
1,debt_consolidation,12%, 766 , 11.6 ,14.96,737," 6,001 "," 25,274 ",39.5,0,0,0,0
1,debt_consolidation,11%, 341 , 10.6 ,9.2,732," 3,330 "," 12,747 ",29.8,1,0,0,0
1,home_improvement,12%, 199 , 12.2 ,15.1,702," 2,730 "," 22,003 ",36.9,3,0,0,0
1,all_other,11%, 443 , 10.8 ,17.48,742," 10,590 "," 13,844 ",50.3,3,0,0,0
1,all_other,13%, 67 , 10.4 ,9.04,687," 1,740 "," 10,186 ",50.7,0,0,0,1
1,debt_consolidation,12%, 633 , 10.6 ,13.71,737," 3,510 "," 19,697 ",59,0,0,0,0
1,all_other,8%, 219 , 10.2 ,4.29,772," 4,770 ", -   ,0,0,0,0,0
1,debt_consolidation,11%, 329 , 10.1 ,15.6,727," 8,431 "," 21,052 ",85.2,0,0,0,0
1,all_other,15%, 243 , 11.9 ,0.24,682," 3,738 ", 633 ,42.2,1,0,0,0
1,educational,14%, 686 , 11.7 ,20.09,692," 8,790 "," 57,803 ",81.9,1,0,0,0
1,credit_card,9%, 191 , 10.1 ,20.1,752," 4,087 "," 17,953 ",72.4,0,0,0,0
1,debt_consolidation,15%, 448 , 10.6 ,21.39,677," 2,430 "," 14,021 ",71.9,0,0,0,0
1,small_business,15%, 621 , 11.8 ,8.04,767," 5,026 "," 3,884 ",12.8,2,0,0,0
1,debt_consolidation,9%, 221 , 10.9 ,9.11,762," 5,190 ", 977 ,2.7,1,0,0,0
1,major_purchase,14%, 204 , 11.0 ,13.28,682," 1,710 ", 679 ,7.4,3,1,0,0
1,debt_consolidation,8%, 187 , 10.9 ,22.28,737," 3,607 "," 14,217 ",20.2,2,0,0,0
1,debt_consolidation,14%, 377 , 10.8 ,22.84,677," 5,250 "," 16,665 ",60.6,1,0,0,0
1,debt_consolidation,13%, 85 , 10.4 ,14.56,727," 8,160 "," 17,806 ",99.4,0,0,0,1
1,debt_consolidation,15%, 190 , 11.4 ,8.06,667," 5,460 "," 30,209 ",79.3,2,0,0,0
1,debt_consolidation,13%, 270 , 10.9 ,8.58,697," 3,750 "," 9,017 ",39.6,1,0,0,0
1,debt_consolidation,9%, 413 , 11.0 ,24.12,757," 5,370 "," 17,278 ",40,0,0,0,0
1,all_other,7%, 50 , 10.4 ,3.46,752," 3,330 "," 2,201 ",5,2,0,0,0
1,all_other,11%, 165 , 10.3 ,9.92,747," 15,692 ", 452 ,90.4,0,0,0,1
1,home_improvement,12%, 333 , 11.4 ,0.52,712," 5,011 ", 239 ,5.3,1,2,0,0
1,educational,11%, 230 , 10.6 ,1.53,772," 1,500 ", 777 ,4.8,0,0,0,0
1,debt_consolidation,16%, 588 , 11.3 ,23.65,672," 1,890 "," 19,333 ",61.2,2,0,0,0
1,debt_consolidation,12%, 398 , 10.3 ,15.16,722," 4,472 "," 4,893 ",58.2,0,0,1,0
1,debt_consolidation,7%, 93 , 10.7 ,7.44,772," 4,740 "," 13,440 ",38.6,1,0,0,0
1,debt_consolidation,12%, 666 , 11.2 ,6.96,732," 8,703 "," 11,522 ",46.1,0,1,0,0
1,debt_consolidation,16%, 350 , 11.3 ,22.23,662," 6,960 "," 35,876 ",80.8,1,0,0,0
1,home_improvement,15%, 277 , 11.4 ,17.34,667," 3,360 "," 8,590 ",87.7,1,0,0,0
1,debt_consolidation,13%, 320 , 10.8 ,12.28,697," 2,855 "," 6,696 ",47.8,1,1,0,0
1,all_other,9%, 95 , 10.9 ,13.42,722," 2,610 "," 2,541 ",11.1,2,0,0,0
1,educational,11%, 33 , 10.1 ,0.29,712," 2,610 ", 6 ,0.1,0,0,0,0
1,all_other,14%, 343 , 11.5 ,8.95,677," 4,758 "," 1,459 ",26.1,1,0,0,0
1,all_other,11%, 164 , 10.8 ,13.31,772," 4,410 ", 63 ,0.5,1,0,0,0
1,major_purchase,14%, 163 , 12.4 ,0.89,682," 2,190 "," 9,299 ",67.4,2,0,0,0
1,all_other,13%, 135 , 9.8 ,2.47,702," 3,000 "," 1,291 ",47.8,0,0,0,0
1,major_purchase,14%, 239 , 11.1 ,9.47,682," 2,070 ", 400 ,44.4,0,0,0,0
1,all_other,7%, 108 , 9.6 ,23.42,792," 7,980 "," 12,748 ",21,1,0,0,0
1,debt_consolidation,12%, 266 , 10.5 ,17.27,702," 3,990 "," 7,976 ",47.2,3,0,1,1
1,debt_consolidation,7%, 93 , 10.9 ,13.67,797," 9,930 "," 6,015 ",43.9,1,0,0,0
1,credit_card,9%, 286 , 11.1 ,17.7,737," 6,970 "," 17,870 ",42.8,1,0,0,0
1,all_other,13%, 60 , 10.6 ,11.9,682," 5,190 "," 2,496 ",56.7,3,0,1,0
1,all_other,9%, 253 , 11.3 ,8.09,772," 4,761 ", 358 ,8.1,0,0,0,0
1,debt_consolidation,13%, 812 , 11.5 ,14.3,737," 4,500 "," 33,098 ",83.8,0,0,0,0
1,debt_consolidation,12%, 398 , 10.5 ,5.69,722," 5,010 "," 14,406 ",67.6,1,0,0,1
1,major_purchase,7%, 199 , 14.2 ,0,772," 5,071 "," 2,926 ",13,0,0,0,0
1,all_other,12%, 200 , 10.9 ,4.68,722," 2,040 "," 4,342 ",46.2,0,0,0,0
1,all_other,15%, 277 , 11.1 ,6.65,662," 1,920 "," 7,855 ",74.1,0,0,0,0
1,debt_consolidation,14%, 172 , 10.6 ,1.65,682," 1,620 "," 5,536 ",72.8,0,0,0,0
1,debt_consolidation,11%, 799 , 12.2 ,5.18,777," 12,690 "," 2,574 ",7.5,3,0,0,0
1,all_other,11%, 725 , 11.4 ,0.56,802," 3,810 "," 2,123 ",4.8,0,0,0,1
1,all_other,13%, 251 , 11.0 ,11.28,697," 2,880 "," 4,700 ",40.2,2,1,0,0
1,small_business,17%, 179 , 11.3 ,23.19,687," 9,631 "," 35,820 ",96.8,1,0,0,1
1,debt_consolidation,9%, 316 , 10.7 ,3.42,752," 5,130 "," 6,593 ",31.2,0,0,0,0
1,debt_consolidation,12%, 828 , 11.5 ,15.6,752," 5,130 "," 84,110 ",55.3,0,0,0,0
1,all_other,7%, 93 , 10.9 ,11.22,777," 16,652 "," 14,444 ",26.6,0,0,0,0
1,debt_consolidation,12%, 199 , 11.0 ,15.91,702," 2,970 "," 18,549 ",43.6,0,0,0,0
1,debt_consolidation,12%, 663 , 11.3 ,14.67,747," 6,240 "," 8,156 ",22,2,0,0,0
1,debt_consolidation,12%, 400 , 11.2 ,0.84,712," 3,450 "," 14,615 ",70.9,2,0,0,0
1,debt_consolidation,9%, 413 , 10.9 ,16.76,752," 5,071 "," 18,266 ",48.6,0,0,0,0
1,all_other,12%, 199 , 10.0 ,4.48,747," 3,060 "," 2,458 ",68.3,1,0,0,0
1,all_other,13%, 268 , 11.7 ,12.06,697," 6,510 "," 37,784 ",70.1,0,0,0,0
1,debt_consolidation,8%, 250 , 10.3 ,12.52,792," 4,170 "," 4,887 ",14.4,0,0,0,0
1,debt_consolidation,9%, 158 , 9.9 ,6.3,742," 9,210 "," 3,406 ",9.8,1,0,1,0
1,debt_consolidation,9%, 205 , 10.3 ,12.28,742," 3,853 "," 29,437 ",49.6,2,0,0,0
1,debt_consolidation,15%, 844 , 11.8 ,9.71,682," 7,140 "," 31,525 ",75.8,0,0,0,0
1,debt_consolidation,14%, 412 , 11.4 ,15.78,707," 4,530 "," 2,335 ",97.3,3,0,0,1
1,major_purchase,11%, 164 , 10.6 ,2.84,712," 4,200 "," 2,650 ",48.2,2,0,1,0
1,all_other,8%, 135 , 11.5 ,0.96,797," 8,490 "," 2,792 ",5.4,1,0,0,0
1,credit_card,13%, 270 , 11.0 ,17.01,692," 4,020 "," 10,320 ",47.8,0,0,0,0
1,debt_consolidation,9%, 381 , 10.6 ,0.94,797," 11,130 ", 201 ,0.5,1,0,0,0
1,debt_consolidation,9%, 316 , 11.5 ,15.22,752," 4,830 "," 7,015 ",24.5,1,0,0,0
1,all_other,13%, 335 , 11.3 ,20.86,702," 5,640 "," 52,537 ",48.9,1,0,0,0
1,all_other,8%, 183 , 12.8 ,0.3,807," 9,663 "," 6,098 ",0,2,0,0,0
1,debt_consolidation,15%, 87 , 10.6 ,13.2,667," 4,020 "," 1,759 ",48.9,2,0,0,0
1,credit_card,12%, 66 , 11.0 ,17.16,692," 2,070 "," 10,708 ",79.9,0,0,0,0
1,major_purchase,14%, 343 , 11.7 ,15.74,677," 4,410 "," 29,344 ",57.1,2,0,0,0
1,debt_consolidation,11%, 462 , 10.9 ,6.2,727," 2,310 "," 12,875 ",26.6,3,0,0,0
1,debt_consolidation,9%, 316 , 11.9 ,4.14,757," 6,180 "," 82,445 ",16.7,2,0,0,0
1,debt_consolidation,14%, 442 , 10.6 ,15.79,687," 4,770 "," 17,704 ",72.5,0,0,0,0
1,debt_consolidation,14%, 102 , 10.5 ,8.77,682," 1,200 "," 8,901 ",65.4,0,0,0,0
1,debt_consolidation,13%, 185 , 9.2 ,4.75,692," 6,270 ", 253 ,3.2,0,0,0,0
1,debt_consolidation,6%, 380 , 11.4 ,9.98,677," 5,705 "," 10,844 ",68.6,3,1,0,0
1,debt_consolidation,11%, 165 , 11.4 ,3.54,712," 5,130 "," 10,842 ",25.7,1,0,1,0
1,major_purchase,17%, 795 , 11.4 ,8.3,717," 3,180 "," 11,717 ",38.3,3,0,0,0
1,all_other,14%, 51 , 10.3 ,19.08,667," 3,300 "," 2,603 ",44.1,3,0,0,0
1,debt_consolidation,14%, 679 , 10.9 ,22.06,727," 5,981 "," 22,969 ",23.8,0,0,0,0
1,credit_card,11%, 264 , 10.8 ,12.91,717," 2,280 "," 16,275 ",49.2,0,0,0,0
1,debt_consolidation,11%, 394 , 10.7 ,23.2,772," 3,846 "," 3,663 ",28.2,0,0,0,1
1,credit_card,9%, 108 , 10.3 ,20.24,777," 7,112 "," 3,459 ",17.3,5,0,0,0
1,all_other,13%, 218 , 10.1 ,14.2,702," 1,800 "," 1,799 ",37.5,2,1,0,0
1,debt_consolidation,9%, 318 , 11.5 ,15.86,747," 7,230 "," 32,508 ",40.8,1,0,0,0
1,debt_consolidation,9%, 462 , 11.3 ,16.15,767," 5,130 "," 23,088 ",50.1,2,0,0,0
1,small_business,20%, 556 , 10.9 ,17.87,692," 5,422 "," 10,893 ",97.3,3,1,0,0
1,debt_consolidation,14%, 679 , 11.5 ,9.8,702," 4,860 "," 27,421 ",53.8,2,1,0,0
1,all_other,8%, 312 , 11.8 ,3.56,787," 4,230 "," 10,184 ",26.9,1,0,0,0
1,home_improvement,13%, 502 , 11.3 ,10.13,712," 5,370 "," 15,690 ",52.1,0,0,0,1
1,debt_consolidation,13%, 456 , 11.0 ,9.3,692," 6,120 "," 6,702 ",56.3,1,0,0,0
1,small_business,14%, 480 , 10.7 ,21.82,747," 3,661 "," 14,479 ",53.8,3,0,0,1
1,debt_consolidation,13%, 157 , 10.3 ,21.3,687," 5,970 "," 23,810 ",73.7,0,0,0,0
1,debt_consolidation,14%, 238 , 11.1 ,12.55,677," 2,640 "," 3,964 ",55.8,1,0,0,0
1,all_other,13%, 335 , 10.9 ,0.65,792," 2,311 ", 383 ,8.5,0,0,0,0
1,debt_consolidation,13%, 161 , 10.3 ,12.29,697," 1,950 "," 3,647 ",93.5,1,0,0,0
1,all_other,14%, 273 , 10.5 ,8.93,692," 2,940 "," 13,568 ",75.4,3,0,0,0
1,debt_consolidation,11%, 328 , 10.3 ,5.16,747," 2,706 "," 7,656 ",38.1,4,0,0,0
1,all_other,8%, 281 , 11.2 ,11.84,772," 7,440 "," 9,910 ",15.3,1,0,0,0
1,credit_card,13%, 507 , 11.8 ,8.36,697," 9,420 "," 23,494 ",46.3,0,3,1,0
1,all_other,14%, 274 , 11.4 ,11.61,682," 2,610 "," 15,514 ",77.2,0,0,0,1
1,small_business,16%, 875 , 11.1 ,13.88,747," 5,370 "," 22,170 ",76.7,1,0,0,0
1,debt_consolidation,9%, 253 , 11.2 ,15.36,767," 10,380 "," 10,624 ",19,0,0,0,0
1,debt_consolidation,12%, 533 , 11.2 ,23.82,717," 4,710 "," 15,458 ",62.8,0,0,0,0
1,credit_card,12%, 663 , 11.9 ,22.64,737," 13,020 "," 32,654 ",39.2,2,0,0,0
1,debt_consolidation,12%, 833 , 10.8 ,16.67,752," 3,540 "," 23,602 ",58.1,4,0,0,0
1,debt_consolidation,12%, 199 , 11.3 ,8.89,707," 5,070 "," 12,757 ",31.1,0,0,1,0
1,debt_consolidation,11%, 328 , 10.4 ,19.93,782," 14,130 "," 13,952 ",23.1,0,0,0,0
1,debt_consolidation,15%, 172 , 10.4 ,16.74,667," 2,280 "," 4,925 ",40,2,0,0,0
1,major_purchase,13%, 287 , 9.8 ,13.67,682," 1,894 "," 4,867 ",46.4,0,0,0,1
1,home_improvement,9%, 143 , 11.1 ,7.53,787," 3,691 ", 858 ,4.4,4,0,0,0
1,all_other,7%, 84 , 9.4 ,9.6,757," 2,250 "," 1,158 ",18.7,2,0,0,0
1,all_other,11%, 165 , 10.3 ,16.4,782," 5,910 "," 1,149 ",23.9,0,0,0,0
1,debt_consolidation,12%, 333 , 11.1 ,18.7,707," 3,637 "," 33,878 ",79,3,0,0,0
1,debt_consolidation,12%, 381 , 10.6 ,15.7,722," 9,870 "," 19,036 ",82.4,0,0,0,0
1,small_business,21%, 491 , 12.0 ,10.45,667," 3,538 "," 14,718 ",40.4,1,0,0,0
1,debt_consolidation,12%, 266 , 10.6 ,19.32,707," 2,220 "," 2,707 ",31.5,0,0,0,0
1,small_business,15%, 522 , 10.8 ,5.26,727," 12,690 "," 8,394 ",79.2,3,0,0,1
1,all_other,14%, 119 , 11.0 ,8.05,687," 4,320 ", 450 ,26.5,0,1,0,0
1,major_purchase,14%, 137 , 10.7 ,18.45,672," 5,940 "," 7,094 ",51.4,0,0,0,0
1,debt_consolidation,16%, 565 , 12.1 ,18.76,662," 7,140 "," 31,742 ",84.4,0,1,0,0
1,educational,12%, 433 , 11.2 ,3.36,717," 5,070 "," 8,535 ",50.8,0,1,0,0
1,debt_consolidation,13%, 586 , 10.7 ,21.63,717," 3,690 "," 20,010 ",85.1,0,0,0,0
1,debt_consolidation,9%, 349 , 10.3 ,19.02,742," 3,122 "," 14,304 ",23.9,0,0,0,0
1,debt_consolidation,13%, 85 , 10.5 ,15.6,692," 15,360 "," 3,777 ",35,2,0,0,0
1,debt_consolidation,9%, 221 , 10.6 ,17.26,737," 2,250 "," 1,211 ",18.9,1,0,0,0
1,all_other,11%, 82 , 10.1 ,7.58,707," 3,270 "," 7,090 ",73.1,0,0,0,0
1,debt_consolidation,8%, 281 , 10.4 ,15.1,782," 10,770 "," 8,880 ",17,0,0,0,1
1,all_other,12%, 186 , 9.4 ,6,727," 1,198 ", 843 ,31.2,0,0,0,0
1,debt_consolidation,15%, 173 , 10.8 ,13.68,692," 4,920 "," 9,138 ",41.3,0,0,0,1
1,debt_consolidation,13%, 270 , 10.5 ,9.02,682," 2,280 "," 7,844 ",84.3,1,0,0,0
1,credit_card,9%, 191 , 10.6 ,18.23,722," 5,850 "," 4,836 ",62,3,0,0,0
1,major_purchase,12%, 266 , 10.7 ,0.8,747," 4,770 ", 150 ,10,2,0,0,0
1,debt_consolidation,16%, 682 , 11.8 ,12.6,672," 4,771 "," 8,907 ",26.7,3,1,0,0
1,debt_consolidation,12%, 666 , 11.0 ,24.86,727," 5,190 "," 38,980 ",69.2,0,0,0,0
1,debt_consolidation,15%, 866 , 11.5 ,17.24,702," 4,170 "," 30,438 ",79.4,0,0,0,0
1,small_business,16%, 848 , 11.9 ,14.45,717," 1,904 "," 3,539 ",36.5,1,0,0,1
1,debt_consolidation,9%, 316 , 10.5 ,23.34,752," 3,302 "," 9,527 ",44.7,0,0,0,0
1,credit_card,11%, 264 , 11.0 ,18.66,722," 3,300 "," 17,559 ",49.9,0,0,0,0
1,debt_consolidation,11%, 492 , 10.8 ,20.29,757," 3,270 "," 22,458 ",37,0,0,0,0
1,debt_consolidation,11%, 328 , 11.0 ,17.18,732," 3,900 "," 12,581 ",67.3,1,0,0,0
1,all_other,9%, 222 , 11.7 ,9.44,727," 4,020 "," 7,124 ",31,0,0,0,0
1,major_purchase,14%, 102 , 11.0 ,4.63,667," 7,500 ", 900 ,19.6,2,0,0,1
1,small_business,16%, 875 , 11.7 ,0.04,762," 7,170 "," 2,668 ",76.2,1,0,0,0
1,debt_consolidation,13%, 602 , 11.4 ,18.96,727," 6,510 "," 59,861 ",92.2,0,0,0,0
1,home_improvement,8%, 140 , 11.2 ,17.85,757," 8,465 "," 20,362 ",19.6,0,1,0,0
1,debt_consolidation,13%, 841 , 11.3 ,8.64,712," 3,811 "," 29,535 ",75.7,0,0,0,0
1,credit_card,8%, 203 , 10.3 ,17.68,752," 6,090 "," 4,301 ",37.7,0,0,0,0
1,small_business,17%, 533 , 11.2 ,20.4,697," 3,749 "," 25,417 ",83.1,0,0,0,0
1,debt_consolidation,16%, 230 , 11.1 ,11.41,672," 2,970 "," 7,453 ",95.6,0,0,1,0
1,credit_card,13%, 541 , 11.3 ,19.91,707," 6,332 "," 15,171 ",36.1,0,1,0,0
1,debt_consolidation,9%, 477 , 10.0 ,10.1,772," 5,640 "," 8,264 ",23.7,0,0,0,0
1,all_other,7%, 155 , 10.8 ,3.17,792," 7,470 "," 4,432 ",6.8,0,0,0,0
1,debt_consolidation,15%, 696 , 11.7 ,9.1,682," 4,800 "," 20,249 ",93.3,0,0,0,0
1,debt_consolidation,13%, 676 , 11.1 ,9.07,707," 3,060 "," 15,389 ",81,0,0,0,0
1,all_other,9%, 95 , 12.1 ,17.22,722," 7,050 "," 72,814 ",56,1,0,0,0
1,debt_consolidation,12%, 497 , 11.0 ,10.44,732," 3,241 "," 5,011 ",38.5,0,0,0,0
1,all_other,8%, 169 , 10.4 ,23.88,747," 2,490 "," 2,534 ",22.2,2,0,0,0
1,major_purchase,11%, 79 , 10.4 ,21.49,717," 1,472 "," 3,992 ",67.7,0,0,0,0
1,major_purchase,8%, 125 , 11.3 ,7.17,792," 6,360 ", 168 ,0.7,0,0,0,0
1,all_other,13%, 40 , 9.7 ,23.69,707," 2,580 "," 7,826 ",70.5,1,0,0,0
1,major_purchase,7%, 62 , 10.9 ,1.88,767," 5,671 "," 2,796 ",9.3,1,0,0,0
1,credit_card,16%, 773 , 12.0 ,19.9,697," 7,410 "," 72,951 ",97.7,0,0,0,0
1,debt_consolidation,12%, 547 , 11.0 ,17.44,727," 4,890 "," 24,351 ",66.2,1,0,0,0
1,debt_consolidation,13%, 404 , 11.0 ,12.48,692," 1,860 "," 12,558 ",62.2,1,0,0,0
1,home_improvement,11%, 492 , 12.0 ,8.75,772," 5,640 "," 6,065 ",41.6,4,0,0,0
1,debt_consolidation,9%, 278 , 11.1 ,14.29,767," 5,160 "," 12,657 ",8.6,1,0,0,0
1,home_improvement,8%, 312 , 11.1 ,1.71,802," 7,440 "," 6,077 ",24.6,0,0,0,0
1,credit_card,11%, 429 , 11.5 ,5.24,732," 4,020 "," 27,294 ",44.8,0,0,0,0
1,debt_consolidation,16%, 420 , 12.2 ,8.21,672," 3,630 "," 33,266 ",92.9,0,0,0,0
1,major_purchase,14%, 326 , 10.2 ,4.66,682," 2,280 "," 3,288 ",35,1,0,0,0
1,all_other,11%, 184 , 11.2 ,13.37,722," 3,630 ", 436 ,7.4,0,0,0,0
1,all_other,14%, 154 , 10.3 ,24.6,672," 2,582 "," 1,355 ",36.6,2,0,0,0
1,debt_consolidation,9%, 194 , 11.0 ,10.21,747," 3,330 "," 6,775 ",22,0,0,0,0
1,credit_card,9%, 349 , 10.8 ,22.38,762," 9,539 "," 8,694 ",54,4,0,0,0
1,credit_card,13%, 303 , 10.6 ,22.12,682," 7,560 "," 18,610 ",40,0,0,0,1
1,debt_consolidation,13%, 505 , 11.5 ,14.07,702," 5,430 "," 18,213 ",55.5,0,1,0,0
1,credit_card,13%, 404 , 11.1 ,7.15,697," 8,100 "," 14,079 ",70,0,0,0,0
1,debt_consolidation,17%, 142 , 9.6 ,0,662," 1,800 ", -   ,0,0,4,0,0
1,home_improvement,11%, 426 , 11.8 ,12.15,747," 9,510 "," 35,398 ",70.5,0,0,0,0
1,debt_consolidation,14%, 340 , 10.9 ,18.22,682," 4,440 "," 16,121 ",39.1,0,0,0,1
1,credit_card,12%, 497 , 11.1 ,13.79,722," 4,710 "," 9,941 ",45.4,0,0,0,0
1,debt_consolidation,16%, 280 , 10.8 ,15.52,662," 4,110 "," 11,310 ",63.5,2,0,0,0
1,debt_consolidation,12%, 265 , 10.8 ,10.79,707," 4,320 "," 2,843 ",26.1,2,1,0,1
1,educational,12%, 258 , 11.4 ,8.82,757," 2,973 "," 3,811 ",5.8,0,0,0,0
1,debt_consolidation,13%, 210 , 10.3 ,23.26,692," 3,780 "," 12,082 ",82.2,1,1,0,1
1,debt_consolidation,13%, 270 , 10.3 ,14.92,697," 2,913 "," 7,054 ",91.6,0,0,0,0
1,all_other,8%, 47 , 11.2 ,4.36,737," 2,880 "," 1,991 ",28.9,1,0,0,0
1,debt_consolidation,14%, 240 , 11.1 ,11.13,672," 3,360 "," 6,227 ",89,1,0,0,0
1,all_other,12%, 199 , 11.5 ,5.38,707," 3,720 "," 1,839 ",13.3,0,1,0,0
1,all_other,9%, 253 , 10.8 ,9.45,752," 6,540 "," 10,887 ",41.4,2,0,0,0
1,small_business,17%, 275 , 10.2 ,19.52,697," 1,650 "," 10,634 ",71.5,0,0,0,1
1,all_other,13%, 335 , 10.0 ,4.72,727," 1,200 "," 2,638 ",11.5,2,0,0,0
1,debt_consolidation,15%, 468 , 11.5 ,16.49,692," 5,910 "," 21,881 ",96.4,1,0,0,0
1,all_other,9%, 48 , 10.6 ,9.6,712," 2,610 ", 193 ,7.4,0,0,0,1
1,debt_consolidation,13%, 812 , 11.8 ,20.28,722," 5,400 "," 60,713 ",62.5,1,0,0,0
1,debt_consolidation,13%, 286 , 10.6 ,10.36,687," 2,760 "," 3,934 ",52.5,1,0,1,0
1,debt_consolidation,9%, 407 , 10.4 ,0.18,817," 5,432 ", 306 ,0.5,0,0,0,0
1,all_other,13%, 134 , 10.6 ,22.31,707," 1,440 "," 3,122 ",56.8,0,0,0,0
1,credit_card,12%, 283 , 10.8 ,7.08,707," 3,210 "," 7,679 ",80,0,0,0,0
1,all_other,11%, 328 , 11.8 ,8.1,742," 5,040 "," 17,930 ",0,3,0,0,0
1,all_other,11%, 131 , 11.1 ,10.29,717," 4,320 "," 2,787 ",30.3,3,0,0,0
1,small_business,16%, 482 , 10.4 ,7.89,702," 3,510 "," 11,209 ",66.7,1,0,0,1
1,home_improvement,14%, 512 , 11.5 ,13.1,682," 11,550 "," 8,785 ",37.4,1,0,0,0
1,debt_consolidation,9%, 95 , 10.6 ,10.29,717," 2,220 "," 6,349 ",31.6,0,0,0,0
1,debt_consolidation,9%, 127 , 10.5 ,2.77,762," 2,700 "," 3,969 ",19.7,0,0,0,0
1,all_other,13%, 67 , 10.5 ,17.21,677," 2,580 "," 2,360 ",59,0,3,0,0
1,debt_consolidation,13%, 676 , 11.5 ,23.86,707," 5,090 "," 27,879 ",78.3,1,0,0,0
1,home_improvement,15%, 517 , 12.0 ,7.83,682," 5,730 "," 6,618 ",30.5,2,0,0,0
1,credit_card,9%, 191 , 11.3 ,0,737," 2,166 ", -   ,0,1,0,0,0
1,debt_consolidation,8%, 312 , 11.4 ,0.17,777," 6,570 "," 2,994 ",9.5,0,0,0,0
1,debt_consolidation,13%, 338 , 10.6 ,15.21,692," 2,100 "," 9,538 ",43.8,0,0,0,0
1,home_improvement,12%, 828 , 11.9 ,5.54,777," 10,290 ", 311 ,0.4,1,0,0,0
1,credit_card,9%, 316 , 11.5 ,4.46,757," 5,282 "," 37,334 ",55.4,0,0,0,0
1,debt_consolidation,12%, 200 , 11.0 ,13.9,727," 4,740 "," 4,563 ",67.1,0,0,0,0
1,small_business,18%, 612 , 11.1 ,14.13,687," 5,749 "," 20,429 ",66.1,2,0,0,1
1,all_other,14%, 119 , 10.3 ,5.36,692," 2,671 "," 3,162 ",73.5,1,0,0,0
1,all_other,9%, 445 , 11.8 ,4.48,757," 6,198 "," 5,615 ",8.9,0,0,0,0
1,credit_card,15%, 862 , 11.5 ,17.76,707," 8,910 "," 25,478 ",65.3,0,1,0,0
1,debt_consolidation,11%, 297 , 10.4 ,11.36,747," 3,720 "," 16,021 ",30.6,1,0,0,1
1,all_other,9%, 158 , 11.0 ,20.32,742," 3,990 "," 6,673 ",32.4,0,0,0,0
1,debt_consolidation,15%, 188 , 9.8 ,11.33,677," 1,710 "," 3,600 ",94.7,0,0,0,0
1,debt_consolidation,12%, 833 , 13.5 ,2.26,747," 5,880 "," 24,361 ",84.3,0,0,0,0
1,debt_consolidation,13%, 168 , 10.4 ,13.14,702," 7,710 "," 11,154 ",86.5,1,0,1,0
1,home_improvement,7%, 62 , 10.7 ,4.53,787," 4,770 ", 706 ,1.4,1,0,0,0
1,major_purchase,8%, 125 , 10.3 ,17.64,767," 5,610 ", 611 ,6.9,1,0,0,0
1,home_improvement,9%, 191 , 10.8 ,15.7,737," 3,120 ", 55 ,0.6,3,0,0,1
1,credit_card,8%, 206 , 11.2 ,9.62,732," 5,132 "," 11,589 ",20.8,0,1,0,0
1,debt_consolidation,15%, 218 , 10.1 ,13.73,712," 3,510 "," 1,988 ",99.4,0,0,0,0
1,all_other,9%, 158 , 11.0 ,22.08,772," 6,060 "," 2,930 ",20.1,5,0,0,0
1,debt_consolidation,14%, 476 , 10.8 ,8.8,702," 5,700 "," 11,284 ",94.8,0,0,0,0
1,debt_consolidation,11%, 824 , 11.3 ,9.9,777," 6,120 "," 30,928 ",63,2,0,0,0
1,debt_consolidation,13%, 202 , 10.6 ,3.45,697," 1,590 "," 3,733 ",58.3,2,0,0,0
1,debt_consolidation,9%, 305 , 10.9 ,18.41,742," 4,050 "," 9,571 ",31.1,3,1,0,0
1,all_other,9%, 253 , 10.5 ,0.95,812," 9,780 ", 255 ,0.6,1,0,0,0
1,home_improvement,9%, 318 , 11.1 ,15.05,742," 6,660 "," 37,471 ",61.9,1,0,0,0
1,credit_card,15%, 414 , 11.7 ,15.36,672," 7,610 "," 30,232 ",67.3,0,2,0,0
1,home_improvement,14%, 828 , 11.8 ,2.06,757," 9,810 "," 6,834 ",30.4,5,0,0,1
1,all_other,9%, 318 , 11.1 ,10.33,742," 3,630 "," 14,880 ",58,2,0,0,0
1,all_other,13%, 268 , 11.1 ,1.81,697," 3,630 "," 4,676 ",47.2,1,0,0,0
1,debt_consolidation,12%, 480 , 10.2 ,0,787," 4,860 ", -   ,0,3,0,0,0
1,debt_consolidation,11%, 295 , 10.9 ,17.47,732," 7,140 "," 19,109 ",38,2,0,0,0
1,home_improvement,9%, 133 , 11.4 ,19.24,727," 4,200 "," 15,366 ",50.9,3,0,0,0
1,all_other,9%, 286 , 10.7 ,8.97,747," 3,907 "," 4,051 ",13.6,1,0,0,0
1,all_other,14%, 172 , 11.6 ,17.64,667," 5,340 "," 54,165 ",75,1,1,0,0
1,home_improvement,13%, 169 , 11.6 ,15.4,692," 3,842 "," 53,761 ",92.1,2,0,0,1
1,all_other,14%, 223 , 10.0 ,15.17,707," 1,470 "," 1,855 ",23.2,0,0,0,0
1,major_purchase,9%, 318 , 10.9 ,13.09,737," 2,280 "," 3,706 ",11.2,1,0,0,0
1,debt_consolidation,13%, 254 , 11.5 ,22.22,687," 6,840 "," 33,465 ",89.3,2,0,0,0
1,debt_consolidation,11%, 33 , 9.2 ,4.38,747," 1,260 ", 486 ,21,0,0,0,0
1,debt_consolidation,11%, 501 , 10.8 ,24.13,757," 8,043 "," 6,212 ",49.7,2,0,0,0
1,debt_consolidation,9%, 316 , 11.0 ,8.31,757," 8,430 "," 20,627 ",21.9,0,0,0,0
1,debt_consolidation,15%, 260 , 10.1 ,5.38,687," 1,140 "," 5,385 ",58.5,1,0,0,0
1,all_other,14%, 412 , 10.4 ,5.33,692," 1,288 "," 5,917 ",61,3,0,0,0
1,debt_consolidation,18%, 144 , 10.7 ,14.04,667," 3,264 "," 3,082 ",99.4,0,0,0,0
1,all_other,9%, 540 , 11.7 ,2.19,777," 4,020 "," 63,646 ",9.8,1,0,0,0
1,debt_consolidation,12%, 808 , 11.6 ,17.65,742," 9,360 "," 81,940 ",35.3,0,0,0,0
1,debt_consolidation,11%, 279 , 10.3 ,24.63,727," 8,010 "," 9,193 ",28.5,0,0,0,0
1,small_business,15%, 866 , 11.4 ,0.47,772," 4,410 "," 3,910 ",6.5,3,0,0,0
1,debt_consolidation,9%, 324 , 10.9 ,8.47,737," 5,730 "," 13,041 ",39,1,0,0,0
1,credit_card,11%, 472 , 12.2 ,9.68,737," 7,627 "," 29,411 ",59.3,3,0,0,0
1,small_business,15%, 679 , 11.4 ,15.89,792," 16,350 "," 34,039 ",1.6,4,0,0,0
1,debt_consolidation,8%, 109 , 11.1 ,9.42,742," 2,790 "," 2,087 ",9.8,0,0,0,0
1,debt_consolidation,14%, 137 , 10.7 ,15.76,672," 5,130 "," 4,007 ",54.9,1,0,0,0
1,debt_consolidation,11%, 367 , 10.5 ,10.8,732," 3,810 "," 10,631 ",36.9,3,0,0,1
1,all_other,13%, 241 , 10.6 ,13.61,722," 2,670 "," 8,250 ",93.7,2,0,0,0
1,credit_card,12%, 398 , 10.7 ,20.69,737," 3,420 "," 9,078 ",68.8,0,0,0,0
1,credit_card,12%, 99 , 11.0 ,19.31,697," 6,450 "," 13,660 ",79,1,0,0,0
1,credit_card,13%, 586 , 10.5 ,20.85,722," 4,953 "," 15,859 ",78.6,0,0,0,0
1,credit_card,11%, 197 , 10.6 ,24.1,717," 4,740 "," 4,136 ",52.4,0,0,0,0
1,small_business,17%, 533 , 11.0 ,2.11,742," 1,261 "," 4,949 ",0,1,0,0,1
1,all_other,9%, 103 , 10.7 ,6.13,747," 2,043 "," 4,708 ",43.2,1,0,0,1
1,debt_consolidation,12%, 200 , 10.1 ,9.65,747," 3,690 "," 3,380 ",31.9,4,0,0,1
1,debt_consolidation,14%, 819 , 10.7 ,13.7,722," 9,600 "," 12,606 ",88.2,0,0,0,0
1,all_other,8%, 94 , 10.1 ,24.55,742," 5,220 "," 20,594 ",38.3,0,0,0,0
1,home_improvement,11%, 394 , 11.4 ,12.52,752," 4,920 "," 25,245 ",53.3,4,0,0,0
1,debt_consolidation,14%, 306 , 10.4 ,11.14,682," 3,930 "," 3,279 ",41,0,0,0,0
1,all_other,14%, 103 , 9.7 ,12.21,672," 3,660 "," 1,772 ",73.8,0,0,0,0
1,small_business,17%, 169 , 10.3 ,18.27,687," 1,633 "," 14,940 ",40.8,0,0,0,1
1,home_improvement,9%, 305 , 11.2 ,18.19,742," 4,981 "," 11,361 ",35,2,1,0,0
1,debt_consolidation,15%, 348 , 10.4 ,15.02,667," 2,370 "," 8,556 ",44.3,1,0,0,0
1,credit_card,9%, 477 , 11.5 ,7.31,797," 7,260 "," 19,412 ",32.5,0,0,0,0
1,credit_card,14%, 484 , 10.9 ,20.91,722," 6,360 "," 42,613 ",98.4,1,0,0,1
1,debt_consolidation,9%, 159 , 10.3 ,16.41,727," 3,330 "," 1,877 ",10.3,1,0,0,0
1,credit_card,14%, 274 , 11.2 ,18.48,672," 6,540 "," 7,862 ",71.5,0,0,0,0
1,debt_consolidation,9%, 174 , 10.9 ,14.97,742," 6,990 "," 11,484 ",12.5,0,1,0,0
1,debt_consolidation,13%, 676 , 10.8 ,10.44,712," 5,520 "," 22,576 ",82.7,3,0,0,0
1,debt_consolidation,12%, 666 , 11.0 ,12.96,727," 4,774 "," 28,404 ",74.7,1,0,0,0
1,home_improvement,13%, 283 , 11.8 ,16.36,687," 3,540 "," 26,040 ",60.8,1,0,0,0
1,all_other,13%, 502 , 11.0 ,16.56,712," 2,190 "," 8,109 ",59.6,0,0,0,0
1,debt_consolidation,14%, 442 , 10.4 ,21.76,692," 6,780 "," 24,127 ",70.5,3,0,0,0
1,major_purchase,15%, 390 , 10.7 ,21.85,667," 2,779 "," 10,677 ",55,1,0,0,0
1,debt_consolidation,13%, 541 , 11.1 ,11.94,702," 5,040 "," 13,264 ",62.3,1,0,0,0
1,major_purchase,13%, 331 , 11.0 ,5.88,687," 2,675 "," 9,972 ",35.9,3,0,1,0
1,educational,11%, 280 , 9.9 ,14.06,717," 2,850 "," 3,317 ",62.6,0,0,0,0
1,debt_consolidation,9%, 221 , 11.5 ,11.18,737," 6,420 "," 73,196 ",16.6,2,0,0,0
1,debt_consolidation,15%, 334 , 10.8 ,5.81,662," 1,920 "," 3,125 ",32.6,0,2,0,0
1,major_purchase,7%, 124 , 10.5 ,10.43,777," 3,450 "," 2,063 ",12.1,0,0,0,0
1,credit_card,15%, 86 , 11.1 ,15.23,662," 3,990 "," 4,763 ",78.1,2,0,1,0
1,debt_consolidation,15%, 557 , 11.2 ,20.64,677," 1,800 "," 11,725 ",54.8,1,0,0,1
1,major_purchase,9%, 221 , 10.9 ,6.09,757," 3,667 "," 4,360 ",29.3,0,0,0,0
1,debt_consolidation,16%, 700 , 11.0 ,4.88,682," 3,150 "," 8,436 ",87.9,0,0,0,0
1,debt_consolidation,14%, 206 , 11.2 ,14.05,667," 9,240 "," 3,407 ",48.7,2,5,0,0
1,debt_consolidation,16%, 506 , 11.3 ,12.74,662," 4,710 "," 35,174 ",69.4,3,0,0,0
1,small_business,19%, 184 , 11.7 ,9.35,707," 4,260 "," 2,379 ",40.3,1,0,0,0
1,debt_consolidation,11%, 330 , 10.7 ,9.75,717," 4,500 "," 8,368 ",66.9,1,0,0,0
1,debt_consolidation,13%, 502 , 10.5 ,12.03,707," 4,680 "," 11,197 ",53.3,0,0,1,0
1,all_other,9%, 95 , 11.3 ,15.92,727," 4,290 "," 16,116 ",67.7,2,0,0,0
1,debt_consolidation,14%, 478 , 11.2 ,21.91,682," 7,000 "," 14,200 ",42.8,1,2,0,0
1,all_other,11%, 396 , 11.7 ,1.01,772," 3,570 "," 1,957 ",12.1,1,0,0,0
1,debt_consolidation,12%, 176 , 11.0 ,20.73,697," 4,440 "," 13,313 ",31.3,0,0,0,0
1,all_other,19%, 804 , 10.6 ,9.69,662," 1,290 "," 12,863 ",37.9,1,0,0,0
1,debt_consolidation,14%, 755 , 11.0 ,21.34,702," 3,360 "," 35,236 ",69.1,2,0,0,0
1,debt_consolidation,12%, 157 , 10.5 ,21.8,702," 2,130 "," 28,450 ",75.7,2,0,0,0
1,all_other,12%, 331 , 10.8 ,9.66,792," 9,990 ", 444 ,0.9,3,0,0,0
1,debt_consolidation,13%, 382 , 11.0 ,13.64,702," 3,780 "," 18,252 ",60.8,1,0,0,0
1,home_improvement,13%, 812 , 12.3 ,12.7,727," 9,000 "," 121,563 ",26.6,1,0,0,0
1,all_other,13%, 50 , 11.0 ,8.52,677," 8,820 "," 1,506 ",37.6,0,2,0,0
1,credit_card,12%, 99 , 11.3 ,11.71,697," 7,920 "," 17,900 ",64.9,1,0,0,0
1,home_improvement,13%, 586 , 11.2 ,23.35,727," 5,820 "," 13,042 ",52.2,0,0,0,0
1,credit_card,15%, 243 , 11.3 ,2.64,667," 3,660 "," 54,727 ",89.2,0,0,0,0
1,debt_consolidation,7%, 47 , 10.5 ,0.69,747," 2,640 "," 1,125 ",16.5,1,0,0,0
1,major_purchase,7%, 93 , 10.1 ,6.91,752," 2,250 ", 446 ,17.2,0,0,0,0
1,credit_card,12%, 497 , 10.6 ,14.2,727," 6,841 "," 10,894 ",39.6,0,0,1,0
1,debt_consolidation,13%, 252 , 10.6 ,8.31,687," 3,000 "," 8,091 ",30.9,1,0,0,0
1,debt_consolidation,11%, 198 , 10.5 ,15.67,717," 11,160 "," 6,433 ",48.7,1,0,0,0
1,major_purchase,9%, 237 , 11.1 ,19.88,767," 4,440 "," 5,720 ",11,0,0,0,0
1,debt_consolidation,19%, 914 , 11.5 ,18.18,667," 5,160 "," 15,109 ",77.9,1,0,0,0
1,credit_card,13%, 94 , 10.8 ,23.23,682," 4,770 "," 30,423 ",66.3,1,0,1,0
1,debt_consolidation,11%, 791 , 11.5 ,12.68,792," 6,780 "," 23,092 ",25.7,0,0,0,0
1,all_other,11%, 330 , 10.7 ,14.79,727," 3,030 "," 16,077 ",54.9,0,0,0,0
1,debt_consolidation,15%, 291 , 10.4 ,13.92,667," 5,370 "," 9,713 ",63.5,1,1,0,0
1,credit_card,14%, 751 , 11.2 ,23.92,707," 4,699 "," 13,236 ",61.3,0,0,0,0
1,all_other,11%, 164 , 10.1 ,3.3,717," 1,860 "," 1,124 ",9.7,1,0,0,0
1,debt_consolidation,9%, 190 , 11.3 ,22.52,742," 5,310 "," 3,676 ",10.2,1,0,0,0
1,debt_consolidation,12%, 808 , 11.0 ,21.9,742," 8,617 "," 100,842 ",34.4,1,0,0,0
1,all_other,13%, 336 , 10.8 ,21.97,697," 4,560 "," 22,259 ",66.8,0,0,0,0
1,debt_consolidation,14%, 102 , 11.2 ,5.69,672," 6,770 "," 3,275 ",21,1,3,0,0
1,debt_consolidation,10%, 442 , 10.7 ,13.98,727," 4,813 "," 22,837 ",79.3,0,0,0,0
1,credit_card,10%, 518 , 11.2 ,4.93,752," 5,909 "," 3,252 ",25,1,0,0,0
1,debt_consolidation,11%, 696 , 10.8 ,17.93,722," 3,181 "," 26,636 ",61.6,1,0,0,0
1,debt_consolidation,11%, 518 , 11.5 ,21.88,747," 4,620 "," 29,860 ",47.6,0,0,0,0
1,debt_consolidation,12%, 804 , 12.0 ,11.42,762," 5,343 "," 55,622 ",39.5,0,0,0,0
1,debt_consolidation,9%, 445 , 11.7 ,15.8,762," 4,770 "," 60,767 ",80.4,0,0,0,0
1,debt_consolidation,13%, 404 , 10.4 ,21.68,737," 4,559 "," 7,370 ",85.7,1,0,0,1
1,all_other,18%, 253 , 10.6 ,7.52,692," 2,430 "," 8,959 ",97.4,1,0,0,0
1,debt_consolidation,13%, 167 , 10.5 ,21.49,707," 4,590 ", -   ,0,0,0,0,1
1,debt_consolidation,9%, 318 , 13.5 ,1.69,752," 3,570 "," 10,490 ",41,0,0,0,0
1,all_other,13%, 837 , 11.6 ,10.97,732," 5,611 "," 33,383 ",63.2,1,0,0,0
1,all_other,9%, 191 , 11.6 ,10.42,727," 4,560 "," 10,465 ",44,0,0,0,1
1,all_other,7%, 78 , 10.1 ,20.02,762," 3,301 "," 11,873 ",14.7,0,0,0,0
1,debt_consolidation,14%, 340 , 11.0 ,21.52,687," 5,190 "," 10,046 ",46.3,0,0,0,0
1,all_other,8%, 203 , 11.2 ,13.72,757," 3,690 "," 10,257 ",24,0,0,0,0
1,credit_card,12%, 599 , 11.4 ,10.61,722," 4,491 "," 28,960 ",22.2,1,0,0,0
1,debt_consolidation,16%, 879 , 11.6 ,10.8,732," 6,210 "," 33,107 ",98.8,1,0,0,0
1,debt_consolidation,17%, 710 , 11.5 ,15.82,672," 7,200 "," 14,977 ",36.7,0,2,0,0
1,debt_consolidation,12%, 663 , 11.5 ,19.93,737," 4,890 "," 41,347 ",56.6,2,0,0,0
1,all_other,8%, 153 , 11.2 ,4.64,767," 5,073 "," 10,788 ",27.7,1,0,0,0
1,debt_consolidation,12%, 663 , 11.2 ,10.72,737," 5,040 "," 2,261 ",17.5,0,0,0,1
1,credit_card,12%, 666 , 10.9 ,23.72,727," 5,520 "," 38,043 ",52.6,1,0,0,0
1,credit_card,9%, 127 , 10.8 ,18.59,722," 5,430 "," 4,692 ",35.3,0,0,0,0
1,credit_card,9%, 318 , 10.9 ,7.68,737," 5,160 "," 6,525 ",7.8,3,0,0,0
1,debt_consolidation,14%, 222 , 10.1 ,16.2,672," 2,430 "," 7,893 ",59.3,1,0,0,0
1,debt_consolidation,12%, 249 , 11.2 ,18.88,707," 2,928 "," 8,652 ",29.6,2,1,0,0
1,credit_card,13%, 402 , 11.2 ,23.14,702," 4,470 "," 25,498 ",64.6,2,0,0,0
1,all_other,11%, 181 , 9.6 ,12.08,707," 3,280 "," 5,282 ",30,3,0,0,0
1,all_other,14%, 51 , 11.0 ,20.6,667," 9,840 "," 19,112 ",82,1,0,0,0
1,debt_consolidation,12%, 808 , 10.9 ,17.41,737," 4,111 "," 28,559 ",73.2,0,0,0,1
1,debt_consolidation,12%, 833 , 11.7 ,3.48,757," 9,780 "," 10,227 ",40.1,1,0,0,0
1,all_other,16%, 309 , 11.2 ,3.05,662," 3,420 "," 7,427 ",81.2,0,0,0,0
1,debt_consolidation,11%, 246 , 10.7 ,7.18,762," 4,770 "," 6,126 ",21.1,1,0,0,0
1,home_improvement,9%, 254 , 11.5 ,8.82,742," 5,730 "," 21,275 ",50.2,0,0,0,0
1,debt_consolidation,7%, 155 , 10.7 ,13.58,777," 4,020 "," 37,803 ",35.2,0,0,0,0
1,credit_card,11%, 164 , 11.2 ,12.65,742," 1,950 "," 5,238 ",73.4,0,0,0,0
1,credit_card,12%, 233 , 10.8 ,15.69,702," 5,640 "," 15,239 ",81.9,0,0,0,0
1,debt_consolidation,11%, 295 , 10.6 ,9.9,732," 5,460 "," 9,305 ",25.5,0,1,0,0
1,major_purchase,12%, 133 , 11.1 ,19.84,697," 3,210 "," 20,908 ",67.7,2,0,0,0
1,credit_card,14%, 713 , 11.9 ,13.95,707," 6,270 "," 25,547 ",32.1,0,0,0,0
1,debt_consolidation,11%, 239 , 10.2 ,21.32,717," 3,331 "," 6,528 ",72.5,0,0,0,0
1,credit_card,12%, 766 , 11.3 ,8.58,742," 3,990 "," 26,552 ",49.2,2,0,0,1
1,all_other,18%, 735 , 11.0 ,6.84,667," 1,830 "," 1,820 ",42.3,2,1,0,1
1,credit_card,9%, 190 , 10.8 ,12.65,757," 2,370 ", 119 ,0.5,1,0,0,0
1,debt_consolidation,11%, 525 , 11.3 ,6.51,747," 7,020 "," 14,914 ",56.1,1,0,0,0
1,debt_consolidation,15%, 696 , 11.5 ,9.28,697," 2,610 "," 11,219 ",32.4,0,1,0,0
1,all_other,11%, 656 , 11.2 ,11.31,777," 3,000 "," 1,126 ",7.9,0,0,0,0
1,all_other,12%, 149 , 10.1 ,0.99,792," 3,511 ", 117 ,8.4,5,0,0,0
1,debt_consolidation,8%, 200 , 10.5 ,18.07,752," 3,210 "," 7,994 ",24.7,0,0,0,0
1,credit_card,9%, 316 , 10.5 ,14.85,757," 6,210 "," 15,889 ",42.6,0,0,0,0
1,debt_consolidation,12%, 158 , 11.8 ,23.49,697," 5,520 "," 24,235 ",73.7,1,0,0,0
1,debt_consolidation,14%, 137 , 10.3 ,11.32,672," 1,590 "," 2,816 ",52.1,0,1,0,0
1,debt_consolidation,14%, 290 , 10.6 ,16.05,697," 1,980 "," 13,013 ",66.1,1,0,0,1
1,all_other,7%, 62 , 11.0 ,10.04,757," 4,351 "," 3,370 ",11.7,0,0,0,0
1,debt_consolidation,9%, 190 , 10.2 ,9.45,762," 2,850 ", 21 ,0.1,0,0,0,0
1,debt_consolidation,13%, 837 , 11.3 ,13.63,732," 6,275 "," 25,036 ",45.4,3,0,0,0
1,debt_consolidation,16%, 534 , 10.6 ,13.91,667," 5,460 "," 21,756 ",75.7,0,1,0,0
1,all_other,13%, 608 , 11.3 ,19.33,702," 4,838 "," 4,556 ",47,1,0,0,0
1,educational,13%, 251 , 10.9 ,4.49,697," 2,610 "," 6,644 ",44.9,1,0,0,0
1,debt_consolidation,13%, 268 , 10.3 ,19.22,692," 1,950 "," 11,664 ",60.7,0,0,0,0
1,all_other,9%, 286 , 10.8 ,16.35,737," 4,050 "," 9,348 ",22.2,3,0,0,0
1,credit_card,11%, 82 , 10.9 ,6.2,712," 2,646 "," 6,252 ",64.5,3,0,0,0
1,home_improvement,13%, 669 , 12.0 ,3.43,717," 4,380 "," 3,670 ",18.9,0,0,0,0
1,all_other,14%, 82 , 10.2 ,21,732," 7,560 "," 6,704 ",98.6,1,0,0,1
1,debt_consolidation,13%, 237 , 11.4 ,14.25,687," 6,960 "," 19,351 ",89.6,0,1,0,0
1,home_improvement,13%, 336 , 10.5 ,12.17,717," 2,310 "," 5,348 ",76.4,1,0,0,0
1,all_other,14%, 102 , 11.5 ,10.19,677," 1,710 "," 4,041 ",87.8,2,0,0,0
1,all_other,15%, 836 , 11.2 ,13.78,682," 8,700 "," 15,268 ",57.7,0,0,1,0
1,major_purchase,13%, 118 , 11.1 ,14.33,707," 3,660 "," 20,870 ",96.2,0,0,0,0
1,all_other,9%, 316 , 10.9 ,13.85,752," 5,910 "," 10,862 ",28.5,2,0,0,0
1,all_other,16%, 140 , 9.5 ,3.42,667," 1,710 ", 894 ,59.6,1,0,0,0
1,all_other,8%, 312 , 11.2 ,3.42,777," 9,570 "," 11,381 ",34.7,0,0,0,0
1,all_other,9%, 286 , 10.4 ,4.91,737," 1,860 "," 2,354 ",24.5,0,0,0,0
1,all_other,14%, 717 , 11.1 ,17.95,697," 4,920 "," 14,533 ",80.7,0,0,0,1
1,credit_card,14%, 638 , 11.5 ,17.26,682," 4,230 "," 19,780 ",48.8,0,0,0,0
1,credit_card,9%, 175 , 10.9 ,13.71,727," 2,702 "," 5,677 ",32.6,1,0,0,0
1,educational,9%, 159 , 10.8 ,13.27,742," 2,130 "," 4,676 ",18,0,0,0,0
1,all_other,13%, 169 , 10.6 ,13.49,717," 3,330 "," 14,953 ",97.7,0,0,0,1
1,debt_consolidation,13%, 67 , 11.0 ,4.12,687," 3,600 "," 3,021 ",18.1,1,0,0,0
1,all_other,12%, 67 , 10.8 ,14.83,692," 2,250 "," 7,975 ",67.6,1,0,0,0
1,credit_card,13%, 338 , 10.8 ,7.44,692," 2,070 "," 7,408 ",31.9,2,0,0,0
1,all_other,21%, 94 , 10.7 ,0.53,662," 2,029 "," 2,106 ",91.6,3,0,0,1
1,home_improvement,16%, 70 , 11.2 ,6.61,667," 2,709 ", -   ,0,1,0,0,0
1,all_other,13%, 168 , 10.5 ,18.23,682," 9,600 "," 7,790 ",82,3,0,0,0
1,all_other,13%, 336 , 10.1 ,8.45,697," 3,750 "," 1,303 ",18.4,0,1,0,0
1,educational,14%, 172 , 11.5 ,12.18,667," 2,670 "," 28,370 ",40.3,2,0,0,0
1,all_other,12%, 199 , 11.0 ,18.82,717," 5,040 "," 15,638 ",93.1,1,0,0,1
1,debt_consolidation,14%, 412 , 10.2 ,10.85,682," 1,620 "," 9,106 ",52.6,0,0,0,0
1,credit_card,12%, 666 , 11.3 ,9.79,727," 6,000 "," 30,611 ",81,2,0,0,0
1,credit_card,16%, 177 , 11.3 ,14.33,707," 5,490 "," 73,241 ",98.5,0,0,0,0
1,small_business,15%, 870 , 11.3 ,0.81,797," 6,510 "," 3,656 ",11.8,1,0,0,0
1,credit_card,9%, 159 , 11.4 ,15.02,732," 6,212 "," 83,356 ",41.7,0,0,0,0
1,all_other,14%, 615 , 11.3 ,16.57,697," 3,720 "," 1,887 ",94.3,0,0,0,0
1,all_other,12%, 107 , 10.4 ,19.84,697," 4,620 "," 1,568 ",71.3,2,0,1,0
1,all_other,12%, 99 , 11.3 ,23.67,697," 7,380 "," 17,829 ",66.3,3,0,0,1
1,all_other,9%, 111 , 10.8 ,15.8,722," 3,870 "," 10,659 ",76.4,0,0,0,1
1,debt_consolidation,15%, 554 , 11.6 ,9.87,692," 4,500 "," 34,896 ",87.5,2,0,0,0
1,debt_consolidation,18%, 720 , 11.8 ,19.85,672," 4,080 "," 34,863 ",90.8,1,0,1,0
1,credit_card,9%, 316 , 11.2 ,15.38,757," 5,100 "," 15,315 ",41.2,0,0,0,0
1,debt_consolidation,13%, 243 , 11.0 ,14.42,682," 6,210 "," 23,079 ",74.9,0,0,0,0
1,debt_consolidation,12%, 333 , 10.5 ,10.2,712," 4,033 "," 8,753 ",48.9,0,0,0,0
1,all_other,13%, 242 , 11.0 ,14.34,687," 1,860 "," 1,068 ",10.9,0,0,0,0
1,debt_consolidation,14%, 341 , 11.1 ,21.65,707," 5,550 "," 19,641 ",86.5,0,0,0,0
1,home_improvement,13%, 669 , 11.0 ,2.6,747," 3,570 "," 6,621 ",76.1,2,0,0,0
1,major_purchase,13%, 168 , 10.6 ,20.14,682," 3,930 "," 2,035 ",40,2,1,0,0
1,debt_consolidation,9%, 389 , 10.4 ,12.6,752," 6,870 "," 15,954 ",41.1,1,0,0,0
1,debt_consolidation,14%, 256 , 10.5 ,14.06,682," 2,010 "," 13,089 ",69.3,0,0,0,0
1,all_other,12%, 83 , 10.7 ,22.41,687," 4,380 "," 14,589 ",34.9,1,0,0,1
1,credit_card,12%, 833 , 11.3 ,22.44,742," 5,411 "," 44,790 ",35.2,1,0,0,0
1,all_other,8%, 125 , 11.6 ,6.02,787," 4,230 ", 337 ,1.9,0,0,0,0
1,all_other,13%, 324 , 11.5 ,11.44,692," 4,770 "," 4,533 ",14.3,0,4,0,0
1,small_business,21%, 756 , 11.2 ,5.72,672," 1,440 ", 500 ,83.3,1,0,0,0
1,debt_consolidation,15%, 173 , 10.3 ,14.69,672," 4,800 "," 11,886 ",90,0,0,0,0
1,small_business,16%, 844 , 11.9 ,7.01,727," 4,778 "," 17,161 ",26,1,1,0,0
1,debt_consolidation,13%, 485 , 10.2 ,15.13,747," 4,771 "," 11,423 ",68.4,0,0,0,0
1,debt_consolidation,12%, 417 , 10.8 ,20.14,717," 3,660 "," 10,682 ",54.7,0,0,0,0
1,all_other,12%, 117 , 10.6 ,18.18,712," 4,770 "," 6,381 ",66.5,1,0,1,0
1,credit_card,14%, 510 , 11.0 ,17.22,692," 2,850 "," 13,030 ",66.6,1,0,0,0
1,debt_consolidation,12%, 199 , 11.2 ,3.44,707," 3,330 "," 7,269 ",38.7,0,0,0,0
1,all_other,14%, 137 , 10.5 ,9.92,667," 5,100 "," 2,822 ",37.1,1,0,0,0
1,debt_consolidation,11%, 329 , 11.8 ,20.19,702," 3,660 "," 10,288 ",64.3,0,0,0,0
1,small_business,19%, 557 , 10.9 ,2.38,717," 4,740 ", 491 ,98.2,0,0,0,0
1,home_improvement,15%, 690 , 11.4 ,9.91,687," 6,780 ", 239 ,3.5,1,0,0,0
1,debt_consolidation,12%, 400 , 11.0 ,17.86,707," 7,170 "," 17,035 ",58.7,1,0,0,0
1,debt_consolidation,12%, 257 , 10.0 ,17.43,707," 2,130 "," 11,212 ",44.5,1,0,0,0
1,debt_consolidation,9%, 381 , 10.9 ,10.26,767," 3,810 "," 4,553 ",15.2,0,0,0,0
1,debt_consolidation,12%, 398 , 11.5 ,2.09,717," 4,590 "," 5,652 ",22.3,0,0,0,0
1,debt_consolidation,15%, 348 , 10.3 ,18.6,667," 4,980 "," 9,092 ",68.4,1,0,0,0
1,debt_consolidation,9%, 381 , 10.8 ,2.78,782," 5,405 "," 6,877 ",20,0,0,0,0
1,major_purchase,9%, 48 , 10.9 ,7.27,717," 11,400 "," 2,504 ",21.4,0,1,0,0
1,debt_consolidation,9%, 222 , 10.6 ,18.42,742," 2,670 "," 5,416 ",55.3,0,0,0,0
1,major_purchase,9%, 477 , 10.6 ,20.4,802," 6,510 "," 3,823 ",9,0,0,0,0
1,all_other,14%, 446 , 10.6 ,23.85,687," 4,440 "," 24,119 ",91.7,0,0,0,0
1,debt_consolidation,15%, 840 , 11.1 ,21.74,687," 8,189 "," 43,703 ",77.8,0,0,0,0
1,debt_consolidation,14%, 598 , 11.7 ,23.83,692," 6,965 "," 51,344 ",81.5,1,0,0,0
1,all_other,13%, 33 , 10.2 ,20.19,682," 2,460 "," 1,697 ",39.5,1,0,0,0
1,all_other,13%, 141 , 10.3 ,18.36,687," 2,700 "," 3,368 ",32.7,2,0,0,0
1,debt_consolidation,15%, 844 , 11.3 ,24.3,692," 4,290 "," 26,324 ",86.6,0,0,0,0
1,debt_consolidation,13%, 336 , 10.4 ,21.42,707," 5,100 "," 14,096 ",86,1,0,0,0
1,debt_consolidation,11%, 165 , 11.0 ,8.67,712," 5,190 "," 1,885 ",19.6,0,0,1,1
1,credit_card,9%, 250 , 11.4 ,15.2,812," 10,320 "," 3,950 ",4.9,0,0,0,0
1,credit_card,8%, 187 , 11.6 ,6.89,762," 5,880 "," 7,903 ",25,0,0,0,0
1,debt_consolidation,9%, 285 , 12.0 ,10.32,767," 6,930 "," 126,088 ",27,0,0,0,0
1,debt_consolidation,13%, 168 , 10.6 ,20.01,697," 2,760 "," 5,066 ",84.4,1,0,0,0
1,all_other,7%, 140 , 11.0 ,12.76,782," 3,812 "," 8,432 ",20.4,1,0,0,0
1,debt_consolidation,16%, 527 , 10.9 ,10.08,667," 4,410 "," 16,486 ",52.7,0,0,0,0
1,all_other,13%, 608 , 10.8 ,12.33,732," 3,900 "," 4,646 ",55.2,1,0,0,1
1,debt_consolidation,11%, 198 , 11.1 ,18.11,712," 4,050 "," 21,384 ",82.2,0,0,0,0
1,debt_consolidation,12%, 804 , 11.5 ,3,767," 6,314 "," 5,444 ",9.7,0,0,0,0
1,major_purchase,18%, 288 , 10.6 ,8.91,667," 1,200 "," 1,825 ",67.6,3,1,0,0
1,all_other,9%, 127 , 9.9 ,3.88,722," 4,079 "," 1,146 ",19.4,0,0,0,0
1,credit_card,14%, 528 , 11.7 ,7.98,682," 7,650 "," 27,205 ",87.8,0,1,0,0
1,small_business,16%, 875 , 10.9 ,4.25,742," 2,880 "," 7,783 ",22.6,2,0,0,0
1,all_other,9%, 381 , 11.1 ,10.14,752," 3,755 ", 700 ,5.1,3,0,0,0
1,debt_consolidation,16%, 227 , 10.5 ,14.97,662," 4,290 "," 4,357 ",92.7,1,0,0,1
1,all_other,11%, 106 , 11.6 ,6.63,722," 3,990 "," 20,002 ",67.8,0,0,0,0
1,debt_consolidation,13%, 525 , 10.6 ,22.04,707," 3,630 "," 15,556 ",81.4,0,0,0,0
1,credit_card,9%, 159 , 10.6 ,14.16,767," 3,630 "," 4,463 ",28.8,0,0,0,0
1,all_other,13%, 214 , 11.0 ,18.22,697," 7,230 "," 6,917 ",73.6,0,0,0,0
1,major_purchase,14%, 170 , 10.5 ,14.05,697," 3,480 ", 233 ,46.6,0,1,0,0
1,debt_consolidation,14%, 408 , 11.5 ,0.18,712," 5,970 ", 440 ,7.9,1,0,0,0
1,all_other,12%, 530 , 10.6 ,9.6,732," 9,840 "," 9,082 ",35.1,2,2,0,0
1,debt_consolidation,11%, 105 , 10.3 ,5.04,732," 2,670 "," 6,383 ",46.6,0,0,0,0
1,major_purchase,14%, 119 , 11.4 ,16.05,672," 7,080 "," 10,977 ",70.8,0,0,2,0
1,credit_card,11%, 198 , 11.2 ,11.9,707," 4,110 "," 18,103 ",59.5,3,0,0,0
1,all_other,13%, 84 , 10.4 ,13.86,687," 6,780 "," 7,565 ",27,1,2,0,0
1,all_other,12%, 139 , 9.3 ,0,747," 2,970 ", -   ,0,2,0,0,0
1,debt_consolidation,15%, 624 , 10.8 ,10.71,717," 5,400 "," 18,632 ",98.1,0,0,0,0
1,debt_consolidation,9%, 318 , 11.5 ,7.62,737," 4,830 "," 20,574 ",38.2,2,0,0,0
1,debt_consolidation,8%, 187 , 11.4 ,15.89,762," 8,730 "," 37,397 ",29,0,0,0,0
1,debt_consolidation,12%, 99 , 10.6 ,14.46,697," 3,090 "," 6,297 ",76.8,1,0,0,0
1,debt_consolidation,15%, 243 , 10.7 ,12.66,662," 5,250 "," 3,294 ",70.1,1,0,0,1
1,home_improvement,12%, 497 , 11.0 ,11.7,732," 3,721 "," 30,697 ",55.9,0,0,0,0
1,debt_consolidation,13%, 269 , 10.8 ,5.3,692," 8,070 "," 7,710 ",35.1,0,2,0,0
1,home_improvement,8%, 312 , 10.8 ,7.98,777," 3,510 ", 696 ,15.5,0,0,0,0
1,all_other,11%, 656 , 11.7 ,9.55,772," 6,120 "," 26,701 ",43.1,0,0,0,0
1,debt_consolidation,12%, 431 , 11.3 ,12.87,717," 2,220 "," 14,331 ",37.8,1,0,0,0
1,debt_consolidation,12%, 298 , 10.4 ,17.12,712," 3,030 "," 13,533 ",42.3,1,0,0,0
1,debt_consolidation,13%, 689 , 11.5 ,14.45,722," 4,291 "," 13,171 ",51.8,3,0,0,0
1,debt_consolidation,13%, 338 , 10.5 ,8.3,687," 2,280 "," 8,989 ",36.2,0,0,0,0
1,credit_card,14%, 285 , 11.0 ,21.34,677," 6,270 "," 55,072 ",87.8,0,0,0,0
1,all_other,9%, 286 , 10.8 ,21.19,737," 5,820 "," 10,325 ",30.1,0,0,1,0
1,all_other,15%, 172 , 10.5 ,16.57,742," 5,400 ", -   ,34.5,0,0,0,0
1,all_other,11%, 66 , 10.1 ,21.45,712," 4,350 ", 560 ,70,3,1,0,0
1,all_other,12%, 99 , 10.8 ,23.93,712," 5,580 ", -   ,0,2,0,0,0
1,credit_card,9%, 477 , 11.5 ,2.14,782," 11,010 "," 8,057 ",17.4,2,0,0,0
1,all_other,15%, 173 , 10.3 ,24.4,662," 2,880 "," 1,451 ",46.8,0,1,0,1
1,all_other,14%, 326 , 11.0 ,13.2,677," 4,050 "," 9,164 ",47,1,0,0,0
1,credit_card,11%, 412 , 11.1 ,1.63,732," 3,600 "," 19,898 ",36.4,2,0,0,0
1,debt_consolidation,13%, 475 , 10.7 ,9.17,692," 3,540 "," 10,163 ",61.6,1,0,0,0
1,educational,15%, 218 , 9.9 ,15.13,662," 8,490 "," 4,815 ",94.4,0,1,0,0
1,debt_consolidation,9%, 381 , 11.5 ,15.64,757," 12,990 "," 4,779 ",17.1,0,0,0,0
1,debt_consolidation,9%, 477 , 11.6 ,12.53,777," 10,800 "," 8,118 ",5.9,0,0,0,0
1,all_other,19%, 294 , 11.7 ,11.79,667," 4,410 "," 17,267 ",29.1,3,0,0,0
1,debt_consolidation,9%, 143 , 10.1 ,13.86,762," 2,970 "," 4,659 ",30.1,0,0,0,0
1,home_improvement,9%, 397 , 12.1 ,4.26,772," 5,103 "," 31,141 ",0.4,2,0,0,1
1,all_other,14%, 54 , 9.4 ,21.46,712," 1,470 ", -   ,0,3,0,0,1
1,debt_consolidation,13%, 213 , 10.3 ,5.28,772," 11,040 "," 14,581 ",98,1,0,0,0
1,debt_consolidation,11%, 590 , 11.2 ,10.7,752," 4,320 "," 22,093 ",23.7,0,0,0,0
1,debt_consolidation,13%, 507 , 11.2 ,1.66,692," 3,602 "," 17,109 ",81.5,2,0,0,0
1,all_other,15%, 173 , 9.6 ,11,697," 1,230 "," 2,367 ",56.4,0,0,0,1
1,educational,9%, 159 , 10.6 ,7.71,727," 5,280 "," 6,453 ",35.1,0,0,0,0
1,educational,8%, 156 , 10.3 ,17.28,752," 2,612 "," 20,385 ",18.5,0,0,0,0
1,educational,13%, 101 , 9.8 ,3.89,677," 3,150 "," 1,366 ",85.4,1,0,0,0
1,major_purchase,13%, 168 , 10.5 ,8.7,692," 2,672 "," 4,434 ",31,3,1,0,0
1,credit_card,9%, 120 , 10.1 ,5.33,792," 7,830 "," 2,456 ",8.1,3,0,0,0
1,debt_consolidation,12%, 296 , 10.8 ,12.68,707," 3,570 "," 9,943 ",61.8,3,0,0,0
1,debt_consolidation,13%, 812 , 11.4 ,11.41,732," 3,961 "," 7,404 ",54.8,1,0,0,0
1,debt_consolidation,13%, 561 , 10.4 ,17.38,717," 2,040 ", -   ,0,1,1,0,0
1,all_other,13%, 572 , 10.6 ,18.03,717," 3,120 "," 3,629 ",82.5,0,0,0,0
1,debt_consolidation,13%, 336 , 11.5 ,21.28,717," 5,670 "," 9,470 ",31.4,1,0,0,0
1,all_other,12%, 333 , 10.3 ,24.56,707," 2,430 "," 27,735 ",41.6,3,0,0,1
1,debt_consolidation,15%, 522 , 10.6 ,12.33,682," 1,440 "," 5,365 ",78.9,0,0,0,0
1,all_other,15%, 225 , 11.0 ,1.08,697," 1,200 ", -   ,0,3,3,0,1
1,debt_consolidation,13%, 338 , 11.5 ,8.29,687," 4,290 "," 14,822 ",76.4,0,0,0,1
1,debt_consolidation,9%, 222 , 10.8 ,14.4,722," 3,750 "," 1,821 ",31.4,2,0,0,0
1,debt_consolidation,12%, 497 , 11.0 ,7.78,727," 6,150 "," 12,609 ",67.1,0,0,0,0
1,all_other,11%, 158 , 11.5 ,23.76,742," 6,240 "," 57,542 ",24.2,0,0,0,0
1,all_other,11%, 459 , 12.0 ,4.76,662," 3,300 "," 7,044 ",61.8,1,0,0,0
1,major_purchase,15%, 310 , 10.3 ,15.44,677," 3,690 "," 3,971 ",58.4,0,0,0,1
1,debt_consolidation,13%, 311 , 10.0 ,15.44,687," 4,573 "," 4,806 ",27.2,0,0,0,0
1,debt_consolidation,15%, 348 , 11.4 ,16.33,672," 10,845 "," 17,768 ",65.8,1,0,1,0
1,credit_card,13%, 287 , 11.2 ,7.73,687," 7,950 "," 4,167 ",19.8,1,1,0,0
1,all_other,14%, 343 , 10.7 ,0.78,692," 4,800 ", 966 ,48.3,3,0,0,0
1,all_other,16%, 350 , 10.5 ,14.97,662," 3,810 "," 11,147 ",82.6,2,0,0,0
1,small_business,14%, 427 , 11.8 ,4.95,787," 10,260 "," 12,115 ",14.1,1,0,0,0
1,debt_consolidation,13%, 269 , 10.9 ,17.16,687," 2,970 "," 4,022 ",82.1,2,0,0,0
1,major_purchase,15%, 87 , 13.0 ,0.18,712," 1,710 ", -   ,52.7,1,0,0,0
1,credit_card,13%, 368 , 10.8 ,16.78,707," 10,200 "," 4,877 ",46,2,0,0,0
1,debt_consolidation,13%, 505 , 11.0 ,10.86,702," 3,630 "," 23,369 ",58,2,0,0,0
1,debt_consolidation,13%, 283 , 10.5 ,21.36,687," 2,191 "," 8,039 ",75.8,0,0,0,0
1,debt_consolidation,11%, 433 , 11.7 ,7.62,752," 6,240 "," 1,847 ",4.6,0,0,0,0
1,major_purchase,13%, 203 , 11.1 ,10.96,682," 4,410 "," 20,531 ",85.9,2,0,0,0
1,debt_consolidation,14%, 624 , 10.9 ,15.65,682," 2,610 "," 17,506 ",76.4,3,0,0,0
1,all_other,12%, 166 , 9.9 ,13.02,702," 3,960 "," 2,177 ",31.6,2,0,0,0
1,all_other,9%, 285 , 10.7 ,21.99,762," 7,830 "," 9,519 ",17.8,3,0,0,0
1,debt_consolidation,11%, 98 , 10.2 ,14.67,762," 4,800 ", 543 ,54.3,0,0,0,0
1,debt_consolidation,15%, 862 , 11.2 ,22.62,712," 4,140 "," 32,484 ",52.7,0,0,0,0
1,major_purchase,12%, 599 , 11.1 ,13.9,717," 3,780 "," 6,683 ",55.7,0,0,0,1
1,all_other,14%, 340 , 11.6 ,21.32,682," 4,740 "," 21,476 ",37.9,2,1,0,0
1,debt_consolidation,15%, 172 , 10.4 ,18.62,667," 3,030 "," 5,134 ",77.8,1,0,0,1
1,small_business,16%, 247 , 11.2 ,2.57,707," 1,710 "," 7,786 ",30.5,0,0,0,0
1,major_purchase,9%, 237 , 11.6 ,7.39,777," 8,161 ", 284 ,0.9,0,0,0,0
1,debt_consolidation,15%, 277 , 11.7 ,11.7,667," 7,027 "," 18,131 ",81.1,3,0,0,0
1,major_purchase,18%, 116 , 9.7 ,6.38,697," 1,170 "," 1,594 ",99.6,0,0,0,0
1,all_other,9%, 158 , 11.0 ,16.3,732," 4,110 "," 7,739 ",32.8,0,0,0,0
1,debt_consolidation,13%, 269 , 11.8 ,16.59,687," 4,140 "," 43,312 ",79.9,0,0,0,0
1,debt_consolidation,14%, 204 , 10.0 ,20.19,702," 1,920 "," 4,961 ",88.6,1,0,0,0
1,debt_consolidation,12%, 166 , 10.5 ,15.17,742," 4,804 "," 3,024 ",33.26,1,0,0,0
1,debt_consolidation,12%, 200 , 11.3 ,19.88,702," 3,750 "," 9,993 ",88.4,0,0,0,0
1,small_business,19%, 384 , 11.1 ,11.74,662," 1,512 "," 6,273 ",43.6,2,0,0,0
1,educational,13%, 135 , 10.6 ,13.69,677," 1,920 "," 8,661 ",68.2,2,0,1,0
1,all_other,7%, 93 , 10.9 ,22.82,777," 7,110 ", -   ,0,0,0,0,0
1,all_other,7%, 99 , 11.2 ,11.98,772," 5,790 "," 2,079 ",2,2,0,0,0
1,credit_card,11%, 52 , 11.2 ,0.45,717," 1,920 ", 490 ,2,2,0,0,0
1,credit_card,11%, 69 , 10.4 ,13.39,702," 2,520 "," 14,878 ",37.7,1,0,0,0
1,debt_consolidation,12%, 278 , 10.8 ,5.67,712," 2,341 "," 9,033 ",33.3,1,0,0,0
1,home_improvement,15%, 348 , 11.3 ,6.59,662," 4,020 "," 4,082 ",60.9,2,0,0,0
1,all_other,15%, 190 , 11.0 ,20.38,667," 5,376 "," 14,103 ",58,0,0,0,0
1,debt_consolidation,14%, 683 , 11.7 ,21.64,697," 3,870 "," 72,682 ",64.6,1,0,0,0
1,major_purchase,17%, 107 , 10.7 ,13.41,672," 4,650 "," 2,041 ",72.9,0,0,0,0
1,debt_consolidation,9%, 32 , 13.6 ,1.39,717," 2,820 "," 4,202 ",10.9,2,0,0,0
1,educational,9%, 32 , 10.9 ,10.69,757," 9,960 "," 17,069 ",11.3,1,0,0,0
1,home_improvement,14%, 185 , 10.5 ,18.37,667," 5,130 "," 6,890 ",47.2,2,0,0,0
1,debt_consolidation,12%, 599 , 11.4 ,11.93,717," 3,240 "," 64,394 ",80.7,0,0,0,0
1,debt_consolidation,11%, 412 , 11.7 ,9.43,732," 6,600 "," 4,365 ",49,0,0,0,0
1,all_other,19%, 590 , 11.1 ,19.36,667," 3,810 "," 9,605 ",86.5,3,0,0,1
1,all_other,12%, 828 , 10.8 ,21.45,777," 3,662 "," 1,113 ",4.5,1,0,0,0
1,debt_consolidation,13%, 268 , 11.0 ,8.58,697," 6,060 "," 7,473 ",50.8,0,0,0,0
1,all_other,14%, 849 , 12.5 ,9.3,717," 7,140 "," 19,048 ",50.9,2,0,0,0
1,credit_card,13%, 254 , 10.6 ,13.31,682," 4,153 "," 8,103 ",51.9,0,0,0,0
1,debt_consolidation,12%, 431 , 10.6 ,24.31,712," 2,280 "," 7,834 ",55.2,0,0,0,0
1,debt_consolidation,13%, 135 , 10.1 ,22.55,677," 1,920 "," 7,679 ",38.8,1,0,0,0
1,credit_card,11%, 148 , 10.6 ,0,772," 5,520 ", -   ,0,0,0,0,0
1,all_other,15%, 125 , 10.1 ,4.75,662," 2,310 "," 2,188 ",91.2,0,1,0,1
1,all_other,9%, 316 , 11.5 ,9.33,802," 5,760 "," 2,890 ",4.7,0,0,0,0
1,major_purchase,8%, 31 , 11.5 ,0.43,752," 2,130 "," 1,641 ",4,1,0,0,0
1,major_purchase,8%, 81 , 10.3 ,20.13,787," 4,680 "," 1,940 ",24.2,0,0,0,0
1,debt_consolidation,13%, 686 , 10.6 ,17.38,712," 3,876 "," 18,061 ",78.2,1,0,0,0
1,all_other,7%, 186 , 11.3 ,2.9,772," 5,628 "," 9,649 ",17.8,1,0,0,0
1,all_other,8%, 312 , 14.0 ,0.8,807," 11,700 "," 7,729 ",12.9,0,0,0,0
1,debt_consolidation,13%, 169 , 10.8 ,3.26,687," 1,500 "," 3,062 ",33.3,1,0,0,1
1,debt_consolidation,13%, 406 , 10.2 ,3.7,767," 3,750 "," 4,809 ",43.3,0,0,0,0
1,credit_card,11%, 328 , 12.0 ,10.79,722," 8,340 "," 3,441 ",41.9,3,0,0,0
1,home_improvement,13%, 101 , 10.4 ,22.74,677," 5,310 "," 8,109 ",33,1,0,0,0
1,home_improvement,14%, 204 , 11.8 ,9.51,677," 8,430 "," 43,724 ",67.6,1,1,0,0
1,all_other,12%, 166 , 10.8 ,24.39,702," 5,460 "," 8,873 ",63.4,1,0,1,0
1,credit_card,11%, 82 , 10.3 ,19.88,757," 2,280 "," 1,781 ",35.6,0,0,0,0
1,all_other,13%, 406 , 10.6 ,1.83,697," 2,163 "," 2,032 ",37.6,1,0,0,0
1,home_improvement,13%, 172 , 11.2 ,9.14,692," 3,720 "," 1,999 ",54,3,0,0,1
1,credit_card,14%, 549 , 11.4 ,12.71,687," 5,264 "," 16,799 ",74.7,1,1,0,0
1,all_other,14%, 274 , 10.4 ,16.22,687," 3,330 ", 811 ,54.1,0,0,0,0
1,major_purchase,13%, 216 , 11.1 ,15.15,677," 4,020 "," 32,213 ",48.4,2,0,0,0
1,major_purchase,13%, 131 , 9.9 ,24.13,697," 2,490 ", 714 ,31,1,0,0,0
1,all_other,11%, 492 , 11.0 ,0,797," 7,080 ", -   ,0,1,0,0,0
1,debt_consolidation,11%, 478 , 11.3 ,6.88,752," 7,592 "," 18,003 ",35,5,0,0,0
1,major_purchase,8%, 156 , 11.6 ,6.24,752," 5,491 "," 12,174 ",22.4,0,0,0,0
1,debt_consolidation,14%, 85 , 10.7 ,16.54,672," 3,690 "," 2,271 ",87.3,1,1,0,0
1,all_other,14%, 34 , 9.9 ,8.34,667," 1,710 "," 3,449 ",69,1,0,0,0
1,debt_consolidation,13%, 168 , 11.4 ,22.43,677," 4,140 "," 44,084 ",65.1,1,0,0,0
1,debt_consolidation,9%, 318 , 11.7 ,6.34,737," 2,310 "," 12,077 ",71.7,1,0,0,0
1,credit_card,12%, 833 , 11.3 ,17.62,742," 4,290 "," 13,263 ",35.5,0,0,0,0
1,debt_consolidation,14%, 239 , 10.1 ,14.14,702," 1,230 ", 373 ,41.4,0,0,0,0
1,debt_consolidation,9%, 32 , 10.5 ,1.9,737," 2,730 ", 603 ,2.2,0,0,0,0
1,credit_card,14%, 408 , 11.5 ,11.48,712," 7,139 "," 21,006 ",95,0,0,0,0
1,debt_consolidation,14%, 510 , 11.6 ,9.43,687," 3,720 "," 29,988 ",83.1,0,0,0,0
1,small_business,18%, 540 , 11.4 ,7.15,692," 4,410 ", 692 ,11.5,0,1,0,1
1,all_other,9%, 67 , 9.4 ,5.8,732," 2,310 "," 1,316 ",4.1,0,1,0,0
1,all_other,14%, 384 , 10.8 ,12.55,682," 1,927 "," 11,969 ",82.5,0,0,0,0
1,all_other,11%, 165 , 10.1 ,11,732," 2,612 "," 4,159 ",59.4,1,0,0,0
1,debt_consolidation,12%, 666 , 10.8 ,7.61,727," 3,180 "," 10,241 ",38.5,1,0,0,0
1,debt_consolidation,14%, 384 , 11.2 ,5.83,677," 3,990 "," 9,956 ",63,0,0,0,0
1,debt_consolidation,13%, 562 , 10.8 ,8.21,732," 2,160 "," 21,589 ",84.9,0,0,0,0
1,debt_consolidation,14%, 476 , 11.7 ,15.43,702," 4,140 "," 27,016 ",81.9,0,0,0,1
1,home_improvement,9%, 32 , 10.9 ,3.59,802," 7,350 "," 3,575 ",2.8,5,0,0,0
1,all_other,9%, 32 , 11.2 ,13.62,747," 3,690 ", 23 ,0.1,1,0,0,0
1,all_other,14%, 515 , 11.5 ,1.09,687," 2,940 "," 3,098 ",72,0,0,0,0
1,major_purchase,8%, 112 , 11.1 ,1.41,737," 10,320 "," 2,907 ",21.9,0,0,0,0
1,all_other,14%, 102 , 9.7 ,14.71,712," 1,140 "," 1,442 ",15.3,3,0,0,0
1,all_other,9%, 381 , 11.4 ,1,787," 5,340 "," 2,740 ",2.1,2,0,0,0
1,small_business,16%, 563 , 11.0 ,19.06,722," 3,570 "," 23,333 ",74.3,0,0,0,0
1,debt_consolidation,12%, 833 , 11.4 ,9.99,742," 7,020 "," 22,915 ",24.1,1,0,0,0
1,all_other,9%, 234 , 11.5 ,6.44,742," 1,747 "," 4,212 ",9.6,0,0,0,0
1,debt_consolidation,13%, 270 , 11.5 ,18.55,682," 4,410 "," 37,175 ",82.8,2,0,0,0
1,all_other,13%, 269 , 11.6 ,15.86,687," 7,890 "," 9,832 ",80.6,3,1,0,0
1,credit_card,8%, 78 , 9.7 ,23.45,727," 12,990 "," 12,003 ",54.1,1,0,0,0
1,all_other,15%, 86 , 10.5 ,17.25,662," 2,250 "," 1,920 ",48,1,0,0,0
1,home_improvement,16%, 879 , 11.6 ,5.12,677," 5,077 "," 13,486 ",36,3,0,0,0
1,debt_consolidation,15%, 103 , 10.7 ,23.2,662," 3,608 "," 1,498 ",62.4,1,0,0,0
1,debt_consolidation,14%, 82 , 10.3 ,19.13,662," 5,220 "," 2,041 ",70.4,0,0,1,1
1,home_improvement,12%, 331 , 10.2 ,0.67,777," 2,700 ", 86 ,6.6,4,0,0,0
1,small_business,19%, 184 , 10.3 ,2.5,697," 4,800 "," 2,077 ",64.9,2,2,0,1
1,debt_consolidation,12%, 282 , 11.0 ,15.36,712," 2,250 "," 6,444 ",41.8,0,0,0,0
1,all_other,12%, 400 , 11.6 ,3.64,717," 4,860 ", 442 ,6.9,0,2,0,0
1,debt_consolidation,15%, 333 , 11.1 ,5.56,667," 4,920 "," 11,028 ",23.5,1,1,0,0
1,all_other,7%, 155 , 11.2 ,2.15,777," 5,250 "," 8,334 ",27.1,0,0,0,0
1,credit_card,13%, 394 , 10.9 ,24.7,697," 7,380 "," 9,201 ",81.4,2,0,0,0
1,home_improvement,14%, 102 , 11.1 ,17.82,682," 4,080 ", 660 ,82.5,0,0,0,0
1,debt_consolidation,8%, 172 , 10.6 ,8.42,757," 3,360 "," 5,338 ",23,1,0,0,0
1,major_purchase,8%, 250 , 11.7 ,0.74,802," 7,141 "," 2,917 ",7.4,0,0,0,0
1,small_business,15%, 554 , 11.2 ,7.02,742," 3,720 "," 9,218 ",24.4,0,0,0,0
1,small_business,21%, 299 , 10.3 ,8.12,677," 1,522 "," 7,327 ",86.2,2,0,0,1
1,debt_consolidation,13%, 505 , 10.8 ,15.39,717," 3,060 "," 15,122 ",61.5,0,0,0,0
1,all_other,15%, 500 , 10.2 ,2.63,712," 13,023 "," 1,318 ",94.1,0,0,0,0
1,debt_consolidation,15%, 693 , 11.7 ,21.04,687," 6,990 "," 93,597 ",89.1,2,0,0,0
1,debt_consolidation,14%, 171 , 11.7 ,21.98,677," 7,050 "," 53,860 ",86.3,3,0,0,0
1,debt_consolidation,12%, 466 , 10.9 ,6.36,732," 3,660 "," 13,719 ",47.6,2,0,0,0
1,all_other,13%, 201 , 11.2 ,2.91,692," 2,670 "," 2,182 ",59,1,2,0,0
1,educational,8%, 187 , 11.3 ,6.75,767," 3,601 "," 3,855 ",16.8,1,0,0,0
1,debt_consolidation,14%, 340 , 10.8 ,21.3,687," 5,490 "," 8,751 ",75.5,0,0,0,1
1,all_other,7%, 31 , 10.7 ,3.84,762," 3,360 "," 2,387 ",6.9,1,0,0,0
1,debt_consolidation,9%, 172 , 11.2 ,10.48,732," 4,650 "," 45,340 ",61.5,1,0,0,0
1,all_other,11%, 33 , 11.0 ,24.46,707," 3,480 "," 3,990 ",14.8,0,0,1,0
1,small_business,15%, 431 , 10.7 ,0.84,772," 2,820 ", 425 ,6.6,2,0,0,0
1,credit_card,9%, 381 , 10.7 ,10.77,757," 7,806 "," 18,115 ",33.1,0,0,0,0
1,home_improvement,12%, 348 , 11.3 ,4.57,777," 5,220 ", 258 ,0.7,0,0,0,1
1,small_business,17%, 541 , 10.2 ,13.16,747," 1,140 ", 29 ,0.3,2,0,0,1
1,home_improvement,9%, 381 , 11.2 ,15.1,762," 3,870 "," 7,937 ",19.2,3,0,0,0
1,debt_consolidation,12%, 599 , 11.5 ,9.28,722," 5,190 "," 10,433 ",45.8,0,0,1,0
1,debt_consolidation,15%, 172 , 10.9 ,2.42,667," 4,050 "," 2,771 ",16.4,0,0,0,0
1,debt_consolidation,11%, 203 , 10.1 ,8.9,737," 4,470 "," 6,143 ",56.4,1,0,0,1
1,debt_consolidation,15%, 866 , 11.4 ,24.19,707," 10,591 "," 13,580 ",48.5,3,0,0,0
1,debt_consolidation,11%, 164 , 11.1 ,13.35,722," 4,650 "," 3,768 ",43,0,0,0,0
1,debt_consolidation,13%, 465 , 10.6 ,24.03,707," 5,820 "," 26,418 ",85,0,0,0,1
1,major_purchase,13%, 50 , 11.0 ,17.32,687," 6,032 "," 15,333 ",94.6,1,0,0,0
1,all_other,16%, 35 , 9.7 ,14.1,667," 1,470 "," 5,802 ",70.1,0,0,0,0
1,debt_consolidation,14%, 512 , 12.0 ,6.65,697," 8,880 "," 25,641 ",92.2,0,1,0,0
1,debt_consolidation,8%, 451 , 11.3 ,17.8,792," 5,854 "," 7,353 ",26.7,0,0,0,0
1,all_other,11%, 49 , 9.8 ,7.07,737," 2,220 "," 2,217 ",34.1,1,0,0,1
1,all_other,16%, 247 , 10.5 ,3.73,672," 1,860 "," 3,722 ",93,0,0,0,0
1,debt_consolidation,13%, 268 , 10.5 ,8.43,697," 2,280 "," 8,217 ",67.5,0,0,0,0
1,credit_card,12%, 646 , 11.1 ,16.44,737," 6,570 "," 27,414 ",62.4,2,0,0,0
1,debt_consolidation,9%, 348 , 10.5 ,11.07,747," 3,720 "," 9,298 ",36,1,0,0,0
1,debt_consolidation,9%, 411 , 10.5 ,17.63,777," 5,970 "," 10,340 ",20.2,0,0,0,0
1,debt_consolidation,9%, 209 , 10.5 ,14.84,737," 3,450 "," 4,262 ",15.3,2,0,0,0
1,debt_consolidation,7%, 149 , 11.7 ,15.3,792," 7,320 "," 4,645 ",12.7,3,0,0,0
1,small_business,20%, 519 , 10.6 ,7.38,677," 1,590 "," 10,812 ",85.1,0,0,0,0
1,debt_consolidation,11%, 197 , 9.9 ,13.17,732," 2,550 "," 1,207 ",28.1,3,0,0,0
1,debt_consolidation,13%, 830 , 11.4 ,5.9,752," 7,230 ", -   ,0,0,0,0,0
1,all_other,9%, 316 , 11.6 ,2.02,787," 6,720 ", 4 ,0,0,0,0,0
1,small_business,15%, 552 , 11.8 ,20.74,747," 4,110 "," 81,023 ",61.7,0,0,0,0
1,all_other,15%, 52 , 10.3 ,6.44,677," 5,040 "," 5,464 ",86.7,1,0,0,0
1,debt_consolidation,11%, 330 , 11.0 ,19.12,712," 5,130 "," 7,352 ",51.1,0,0,1,0
1,home_improvement,12%, 167 , 11.1 ,12.76,712," 4,710 "," 48,838 ",93.6,3,0,0,0
1,all_other,9%, 318 , 11.2 ,9.38,782," 5,943 "," 3,187 ",13.1,0,0,0,0
1,debt_consolidation,15%, 844 , 11.0 ,19.88,682," 4,823 "," 31,756 ",79.6,2,0,0,0
1,credit_card,13%, 268 , 11.4 ,10.59,692," 3,963 "," 9,304 ",28.3,2,0,1,0
1,all_other,13%, 33 , 9.9 ,1.25,692," 2,970 ", 379 ,15.8,1,0,0,0
1,debt_consolidation,9%, 191 , 11.0 ,2.86,757," 4,830 "," 7,392 ",42.5,0,0,0,0
1,home_improvement,9%, 111 , 10.6 ,8.56,787," 14,580 ", 194 ,2.9,0,0,0,1
1,credit_card,9%, 286 , 10.5 ,7.58,752," 2,610 "," 10,308 ",35.2,1,0,0,0
1,all_other,7%, 31 , 10.3 ,0.97,812," 6,030 ", 753 ,2.4,0,0,0,0
1,debt_consolidation,9%, 253 , 10.0 ,22.17,757," 5,670 "," 2,815 ",8.5,0,0,0,0
1,all_other,11%, 426 , 10.8 ,14.06,742," 4,410 "," 12,878 ",50.9,1,0,0,0
1,home_improvement,14%, 223 , 10.1 ,16.38,672," 3,990 "," 1,562 ",57.9,3,0,1,1
1,debt_consolidation,9%, 356 , 11.2 ,13.08,762," 4,410 ", 182 ,60.7,0,0,0,0
1,debt_consolidation,16%, 527 , 11.5 ,18.91,667," 6,420 "," 30,523 ",66.2,0,0,0,0
1,all_other,7%, 494 , 11.6 ,5.8,727," 7,260 "," 24,166 ",55.8,2,0,0,0
1,debt_consolidation,14%, 442 , 10.5 ,22.53,692," 4,020 "," 17,524 ",82.9,0,0,0,1
1,all_other,7%, 71 , 10.5 ,18.59,762," 5,640 "," 2,177 ",7.3,2,0,0,0
1,all_other,9%, 159 , 10.2 ,14.95,737," 11,702 "," 10,681 ",22.3,0,0,0,0
1,home_improvement,11%, 824 , 11.5 ,7.22,777," 6,630 "," 1,146 ",6.8,2,0,0,0
1,debt_consolidation,12%, 799 , 12.2 ,9.13,757," 3,810 ", 298 ,1,1,0,0,0
1,debt_consolidation,12%, 795 , 12.2 ,1.88,792," 4,200 ", 682 ,3.3,1,0,0,0
1,debt_consolidation,15%, 831 , 12.2 ,0.2,707," 5,220 ", 255 ,0.8,0,1,0,0
1,debt_consolidation,12%, 795 , 11.9 ,0.7,812," 11,700 ", 346 ,0.7,0,0,0,0
1,debt_consolidation,17%, 651 , 10.6 ,14.96,662," 2,430 "," 14,248 ",44.9,1,1,0,0
1,all_other,13%, 134 , 10.9 ,14.12,707," 2,497 "," 1,809 ",11.4,0,0,0,0
1,debt_consolidation,9%, 159 , 9.7 ,12.29,727," 1,830 "," 7,901 ",44.4,2,0,0,0
1,all_other,7%, 148 , 10.7 ,7.37,772," 3,780 ", -   ,0,4,0,0,1
1,debt_consolidation,13%, 841 , 12.0 ,16.42,717," 7,200 "," 47,643 ",82.6,1,0,0,0
1,debt_consolidation,12%, 167 , 10.8 ,6.38,772," 1,440 ", 233 ,6.7,0,0,0,0
1,all_other,8%, 78 , 10.1 ,0.78,757," 2,380 ", 273 ,1.6,1,0,0,0
1,debt_consolidation,8%, 281 , 10.8 ,8.21,807," 4,410 "," 5,175 ",6.6,0,0,0,0
1,all_other,13%, 837 , 11.6 ,6.9,727," 7,110 "," 22,180 ",55.9,2,1,0,0
1,all_other,9%, 238 , 10.4 ,8.88,792," 4,710 "," 2,470 ",32.1,0,0,0,0
1,all_other,9%, 205 , 10.8 ,4.83,782," 3,844 "," 1,369 ",27.4,0,0,0,0
1,debt_consolidation,13%, 303 , 10.9 ,16.15,687," 3,391 "," 9,846 ",80,0,0,0,0
1,all_other,15%, 331 , 11.3 ,13.93,667," 3,660 "," 9,194 ",82.8,0,0,0,0
1,debt_consolidation,11%, 297 , 10.4 ,24.49,722," 4,050 "," 8,016 ",49.8,0,0,0,0
1,credit_card,7%, 186 , 11.6 ,9.51,772," 10,020 "," 5,628 ",14.2,0,0,0,0
1,all_other,7%, 497 , 11.2 ,21.52,702," 3,210 "," 18,813 ",53.9,1,0,0,0
1,credit_card,15%, 426 , 10.5 ,19.65,667," 3,810 "," 11,705 ",81.3,0,0,0,0
1,all_other,9%, 184 , 9.9 ,8,747," 2,971 ", 995 ,4.2,1,0,0,0
1,all_other,13%, 807 , 11.3 ,10,722," 1,890 "," 9,715 ",24.6,1,0,0,0
1,credit_card,11%, 818 , 12.0 ,10.24,742," 5,191 "," 38,139 ",41.8,2,0,0,0
1,debt_consolidation,21%, 816 , 11.0 ,15.45,667," 3,120 "," 10,190 ",98.9,1,0,0,0
1,debt_consolidation,11%, 656 , 11.0 ,8.56,772," 8,880 "," 18,609 ",16.6,2,0,0,0
1,home_improvement,12%, 746 , 11.4 ,10.89,757," 9,540 "," 60,376 ",47.9,0,0,0,0
1,major_purchase,12%, 804 , 11.9 ,4.79,757," 2,670 "," 2,097 ",12.1,1,0,0,0
1,major_purchase,14%, 819 , 11.3 ,4.48,707," 8,191 ", 656 ,8.6,1,0,0,0
1,all_other,11%, 277 , 10.2 ,21.05,732," 7,470 ", 438 ,21.9,1,0,0,0
1,all_other,8%, 637 , 11.2 ,15.38,707," 7,991 "," 28,260 ",45.3,3,0,0,0
1,home_improvement,9%, 667 , 11.9 ,10.42,757," 3,812 ", 298 ,1,1,0,0,0
1,debt_consolidation,12%, 828 , 11.8 ,16.19,752," 5,942 "," 48,787 ",18.3,1,0,0,0
1,debt_consolidation,11%, 197 , 10.7 ,6.28,712," 2,640 "," 1,571 ",30.2,1,0,0,0
1,debt_consolidation,11%, 495 , 10.6 ,24.97,737," 4,140 "," 14,630 ",60.5,3,0,0,0
1,small_business,19%, 110 , 11.0 ,1.08,702," 5,100 "," 1,965 ",98.2,0,0,1,0
1,home_improvement,12%, 762 , 12.0 ,2.2,792," 4,202 ", 682 ,3.3,1,0,0,0
1,debt_consolidation,13%, 303 , 10.9 ,4.43,687," 5,370 "," 7,132 ",28.8,1,1,1,0
1,credit_card,14%, 172 , 12.5 ,14.27,707," 4,380 "," 85,303 ",98.2,1,0,0,0
1,major_purchase,14%, 686 , 12.1 ,0.2,707," 5,222 ", 255 ,0.8,0,1,0,0
1,all_other,12%, 795 , 11.9 ,0.7,812," 11,702 ", 346 ,0.7,0,0,0,0
1,debt_consolidation,11%, 528 , 10.6 ,16.44,737," 3,990 "," 5,768 ",39.2,1,0,0,0
1,credit_card,8%, 156 , 10.9 ,23.1,757," 3,030 "," 4,987 ",12.2,0,0,0,0
1,all_other,7%, 155 , 10.9 ,16.43,777," 8,910 "," 89,277 ",11.6,1,0,0,0
1,credit_card,12%, 766 , 12.2 ,9.13,757," 3,813 ", 298 ,1,1,0,0,0
1,home_improvement,11%, 692 , 12.1 ,1.98,792," 4,203 ", 682 ,3.3,1,0,0,0
1,credit_card,16%, 166 , 10.0 ,19.14,667," 4,520 "," 12,741 ",72.8,0,0,0,0
1,all_other,8%, 273 , 11.9 ,0.9,782," 12,450 "," 5,016 ",17.9,0,0,0,0
1,debt_consolidation,13%, 101 , 9.5 ,18.35,682," 6,031 "," 4,805 ",84.3,0,0,1,0
1,debt_consolidation,15%, 453 , 10.9 ,16.34,667," 3,720 "," 14,092 ",57.8,0,1,0,0
1,all_other,15%, 831 , 12.0 ,0.2,707," 5,223 ", 255 ,0.8,0,1,0,0
1,home_improvement,11%, 659 , 11.9 ,0.7,812," 11,703 ", 346 ,0.7,0,0,0,0
1,all_other,9%, 238 , 10.4 ,6.46,757," 2,443 "," 3,444 ",15.9,2,0,0,0
1,debt_consolidation,12%, 795 , 11.1 ,19.11,747," 4,170 "," 3,567 ",7.4,2,0,0,0
1,credit_card,9%, 379 , 10.6 ,9.33,797," 6,030 "," 2,823 ",5.7,1,0,0,0
1,debt_consolidation,13%, 669 , 12.0 ,21.17,717," 5,490 "," 78,024 ",66.5,2,0,0,1
1,debt_consolidation,12%, 167 , 10.0 ,9.08,702," 7,379 "," 5,999 ",40.8,1,0,1,0
1,debt_consolidation,9%, 316 , 11.9 ,15.75,757," 4,830 "," 42,160 ",59.4,1,0,0,1
1,debt_consolidation,14%, 340 , 11.2 ,4.72,687," 4,440 "," 8,989 ",79.5,0,0,0,0
1,all_other,14%, 686 , 11.5 ,24.77,687," 3,690 "," 17,816 ",70.4,0,0,0,0
1,all_other,7%, 232 , 10.8 ,0.85,712," 5,190 ", 797 ,31.9,0,0,1,0
1,all_other,13%, 471 , 10.4 ,22.29,767," 4,928 "," 12,039 ",88,4,0,0,0
1,all_other,12%, 83 , 10.8 ,15.55,692," 2,040 "," 6,592 ",48.1,1,0,0,0
1,all_other,11%, 492 , 11.5 ,17.01,767," 5,820 "," 8,828 ",19.5,2,0,0,0
1,debt_consolidation,12%, 729 , 12.3 ,13.51,757," 3,814 ", 298 ,1,1,0,0,0
1,credit_card,12%, 762 , 12.2 ,6.91,792," 4,204 ", 682 ,3.3,1,0,0,0
1,educational,9%, 407 , 11.6 ,15.43,777," 3,000 ", -   ,0,1,0,0,0
1,debt_consolidation,14%, 682 , 11.2 ,8.16,697," 3,480 "," 3,153 ",28.9,2,0,0,0
1,all_other,7%, 278 , 11.8 ,4.98,792," 7,620 "," 4,433 ",3.9,0,0,0,0
1,all_other,7%, 355 , 11.2 ,16.38,722," 4,380 "," 8,813 ",67.6,1,0,0,0
1,all_other,11%, 81 , 11.0 ,18.66,702," 9,360 "," 14,626 ",51.5,1,0,0,0
1,debt_consolidation,13%, 336 , 10.7 ,11.75,692," 2,730 ", 703 ,18.5,0,1,0,0
1,debt_consolidation,13%, 710 , 11.5 ,20.1,712," 4,358 "," 22,245 ",72.5,2,0,0,0
1,all_other,9%, 381 , 12.6 ,0.5,797," 5,970 "," 5,306 ",2.8,0,0,0,0
1,all_other,14%, 720 , 12.0 ,0.2,707," 5,224 ", 255 ,0.8,0,1,0,0
1,major_purchase,12%, 795 , 11.9 ,7.06,812," 11,704 ", 346 ,0.7,0,0,0,0
1,credit_card,9%, 32 , 11.5 ,0.25,767," 2,100 ", 165 ,1.1,0,0,0,0
1,all_other,9%, 572 , 12.5 ,0.65,782," 11,580 "," 6,096 ",17.3,0,0,0,0
1,all_other,13%, 135 , 9.8 ,7,737," 1,140 ", 48 ,4.8,1,0,0,1
1,all_other,7%, 494 , 12.4 ,6.4,802," 5,430 "," 74,927 ",13.9,0,0,0,0
1,credit_card,11%, 659 , 11.6 ,11.14,747," 5,875 "," 8,080 ",23.5,1,0,0,0
1,all_other,11%, 328 , 10.9 ,22.08,732," 3,960 "," 6,934 ",34.2,3,0,0,0
1,home_improvement,12%, 83 , 12.1 ,8.45,692," 5,130 ", 399 ,39.9,0,1,3,0
1,all_other,11%, 198 , 11.0 ,9.12,712," 4,652 "," 8,715 ",50.1,0,1,0,0
1,debt_consolidation,17%, 488 , 11.3 ,18.81,682," 2,494 "," 13,964 ",99.7,0,0,1,0
1,all_other,9%, 286 , 10.6 ,12.42,767," 4,478 ", 739 ,2.1,1,0,0,0
1,all_other,12%, 799 , 11.8 ,24.2,757," 3,815 ", 298 ,1,1,0,0,0
1,all_other,11%, 692 , 11.8 ,23.43,792," 4,205 ", 682 ,3.3,1,0,0,0
1,home_improvement,14%, 720 , 11.7 ,8.51,707," 5,225 ", 255 ,0.8,0,1,0,0
1,debt_consolidation,11%, 328 , 11.0 ,16.21,722," 4,771 "," 29,682 ",28.4,0,0,0,0
1,major_purchase,13%, 84 , 10.3 ,9.52,682," 2,520 "," 4,987 ",22.3,3,1,0,0
1,debt_consolidation,14%, 85 , 10.6 ,7.89,672," 8,460 "," 1,243 ",17.8,2,0,0,1
1,debt_consolidation,12%, 795 , 11.8 ,15.38,812," 11,705 ", 346 ,0.7,0,0,0,0
1,debt_consolidation,12%, 712 , 11.8 ,24.2,757," 3,816 ", 298 ,1,1,0,0,0
1,home_improvement,12%, 755 , 11.8 ,23.43,792," 4,206 ", 682 ,3.3,1,0,0,0
1,major_purchase,12%, 580 , 11.8 ,12.28,737," 7,140 "," 19,549 ",52.5,1,0,0,0
1,all_other,15%, 818 , 11.7 ,8.51,707," 5,226 ", 255 ,0.8,0,1,0,0
1,all_other,12%, 812 , 11.9 ,13.42,812," 11,706 ", 346 ,0.7,0,0,0,0
1,debt_consolidation,13%, 510 , 10.4 ,19.21,712," 3,780 "," 7,645 ",41.9,1,1,0,0
1,all_other,11%, 328 , 11.1 ,9.64,757," 4,410 "," 61,034 ",37.6,5,0,0,0
1,all_other,10%, 483 , 10.7 ,12.91,797," 5,190 ", 808 ,0.5,2,1,0,0
1,all_other,7%, 494 , 12.2 ,6.94,737," 7,983 "," 64,266 ",60.8,0,0,0,0
1,debt_consolidation,13%, 335 , 11.1 ,3.54,707," 4,890 "," 9,514 ",27.2,1,0,0,0
1,credit_card,12%, 696 , 11.9 ,22.94,757," 3,817 ", 298 ,1,1,0,0,0
1,home_improvement,11%, 686 , 11.8 ,21.77,792," 4,207 ", 682 ,3.3,1,0,0,0
1,all_other,15%, 783 , 11.8 ,7.88,707," 5,227 ", 255 ,0.8,0,1,0,0
1,debt_consolidation,12%, 795 , 12.0 ,12.63,812," 11,707 ", 346 ,0.7,0,0,0,0
1,debt_consolidation,13%, 235 , 11.4 ,24.76,687," 8,416 "," 26,241 ",57.4,1,0,0,0
1,all_other,16%, 176 , 10.8 ,8.88,687," 2,610 "," 1,793 ",99.6,0,0,0,1
1,debt_consolidation,10%, 648 , 10.7 ,4.11,747," 3,183 "," 5,081 ",40,0,0,0,0
1,all_other,13%, 147 , 10.0 ,6.17,687," 6,060 ", 902 ,12.2,2,2,0,0
1,home_improvement,12%, 689 , 11.9 ,23.55,757," 3,818 ", 298 ,1,1,0,0,0
1,debt_consolidation,11%, 712 , 11.8 ,22.09,792," 4,208 ", 682 ,3.3,1,0,0,0
1,all_other,15%, 814 , 11.7 ,8.25,707," 5,228 ", 255 ,0.8,0,1,0,0
1,major_purchase,12%, 799 , 11.8 ,14.33,812," 11,708 ", 346 ,0.7,0,0,0,0
1,all_other,12%, 99 , 11.2 ,11.12,727," 8,220 "," 1,942 ",77.7,0,0,0,0
1,debt_consolidation,13%, 389 , 10.9 ,20.7,687," 2,280 "," 15,543 ",57.4,3,0,0,0
1,credit_card,13%, 338 , 12.0 ,14.57,687," 6,750 "," 4,027 ",17.4,1,2,0,0
1,all_other,7%, 587 , 10.9 ,7,752," 4,682 "," 2,606 ",57.9,0,0,0,1
1,all_other,7%, 248 , 11.2 ,0.44,697," 5,190 ", 666 ,8.5,0,1,0,0
1,home_improvement,12%, 828 , 11.8 ,5.18,772," 4,440 "," 6,469 ",1.1,1,0,0,0
1,debt_consolidation,12%, 233 , 10.3 ,19.36,702," 2,100 "," 6,601 ",58.2,1,0,0,1
1,debt_consolidation,11%, 394 , 11.3 ,2.85,757," 3,480 "," 31,183 ",72.5,3,0,0,0
1,debt_consolidation,13%, 310 , 11.2 ,13.83,692," 2,490 "," 18,463 ",79.2,1,0,0,0
1,credit_card,13%, 430 , 10.7 ,12.3,712," 3,727 "," 15,598 ",66.9,0,0,0,0
1,debt_consolidation,15%, 345 , 10.5 ,10.22,672," 4,530 "," 10,274 ",76.1,1,0,0,0
1,debt_consolidation,15%, 554 , 11.3 ,24.63,677," 4,412 "," 21,557 ",68,1,0,0,0
1,debt_consolidation,11%, 330 , 10.3 ,16,722," 2,730 "," 4,429 ",18.8,2,0,0,0
1,debt_consolidation,11%, 818 , 11.2 ,17.34,737," 5,890 "," 21,914 ",40,1,0,0,0
1,debt_consolidation,13%, 50 , 9.8 ,19.8,687," 2,340 "," 6,454 ",86.1,0,0,0,0
1,all_other,7%, 232 , 9.5 ,0,732," 1,200 ", -   ,0,3,0,0,1
1,all_other,7%, 247 , 11.2 ,1.73,807," 6,810 "," 3,248 ",6.1,1,0,0,0
1,all_other,7%, 269 , 10.9 ,2.67,787," 4,800 "," 3,519 ",11.3,0,0,0,0
1,debt_consolidation,13%, 505 , 10.9 ,16.93,712," 5,160 "," 18,620 ",87,0,0,0,0
1,small_business,18%, 865 , 11.1 ,6.18,707," 11,940 "," 46,100 ",75.5,2,0,1,0
1,debt_consolidation,11%, 262 , 11.0 ,8.12,732," 3,330 "," 8,127 ",60.2,2,0,0,0
1,home_improvement,13%, 210 , 11.1 ,13.61,687," 5,070 "," 8,471 ",44.4,1,0,0,0
1,debt_consolidation,15%, 348 , 10.8 ,8,687," 2,760 "," 11,529 ",96.1,2,0,0,0
1,home_improvement,7%, 31 , 11.6 ,0.96,772," 4,140 "," 4,938 ",1.9,1,0,0,0
1,home_improvement,12%, 167 , 10.9 ,3.32,737," 4,950 "," 7,728 ",32.1,0,0,0,0
1,educational,11%, 33 , 8.9 ,9.5,722," 5,040 "," 1,552 ",9.1,2,0,0,0
1,debt_consolidation,12%, 439 , 11.0 ,15.54,712," 2,641 "," 13,141 ",44.8,1,0,0,0
1,small_business,16%, 530 , 10.6 ,0.78,757," 1,350 "," 1,343 ",8.7,0,0,0,0
1,debt_consolidation,13%, 605 , 10.7 ,21.09,707," 4,530 "," 12,076 ",39.7,0,0,0,0
1,all_other,13%, 51 , 10.5 ,4.8,712," 1,890 "," 3,875 ",94.5,1,0,0,0
1,debt_consolidation,15%, 174 , 10.9 ,9.45,732," 2,643 ", -   ,70.9,0,0,0,0
1,debt_consolidation,14%, 341 , 11.2 ,12.83,682," 6,210 "," 14,592 ",70.8,0,0,0,0
1,all_other,13%, 837 , 11.8 ,0.02,797," 7,920 ", 74 ,0.1,3,0,0,0
1,all_other,9%, 318 , 11.4 ,17.43,757," 6,060 "," 26,741 ",0.3,0,0,0,0
1,debt_consolidation,9%, 572 , 11.6 ,12.29,777," 6,964 "," 62,689 ",9.8,0,0,0,0
1,debt_consolidation,16%, 612 , 11.5 ,9.9,667," 7,772 "," 12,487 ",72.2,2,0,0,0
1,all_other,12%, 828 , 11.4 ,11.4,747," 3,180 "," 11,361 ",42.1,0,0,0,0
1,debt_consolidation,12%, 533 , 11.1 ,19.71,737," 12,600 "," 28,735 ",82.6,3,0,0,0
1,debt_consolidation,17%, 717 , 11.8 ,11.39,662," 4,740 "," 28,882 ",48.3,0,2,0,0
1,home_improvement,12%, 333 , 9.8 ,10.07,707," 4,560 "," 7,159 ",73.1,1,1,0,1
1,small_business,16%, 883 , 10.8 ,10.52,717," 4,262 "," 13,160 ",64.9,0,1,0,1
1,debt_consolidation,18%, 504 , 11.5 ,22.19,662," 4,421 "," 19,828 ",53.6,1,0,0,0
1,debt_consolidation,12%, 133 , 10.6 ,16.65,697," 1,920 "," 1,649 ",22.6,3,0,0,1
1,debt_consolidation,15%, 305 , 10.8 ,16.35,667," 2,820 "," 14,099 ",77.5,0,0,0,0
1,debt_consolidation,16%, 211 , 10.8 ,15.39,702," 6,600 "," 4,941 ",98.8,1,0,1,0
1,all_other,14%, 377 , 12.6 ,10.21,692," 7,050 "," 60,789 ",97.3,0,0,0,0
1,all_other,12%, 795 , 11.2 ,3.33,807," 4,440 "," 6,469 ",1.1,1,0,0,0
1,debt_consolidation,9%, 302 , 10.2 ,15.81,757," 2,310 ", 293 ,2.3,2,0,0,0
1,all_other,11%, 115 , 10.7 ,15.49,782," 4,260 ", -   ,0,1,0,0,0
1,debt_consolidation,9%, 178 , 10.5 ,21.54,747," 1,950 "," 1,085 ",14.5,4,0,0,0
1,all_other,11%, 262 , 11.0 ,0.31,727," 4,080 ", 391 ,7.2,1,0,0,0
1,debt_consolidation,15%, 870 , 12.0 ,16.36,697," 3,120 "," 31,756 ",45.2,1,0,0,0
1,all_other,7%, 186 , 11.3 ,13.66,772," 4,441 "," 2,796 ",7.2,0,0,0,0
1,small_business,19%, 551 , 11.7 ,9.96,687," 4,561 "," 12,730 ",95,1,0,0,0
1,all_other,12%, 117 , 10.2 ,3.44,707," 3,540 "," 1,815 ",62.6,0,0,0,1
1,small_business,16%, 527 , 11.2 ,12.65,707," 3,064 "," 1,756 ",31.4,1,0,0,0
1,all_other,13%, 342 , 10.9 ,9.6,697," 2,370 "," 17,482 ",39.6,3,0,0,0
1,all_other,8%, 312 , 11.3 ,1.14,812," 8,190 "," 3,477 ",7.3,0,0,0,0
1,all_other,7%, 217 , 10.2 ,9.18,787," 9,000 "," 6,115 ",16.4,2,0,0,0
1,all_other,8%, 312 , 10.5 ,22.37,782," 5,490 "," 3,052 ",5.2,0,0,0,0
1,educational,11%, 264 , 11.0 ,19.69,717," 3,276 "," 19,967 ",52,0,0,0,0
1,major_purchase,9%, 253 , 10.9 ,1.82,752," 3,510 "," 3,258 ",5.5,2,0,0,0
1,debt_consolidation,11%, 577 , 13.4 ,1.55,742," 2,970 "," 9,132 ",36.5,3,1,0,0
1,debt_consolidation,14%, 272 , 10.7 ,24.99,697," 1,800 "," 6,382 ",74.2,1,0,0,0
1,small_business,16%, 141 , 10.2 ,12.74,707," 1,890 "," 4,303 ",51.8,1,0,0,0
1,debt_consolidation,12%, 828 , 11.1 ,22.22,767," 7,680 "," 17,557 ",26.2,0,0,0,0
1,debt_consolidation,12%, 58 , 10.6 ,22.44,707," 6,270 "," 7,757 ",93,1,0,0,0
1,all_other,11%, 262 , 11.0 ,13.52,732," 2,850 "," 3,862 ",13.5,3,0,0,0
1,debt_consolidation,13%, 304 , 10.7 ,15.57,682," 2,970 "," 16,660 ",73.1,0,0,0,0
1,credit_card,12%, 833 , 11.5 ,18.3,747," 7,350 ", 68 ,0.6,0,0,0,0
1,major_purchase,7%, 31 , 10.7 ,3.31,772," 3,600 ", 511 ,3.1,2,0,0,0
1,debt_consolidation,12%, 808 , 11.8 ,14.77,742," 7,500 "," 27,947 ",25.3,0,0,0,0
1,debt_consolidation,16%, 224 , 10.8 ,8.94,662," 2,580 ", -   ,0,0,0,1,1
1,debt_consolidation,13%, 841 , 11.3 ,18.81,722," 12,482 "," 31,890 ",78.7,1,0,0,0
1,debt_consolidation,9%, 190 , 11.6 ,6.43,742," 6,360 "," 5,124 ",16.8,2,0,0,0
1,debt_consolidation,12%, 500 , 11.4 ,17.85,722," 6,961 "," 9,129 ",63,0,0,0,0
1,all_other,9%, 318 , 11.3 ,0.61,782," 3,390 ", 951 ,3.9,1,0,0,0
1,major_purchase,14%, 34 , 11.5 ,3.55,742," 5,940 "," 18,435 ",7.2,2,0,0,0
1,credit_card,15%, 209 , 10.3 ,8.76,667," 1,440 "," 5,531 ",79,3,0,0,0
1,debt_consolidation,17%, 860 , 11.8 ,15,672," 9,720 "," 6,759 ",27.8,0,3,0,0
1,debt_consolidation,13%, 335 , 10.5 ,21.29,702," 3,660 "," 15,248 ",57.9,0,0,0,0
1,educational,9%, 191 , 10.6 ,19.26,727," 4,230 "," 5,324 ",66.5,0,0,0,0
1,all_other,9%, 318 , 11.4 ,12.83,742," 12,570 "," 43,615 ",16.7,0,0,0,0
1,all_other,12%, 99 , 9.6 ,4.17,737," 2,250 ", -   ,0,1,0,0,1
1,debt_consolidation,10%, 194 , 10.9 ,16.33,712," 3,750 "," 14,541 ",16.5,3,0,0,0
1,all_other,9%, 267 , 10.6 ,13.9,737," 5,730 "," 9,851 ",43.2,0,0,0,0
1,credit_card,13%, 676 , 11.6 ,9.32,707," 5,010 "," 16,821 ",80.5,1,0,0,0
1,debt_consolidation,14%, 515 , 11.8 ,24.95,702," 8,310 "," 74,469 ",81.3,0,0,0,0
1,debt_consolidation,12%, 331 , 11.1 ,16.94,717," 2,130 "," 14,078 ",82.8,3,0,0,0
1,all_other,12%, 353 , 11.5 ,8.49,737," 5,040 "," 9,044 ",24.1,1,1,0,0
1,all_other,12%, 83 , 10.1 ,7.2,692," 3,570 "," 4,484 ",65,0,0,0,0
1,all_other,11%, 247 , 10.5 ,18.87,697," 4,590 "," 14,225 ",53.7,1,0,0,0
1,debt_consolidation,11%, 429 , 10.7 ,6,732," 3,300 "," 11,574 ",14.9,1,1,0,1
1,credit_card,13%, 669 , 11.4 ,20.13,717," 6,210 "," 51,324 ",63.6,0,0,0,0
1,credit_card,14%, 683 , 11.6 ,4.62,742," 4,440 "," 4,588 ",91.8,0,0,0,0
1,credit_card,11%, 151 , 11.2 ,19.94,707," 12,150 "," 34,299 ",68.3,0,0,0,0
1,debt_consolidation,12%, 282 , 11.3 ,13.63,727," 5,550 "," 44,643 ",90,1,0,0,0
1,debt_consolidation,16%, 259 , 11.2 ,9.32,662," 5,040 "," 5,001 ",84.8,0,1,1,0
1,debt_consolidation,10%, 324 , 11.4 ,2.71,717," 6,138 "," 9,612 ",41.1,3,0,0,0
1,major_purchase,11%, 197 , 11.1 ,0.52,782," 3,420 ", 906 ,11.6,0,0,0,0
1,debt_consolidation,12%, 265 , 10.9 ,21.98,712," 2,190 "," 8,959 ",65.9,2,0,0,0
1,all_other,12%, 116 , 11.4 ,4.33,717," 3,510 "," 11,999 ",94.5,0,0,0,1
1,small_business,17%, 170 , 11.0 ,23.86,677," 4,590 "," 3,024 ",24.4,3,0,0,0
1,debt_consolidation,8%, 203 , 9.8 ,18,787," 4,110 "," 2,816 ",13.2,0,0,0,0
1,all_other,11%, 148 , 9.4 ,17,772," 14,640 "," 5,326 ",40,1,0,0,0
1,debt_consolidation,10%, 777 , 11.1 ,7.59,782," 6,300 "," 14,882 ",28.2,0,0,0,0
1,credit_card,9%, 316 , 10.9 ,9.98,752," 6,930 "," 21,131 ",32.2,0,0,0,0
1,debt_consolidation,9%, 461 , 10.8 ,10.96,777," 6,399 "," 1,461 ",3.1,0,0,0,0
1,credit_card,9%, 190 , 11.7 ,8.21,742," 6,120 "," 27,116 ",41.6,1,0,0,0
1,major_purchase,8%, 140 , 10.6 ,16.02,747," 3,815 "," 1,580 ",29.3,1,0,0,0
1,credit_card,16%, 316 , 11.4 ,10.86,687," 5,550 "," 14,679 ",86.3,3,0,0,0
1,debt_consolidation,17%, 358 , 10.9 ,22.35,672," 14,580 "," 19,099 ",99,1,0,1,0
1,debt_consolidation,15%, 690 , 11.0 ,9.41,682," 4,050 "," 20,976 ",39.1,0,1,0,1
1,major_purchase,18%, 873 , 13.3 ,7.09,662," 6,120 "," 58,222 ",39,1,0,0,1
1,home_improvement,14%, 510 , 12.0 ,8.88,687," 3,359 "," 92,755 ",49.2,1,0,0,0
1,all_other,9%, 126 , 11.7 ,7.67,742," 5,850 "," 32,282 ",66.6,2,0,0,0
1,all_other,12%, 166 , 9.9 ,17.64,722," 5,490 ", 784 ,41.3,0,0,0,0
1,all_other,17%, 170 , 11.2 ,19.98,692," 3,723 "," 15,934 ",99,3,0,0,1
1,debt_consolidation,12%, 808 , 11.1 ,18.67,737," 5,550 "," 63,437 ",65.2,0,0,0,0
1,all_other,8%, 156 , 11.1 ,0.6,752," 3,090 "," 1,248 ",9.3,0,0,0,0
1,all_other,14%, 274 , 10.9 ,22.46,672," 4,110 "," 3,527 ",84,3,0,0,0
1,debt_consolidation,11%, 554 , 11.4 ,10.77,747," 7,290 "," 17,502 ",65.8,0,0,0,0
1,all_other,12%, 50 , 9.4 ,1.5,732," 1,680 ", 246 ,24.6,0,0,0,0
1,educational,13%, 335 , 12.2 ,12.2,712," 8,340 ", 444 ,2.5,0,0,0,0
1,home_improvement,11%, 492 , 11.5 ,24.87,747," 9,788 "," 50,662 ",14.8,0,1,0,0
1,small_business,16%, 350 , 10.7 ,5.41,752," 4,410 "," 5,695 ",59.9,0,0,0,1
1,credit_card,11%, 426 , 11.2 ,10.43,742," 5,226 "," 12,724 ",50.9,1,0,0,0
1,debt_consolidation,11%, 692 , 11.2 ,15.63,747," 7,680 "," 23,860 ",55.5,1,0,0,0
1,major_purchase,12%, 100 , 10.0 ,1.67,727," 3,090 ", 37 ,1.1,0,0,0,0
1,all_other,11%, 264 , 10.7 ,15.1,737," 2,400 "," 13,415 ",43.6,0,0,0,0
1,debt_consolidation,13%, 373 , 11.0 ,19.99,692," 3,450 "," 9,505 ",59.8,0,0,0,0
1,debt_consolidation,13%, 505 , 10.5 ,21.98,702," 1,920 "," 15,432 ",64,2,0,0,0
1,all_other,13%, 703 , 10.5 ,6.65,727," 1,650 "," 7,191 ",27,0,0,0,0
1,major_purchase,12%, 297 , 10.1 ,20.65,732," 2,069 "," 2,678 ",33.5,1,0,0,0
1,debt_consolidation,15%, 840 , 11.0 ,20.16,702," 3,690 "," 21,111 ",75.7,3,0,0,0
1,all_other,11%, 758 , 11.6 ,11.04,772," 4,920 "," 60,184 ",46.7,0,0,0,0
1,all_other,9%, 95 , 11.6 ,0.16,752," 1,956 ", 531 ,35.4,0,0,0,0
1,home_improvement,11%, 131 , 11.0 ,5.86,717," 4,230 ", 823 ,5.1,0,0,0,0
1,credit_card,13%, 268 , 11.3 ,7.81,692," 3,780 "," 10,750 ",47.1,0,0,0,0
1,all_other,14%, 171 , 10.4 ,15.68,687," 1,500 "," 3,450 ",32.2,1,0,0,0
1,debt_consolidation,14%, 391 , 10.5 ,12.1,682," 3,540 "," 13,782 ",22.7,0,0,0,0
1,home_improvement,13%, 67 , 9.9 ,24.35,717," 3,390 ", -   ,0,1,1,0,0
1,credit_card,15%, 693 , 11.3 ,20.76,677," 3,240 "," 22,737 ",87.4,2,0,0,0
1,major_purchase,11%, 492 , 11.0 ,9.35,767," 5,370 "," 19,639 ",39.1,2,0,0,1
1,all_other,16%, 98 , 10.6 ,22.31,697," 3,006 "," 14,850 ",99,0,0,0,0
1,debt_consolidation,9%, 269 , 10.9 ,10.56,782," 4,110 "," 3,168 ",15.1,0,0,0,0
1,home_improvement,16%, 875 , 11.1 ,13.65,687," 6,510 "," 11,325 ",43.9,1,0,0,0
1,debt_consolidation,12%, 215 , 10.4 ,22.25,722," 4,020 "," 1,604 ",72.9,0,0,0,0
1,home_improvement,14%, 574 , 11.1 ,17.49,687," 4,620 "," 19,158 ",64.7,1,1,0,0
1,debt_consolidation,11%, 297 , 10.1 ,16.7,722," 3,390 "," 1,557 ",51.9,0,0,0,0
1,credit_card,12%, 719 , 12.4 ,12.88,732," 7,530 "," 58,974 ",71.7,0,0,0,0
1,debt_consolidation,9%, 379 , 11.4 ,18.8,772," 4,627 "," 17,757 ",23.5,0,0,0,0
1,all_other,9%, 191 , 10.3 ,15.08,722," 2,220 "," 3,322 ",21.3,0,0,0,0
1,debt_consolidation,15%, 207 , 10.7 ,16.67,662," 2,310 "," 7,367 ",79.8,2,0,0,0
1,debt_consolidation,14%, 410 , 12.0 ,18.75,702," 7,110 "," 139,636 ",95.6,0,0,0,0
1,debt_consolidation,14%, 515 , 11.0 ,8.94,682," 2,400 "," 14,917 ",64.3,0,0,0,0
1,debt_consolidation,15%, 138 , 9.6 ,4.92,682," 1,350 "," 1,737 ",48.2,1,0,0,0
1,debt_consolidation,14%, 686 , 11.1 ,11.23,687," 2,220 "," 20,833 ",84.7,2,0,0,0
1,debt_consolidation,9%, 221 , 10.6 ,13.86,757," 5,730 ", -   ,0,0,0,0,0
1,small_business,16%, 530 , 11.8 ,11.25,702," 5,512 "," 21,229 ",64.7,2,0,0,0
1,all_other,15%, 97 , 9.5 ,3.14,672," 15,990 ", 709 ,22.9,0,0,0,0
1,home_improvement,13%, 168 , 11.6 ,16.04,682," 5,430 "," 1,405 ",23.4,1,0,0,0
1,debt_consolidation,14%, 112 , 9.9 ,22.41,667," 3,450 "," 7,986 ",81.5,1,0,1,1
1,debt_consolidation,18%, 905 , 11.6 ,16.37,672," 5,106 "," 22,792 ",76.7,2,0,0,0
1,debt_consolidation,13%, 404 , 10.6 ,19.32,697," 2,640 "," 10,602 ",60.6,2,0,0,1
1,debt_consolidation,8%, 200 , 9.7 ,12.69,757," 5,850 "," 7,633 ",28.8,0,1,0,0
1,debt_consolidation,11%, 486 , 10.3 ,15.52,737," 4,020 "," 8,458 ",28.6,1,0,0,0
1,major_purchase,9%, 254 , 10.5 ,21.41,742," 14,923 "," 3,276 ",11.3,1,0,0,0
1,debt_consolidation,11%, 295 , 10.1 ,12.1,737," 2,370 "," 9,107 ",63.2,1,0,0,0
1,debt_consolidation,15%, 870 , 11.7 ,8.39,692," 3,480 "," 14,927 ",39.1,0,0,0,0
1,all_other,12%, 663 , 12.4 ,2.73,737," 4,800 "," 1,260 ",7.2,0,0,1,1
1,debt_consolidation,12%, 53 , 11.1 ,12.26,712," 3,900 "," 3,221 ",74.9,2,0,0,0
1,debt_consolidation,9%, 254 , 11.0 ,3.62,747," 3,060 "," 7,610 ",34,0,0,0,0
1,home_improvement,11%, 593 , 11.4 ,7.84,752," 14,761 "," 2,522 ",34.5,4,1,0,0
1,home_improvement,12%, 828 , 12.4 ,14.77,757," 3,750 "," 51,669 ",26.7,3,0,0,0
1,debt_consolidation,14%, 343 , 11.1 ,3.42,677," 3,530 "," 10,141 ",47.4,0,1,1,0
1,all_other,13%, 336 , 11.4 ,15.8,697," 5,010 "," 7,241 ",44.7,2,0,0,0
1,debt_consolidation,17%, 107 , 9.9 ,5.13,667," 1,161 "," 1,441 ",32,0,1,0,0
1,debt_consolidation,9%, 158 , 10.3 ,9.04,757," 8,160 ", 363 ,2,0,0,0,1
1,major_purchase,8%, 312 , 10.3 ,21.4,772," 4,410 "," 2,656 ",5.2,0,0,0,0
1,all_other,14%, 137 , 10.4 ,17.77,677," 1,590 "," 8,768 ",61.7,1,0,0,0
1,debt_consolidation,18%, 720 , 11.1 ,23.17,662," 7,170 "," 24,390 ",64,0,0,0,0
1,debt_consolidation,12%, 331 , 10.9 ,10.78,762," 4,717 "," 12,356 ",52.6,1,0,0,0
1,all_other,12%, 100 , 11.2 ,21.11,687," 5,310 "," 15,421 ",67.6,0,0,0,0
1,all_other,11%, 164 , 11.3 ,11.07,722," 4,800 ", 918 ,35.3,1,0,0,0
1,small_business,15%, 418 , 11.0 ,14.3,732," 2,371 "," 19,068 ",89.9,0,0,0,0
1,debt_consolidation,9%, 158 , 10.8 ,8.02,737," 3,780 "," 13,736 ",30.7,1,0,0,0
1,small_business,17%, 186 , 11.1 ,0.57,687," 6,840 "," 3,594 ",83.6,1,0,1,0
1,all_other,7%, 247 , 11.2 ,7.92,782," 8,760 "," 5,236 ",8.7,2,0,0,0
1,debt_consolidation,13%, 335 , 11.4 ,10.81,702," 3,750 "," 23,152 ",71.5,0,0,0,0
1,all_other,7%, 87 , 9.7 ,15.46,762," 10,443 ", 641 ,40.1,0,0,0,0
1,home_improvement,15%, 870 , 12.3 ,1.35,702," 6,510 ", -   ,0,1,2,0,0
1,debt_consolidation,12%, 663 , 11.6 ,13.87,757," 5,471 "," 11,179 ",3.5,0,0,0,0
1,debt_consolidation,12%, 331 , 10.8 ,13.84,757," 3,060 "," 12,375 ",76.6,0,0,0,0
1,all_other,14%, 274 , 11.2 ,12.21,702," 4,380 "," 35,638 ",97.7,1,0,0,1
1,educational,8%, 219 , 11.6 ,7.43,747," 6,930 "," 31,183 ",35.1,1,0,0,0
1,all_other,7%, 232 , 11.2 ,4.26,772," 6,091 "," 25,768 ",2.2,2,0,0,0
1,debt_consolidation,16%, 352 , 11.4 ,21.01,662," 8,100 "," 37,398 ",89.3,3,1,0,0
1,debt_consolidation,13%, 368 , 10.6 ,18.89,702," 3,060 "," 6,811 ",25.7,1,0,0,0
1,debt_consolidation,11%, 495 , 10.7 ,12.19,742," 2,490 "," 5,737 ",29.4,0,0,0,0
1,educational,12%, 398 , 10.4 ,22.57,712," 5,850 "," 5,744 ",55.8,0,0,0,0
1,debt_consolidation,15%, 372 , 10.5 ,22.45,672," 3,367 "," 15,146 ",77.3,1,1,0,0
1,all_other,12%, 663 , 11.2 ,7.42,752," 3,480 "," 11,300 ",47.1,1,0,0,0
1,credit_card,13%, 284 , 10.6 ,21.97,707," 3,390 "," 8,249 ",85.9,2,0,0,0
1,all_other,15%, 520 , 10.5 ,14.14,677," 4,067 "," 7,186 ",55.7,1,0,0,1
1,debt_consolidation,13%, 669 , 10.9 ,2.71,767," 3,870 ", -   ,0,1,0,0,0
1,all_other,7%, 217 , 11.0 ,21.96,787," 11,160 "," 6,545 ",10.7,0,0,0,0
1,debt_consolidation,13%, 110 , 9.8 ,23.53,707," 1,920 "," 12,231 ",86.1,0,0,0,0
1,all_other,9%, 114 , 10.1 ,16.56,727," 2,250 ", 402 ,1.9,1,0,0,0
1,all_other,15%, 414 , 10.6 ,16.44,687," 3,570 ", 441 ,55.1,0,0,0,1
1,credit_card,9%, 318 , 11.4 ,15.35,732," 7,020 "," 19,490 ",56.5,1,0,0,0
1,major_purchase,8%, 312 , 10.9 ,9.02,777," 6,514 "," 5,875 ",7.1,1,0,0,0
1,all_other,8%, 156 , 10.8 ,4.71,797," 4,200 "," 1,299 ",4.2,2,0,0,0
1,all_other,13%, 845 , 10.9 ,0,807," 3,933 ", -   ,0,1,0,0,0
1,small_business,17%, 355 , 11.4 ,6.89,692," 5,403 "," 23,285 ",30.7,1,0,0,0
1,debt_consolidation,15%, 797 , 11.6 ,8.37,687," 5,702 "," 13,843 ",38.2,3,1,0,0
1,debt_consolidation,14%, 544 , 11.4 ,14.37,692," 8,370 "," 17,729 ",39,0,0,0,0
1,credit_card,9%, 191 , 11.6 ,5.47,732," 3,211 "," 11,992 ",64.3,0,0,0,0
1,debt_consolidation,15%, 121 , 9.9 ,5.24,662," 3,360 "," 1,418 ",28.9,2,0,0,1
1,small_business,14%, 154 , 11.1 ,0.78,762," 3,600 "," 1,177 ",3.7,0,0,0,0
1,debt_consolidation,16%, 848 , 11.3 ,23.08,712," 7,860 "," 46,563 ",95.2,1,0,0,0
1,debt_consolidation,14%, 328 , 11.4 ,13.75,677," 4,291 "," 12,389 ",46.6,2,1,0,0
1,debt_consolidation,12%, 400 , 11.5 ,12.93,707," 9,270 "," 12,822 ",73.4,0,0,0,0
1,debt_consolidation,15%, 345 , 10.3 ,20.2,672," 3,450 "," 10,172 ",59.1,1,0,0,0
1,debt_consolidation,9%, 292 , 10.7 ,24.44,737," 3,045 "," 9,274 ",20.9,1,0,0,0
1,debt_consolidation,9%, 379 , 11.1 ,7.54,782," 8,370 "," 22,556 ",23.8,0,0,0,0
1,debt_consolidation,15%, 174 , 11.4 ,9.06,662," 5,250 "," 9,523 ",75,0,0,0,0
1,debt_consolidation,8%, 234 , 11.7 ,7.72,777," 10,681 "," 5,195 ",5.4,1,0,0,0
1,debt_consolidation,9%, 477 , 11.1 ,6,787," 4,770 "," 15,646 ",21.7,0,0,0,0
1,all_other,12%, 596 , 12.2 ,18.33,732," 4,470 "," 15,715 ",56.3,2,0,0,0
1,debt_consolidation,15%, 207 , 11.0 ,12.95,667," 11,070 "," 8,763 ",47.9,3,0,0,1
1,all_other,15%, 52 , 10.6 ,3.9,677," 3,420 "," 2,775 ",92.5,2,0,0,0
1,all_other,11%, 329 , 11.0 ,18.98,712," 4,085 "," 26,537 ",64.9,1,0,0,1
1,all_other,17%, 71 , 12.9 ,1.77,692," 1,530 "," 13,757 ",98.3,0,0,0,1
1,debt_consolidation,15%, 624 , 12.7 ,11.1,692," 6,780 "," 105,104 ",95.4,1,0,0,0
1,all_other,14%, 510 , 11.1 ,17.89,692," 8,550 "," 13,966 ",60.7,0,0,0,0
1,all_other,12%, 167 , 9.6 ,10.95,697," 2,250 "," 3,753 ",51.4,0,0,0,0
1,debt_consolidation,16%, 422 , 10.2 ,12.13,717," 1,890 "," 12,593 ",33.3,1,0,0,1
1,debt_consolidation,9%, 413 , 10.7 ,13.17,757," 3,360 "," 5,623 ",20,0,0,0,0
1,credit_card,12%, 199 , 10.5 ,20.63,702," 4,500 "," 5,931 ",46,0,0,0,0
1,debt_consolidation,18%, 909 , 10.9 ,10.04,672," 3,660 "," 1,066 ",20.5,0,0,0,1
1,major_purchase,7%, 217 , 10.1 ,14.85,807," 12,791 ", 268 ,0.7,0,0,0,0
1,debt_consolidation,11%, 799 , 11.7 ,10.41,782," 4,380 "," 9,474 ",21,1,0,0,0
1,debt_consolidation,13%, 505 , 11.2 ,20.41,737," 5,130 "," 57,775 ",95.8,1,0,0,0
1,debt_consolidation,12%, 500 , 10.7 ,1.5,717," 4,950 "," 17,516 ",84.6,1,0,0,0
1,all_other,6%, 77 , 10.4 ,3.39,782," 6,279 "," 3,375 ",7.8,1,0,0,0
1,major_purchase,15%, 224 , 11.7 ,5.49,682," 1,290 "," 5,940 ",80.3,0,0,0,0
1,all_other,8%, 156 , 11.2 ,2.11,767," 4,140 "," 2,663 ",22.2,0,0,0,0
1,debt_consolidation,13%, 303 , 11.5 ,8.49,697," 4,141 "," 8,644 ",80,0,0,0,1
1,credit_card,9%, 370 , 11.4 ,8.03,787," 5,250 "," 15,917 ",22,2,0,0,0
1,credit_card,15%, 174 , 11.0 ,22.57,662," 2,250 "," 4,533 ",76.8,1,0,0,0
1,debt_consolidation,14%, 462 , 10.4 ,15.26,687," 3,690 "," 14,707 ",66.2,0,0,0,0
1,debt_consolidation,13%, 303 , 11.2 ,17.5,687," 3,390 "," 2,592 ",12.4,1,0,0,0
1,debt_consolidation,12%, 149 , 9.5 ,9.17,702," 4,690 "," 2,832 ",36.8,2,0,1,0
1,debt_consolidation,12%, 94 , 10.1 ,24.7,702," 3,420 "," 4,184 ",38.7,2,0,0,1
1,major_purchase,11%, 164 , 11.1 ,13.75,722," 6,030 "," 8,851 ",21.7,0,0,0,0
1,major_purchase,12%, 166 , 11.0 ,8.92,707," 2,501 "," 7,990 ",34.3,0,0,0,0
1,all_other,12%, 99 , 10.4 ,20.94,697," 2,010 "," 5,626 ",30.1,3,0,0,0
1,debt_consolidation,15%, 320 , 9.6 ,0.08,742," 1,321 ", 5 ,0.2,6,0,0,0
1,debt_consolidation,15%, 443 , 11.2 ,9.37,672," 2,940 "," 1,142 ",11.8,0,0,0,0
1,debt_consolidation,12%, 497 , 11.2 ,19.25,727," 7,440 "," 48,262 ",73.2,0,0,0,0
1,all_other,15%, 416 , 11.3 ,15.06,677," 6,990 "," 28,577 ",94.6,0,0,0,1
1,debt_consolidation,14%, 119 , 11.0 ,15.06,677," 3,750 "," 24,235 ",38,2,1,0,0
1,all_other,9%, 318 , 12.0 ,4.04,747," 3,930 "," 1,621 ",5.3,2,0,0,0
1,all_other,16%, 389 , 11.3 ,12.93,672," 2,580 "," 5,814 ",96.9,1,0,0,0
1,debt_consolidation,15%, 483 , 10.6 ,16.89,687," 2,250 "," 21,668 ",87.4,0,0,0,0
1,debt_consolidation,11%, 328 , 11.3 ,4.68,732," 3,690 "," 10,422 ",56,0,0,0,0
1,home_improvement,11%, 198 , 11.0 ,9.34,712," 3,420 "," 4,162 ",27.6,1,0,0,0
1,credit_card,11%, 262 , 10.9 ,20.57,727," 4,860 "," 8,654 ",65.8,1,0,0,0
1,debt_consolidation,12%, 398 , 11.1 ,13.36,722," 3,330 "," 20,602 ",41.5,2,1,0,0
1,major_purchase,14%, 51 , 11.5 ,15.97,662," 8,220 "," 16,964 ",77.8,1,0,0,0
1,educational,13%, 669 , 10.8 ,23.93,722," 2,070 "," 10,695 ",43.8,0,0,0,1
1,credit_card,13%, 268 , 10.9 ,7.04,707," 13,590 "," 7,910 ",90.9,3,0,0,1
1,debt_consolidation,9%, 285 , 10.5 ,6.62,752," 5,130 "," 8,829 ",43.5,1,0,0,0
1,all_other,11%, 823 , 10.9 ,17.5,722," 3,338 "," 15,103 ",78.3,0,0,0,0
1,all_other,17%, 701 , 10.9 ,18.18,667," 3,000 "," 12,532 ",57,2,0,0,0
1,debt_consolidation,14%, 245 , 11.4 ,6.45,692," 12,061 "," 7,983 ",43.6,0,0,0,0
1,home_improvement,9%, 191 , 10.4 ,11.24,732," 3,720 "," 3,619 ",10.6,1,0,1,0
1,debt_consolidation,13%, 816 , 11.8 ,15.84,737," 6,000 "," 26,215 ",94.6,0,0,0,0
1,debt_consolidation,15%, 131 , 9.9 ,19.29,672," 6,316 "," 17,012 ",91,1,1,0,1
1,home_improvement,12%, 331 , 11.3 ,10.59,722," 6,422 "," 6,490 ",4.9,3,0,0,1
1,debt_consolidation,14%, 221 , 11.2 ,3.52,682," 1,770 "," 6,228 ",68.4,0,0,0,0
1,debt_consolidation,11%, 165 , 10.8 ,14.57,727," 2,490 "," 7,479 ",42.7,0,0,0,0
1,home_improvement,11%, 799 , 11.9 ,1.27,777," 5,670 "," 7,345 ",17.3,2,0,0,0
1,all_other,11%, 230 , 9.8 ,16.33,717," 4,050 "," 7,674 ",57.7,0,0,0,0
1,educational,13%, 203 , 10.5 ,2.33,722," 1,590 ", 377 ,47.1,0,0,0,0
1,all_other,9%, 413 , 11.6 ,2.8,787," 4,830 ", -   ,0,0,0,0,0
1,credit_card,9%, 126 , 10.3 ,12,747," 3,150 "," 3,933 ",51.7,0,0,0,0
1,credit_card,11%, 494 , 10.8 ,4.1,767," 3,799 "," 5,694 ",21.2,2,0,0,0
1,all_other,18%, 364 , 11.3 ,0.08,667," 3,540 ", 167 ,11.1,3,0,1,1
1,all_other,13%, 244 , 10.6 ,11.2,677," 2,310 "," 4,743 ",62.4,2,0,0,0
1,all_other,9%, 477 , 11.9 ,3.47,777," 4,711 "," 4,910 ",14,0,0,0,0
1,all_other,11%, 131 , 12.0 ,16.56,722," 4,560 "," 120,322 ",59.6,0,0,0,0
1,debt_consolidation,12%, 833 , 11.7 ,16.99,737," 7,920 "," 32,446 ",56.1,0,0,0,0
1,small_business,18%, 203 , 9.8 ,9.8,682," 1,230 ", -   ,0,0,0,0,0
1,all_other,14%, 632 , 11.5 ,0.44,692," 6,780 ", 723 ,45.2,0,0,0,0
1,debt_consolidation,10%, 421 , 10.5 ,17.61,732," 3,343 "," 15,818 ",46.5,0,0,0,0
1,debt_consolidation,14%, 521 , 10.7 ,17.19,702," 4,051 "," 18,944 ",97.6,2,0,0,1
1,debt_consolidation,14%, 170 , 10.0 ,10.95,677," 2,370 "," 1,559 ",45.9,1,1,0,0
1,all_other,12%, 663 , 11.7 ,14.28,742," 4,770 "," 14,191 ",51,1,0,0,0
1,all_other,13%, 67 , 11.0 ,4.02,677," 2,130 "," 8,160 ",54,2,0,1,0
1,debt_consolidation,14%, 355 , 10.7 ,22.1,682," 2,316 "," 12,384 ",55.8,2,0,0,0
1,all_other,8%, 312 , 10.8 ,0.86,772," 5,190 "," 2,232 ",6.5,0,0,0,0
1,home_improvement,11%, 492 , 11.4 ,3.76,757," 13,200 "," 16,001 ",38.6,0,0,0,1
1,all_other,9%, 38 , 11.5 ,0.53,757," 3,990 ", -   ,0,1,0,0,0
1,all_other,13%, 209 , 10.1 ,21.75,697," 2,100 "," 1,219 ",7.2,2,0,0,0
1,all_other,16%, 354 , 10.9 ,16.97,682," 6,330 "," 3,052 ",41.8,0,0,0,1
1,small_business,15%, 174 , 11.7 ,12.13,702," 4,530 "," 30,995 ",82.6,2,0,0,1
1,debt_consolidation,10%, 483 , 10.6 ,12,762," 7,179 "," 15,146 ",24.8,0,0,0,0
1,debt_consolidation,14%, 614 , 11.5 ,17.52,692," 5,010 "," 9,360 ",43.7,0,0,0,0
1,all_other,8%, 78 , 10.6 ,21.55,742," 2,370 "," 4,641 ",49.4,0,0,0,0
1,credit_card,15%, 520 , 11.3 ,5.94,677," 5,010 "," 14,739 ",77.2,2,0,0,0
1,small_business,17%, 896 , 11.8 ,2.47,747," 8,822 "," 14,556 ",94.5,0,0,0,1
1,debt_consolidation,13%, 336 , 11.4 ,6.23,697," 3,661 "," 2,906 ",23.2,0,0,0,0
1,credit_card,9%, 190 , 10.2 ,10.14,742," 5,430 "," 6,435 ",19,0,0,0,0
1,credit_card,11%, 692 , 11.3 ,17.56,762," 4,620 "," 33,386 ",52.9,1,0,0,0
1,debt_consolidation,11%, 478 , 10.7 ,16.77,722," 7,170 "," 17,449 ",55.7,0,0,0,0
1,debt_consolidation,16%, 280 , 10.3 ,6.17,722," 2,340 "," 4,479 ",99.5,0,0,0,0
1,all_other,8%, 125 , 11.5 ,1.74,757," 4,380 "," 6,642 ",7.9,0,0,0,0
1,all_other,17%, 856 , 11.9 ,3.7,677," 6,960 "," 11,010 ",49.8,0,2,1,0
1,debt_consolidation,9%, 285 , 10.8 ,7.13,767," 5,190 "," 5,276 ",73.3,0,0,0,0
1,small_business,17%, 892 , 10.9 ,9.36,717," 4,320 "," 6,049 ",90.3,0,0,0,1
1,all_other,12%, 117 , 11.8 ,13.53,692," 7,500 "," 10,930 ",79.8,1,1,0,0
1,debt_consolidation,14%, 469 , 11.0 ,17.5,687," 3,450 "," 15,365 ",70.2,1,0,0,1
1,all_other,8%, 187 , 11.2 ,16.76,792," 3,900 ", -   ,0,3,0,0,0
1,debt_consolidation,8%, 340 , 11.5 ,18.15,777," 7,440 "," 11,783 ",19,0,0,0,0
1,credit_card,11%, 330 , 11.2 ,20.26,732," 5,550 "," 41,170 ",61.4,0,0,0,0
1,all_other,14%, 85 , 11.3 ,2.13,687," 5,340 ", -   ,0,0,1,0,0
1,all_other,13%, 101 , 9.5 ,5.82,727," 2,760 "," 1,549 ",96.8,1,0,0,0
1,debt_consolidation,16%, 492 , 10.6 ,19.16,662," 6,540 "," 11,018 ",82.2,1,0,0,0
1,all_other,12%, 320 , 10.9 ,4.78,712," 3,480 "," 8,077 ",76.9,0,0,0,0
1,all_other,9%, 303 , 10.2 ,8.43,757," 2,040 "," 4,103 ",15.5,2,0,0,0
1,all_other,9%, 191 , 11.3 ,9.13,762," 3,180 "," 8,868 ",32.4,0,0,0,0
1,debt_consolidation,8%, 62 , 10.6 ,6.06,737," 8,940 "," 37,804 ",21.4,1,0,0,0
1,credit_card,8%, 225 , 11.0 ,4.94,767," 2,644 "," 2,125 ",10.1,0,0,0,0
1,all_other,7%, 31 , 11.1 ,0.52,792," 15,030 ", 35 ,0.1,1,0,0,0
1,credit_card,9%, 324 , 11.1 ,7.09,782," 4,950 ", 613 ,4,1,0,0,0
1,home_improvement,15%, 870 , 12.4 ,14.72,697," 4,140 "," 28,813 ",44.9,3,0,0,1
1,debt_consolidation,13%, 336 , 10.8 ,16.18,702," 1,860 "," 5,029 ",58.5,0,0,0,0
1,small_business,17%, 179 , 11.2 ,15.34,697," 8,550 "," 1,837 ",31.7,3,0,0,0
1,debt_consolidation,11%, 560 , 10.9 ,21.53,742," 3,243 "," 16,285 ",41.3,0,0,0,0
1,credit_card,18%, 905 , 11.5 ,19.75,677," 5,520 "," 73,999 ",86.8,1,0,0,1
1,debt_consolidation,11%, 295 , 10.8 ,14.88,747," 1,863 ", 546 ,3.7,4,0,0,0
1,all_other,9%, 381 , 10.7 ,12.58,777," 2,160 "," 1,876 ",20.2,0,0,0,0
1,all_other,8%, 62 , 10.2 ,20.23,747," 3,990 "," 5,121 ",17.7,4,0,0,0
1,debt_consolidation,12%, 766 , 11.0 ,12.34,732," 2,760 "," 3,075 ",28,1,0,0,0
1,debt_consolidation,13%, 335 , 11.0 ,14.36,702," 9,750 "," 8,892 ",25.5,2,0,1,0
1,debt_consolidation,12%, 666 , 10.9 ,13.5,727," 2,550 "," 21,771 ",63.7,0,0,0,0
1,all_other,16%, 142 , 10.6 ,16.88,662," 1,597 "," 4,701 ",72.3,0,0,0,0
1,debt_consolidation,13%, 261 , 10.6 ,19,702," 4,320 ", -   ,0,2,0,0,0
1,debt_consolidation,12%, 300 , 10.3 ,9.48,737," 3,810 "," 4,105 ",57.8,0,0,0,0
1,debt_consolidation,9%, 381 , 11.4 ,6.19,752," 3,394 "," 24,907 ",45.3,0,0,0,0
1,credit_card,9%, 559 , 11.1 ,12.34,782," 14,100 "," 8,943 ",21.2,1,0,0,1
1,small_business,16%, 770 , 11.1 ,17.28,732," 3,930 "," 23,429 ",56.1,2,0,0,0
1,debt_consolidation,14%, 478 , 10.7 ,23.26,687," 6,570 "," 14,902 ",87.7,0,0,0,0
1,debt_consolidation,9%, 149 , 10.4 ,21.3,722," 1,950 "," 4,638 ",69.2,0,0,0,0
1,all_other,14%, 412 , 11.1 ,10.7,677," 2,040 "," 5,849 ",45.3,1,0,0,0
1,credit_card,14%, 331 , 12.1 ,21.03,677," 4,680 "," 57,858 ",75.8,1,0,0,0
1,all_other,12%, 699 , 10.9 ,4.84,802," 8,010 ", 120 ,2.4,1,0,0,1
1,debt_consolidation,11%, 328 , 11.3 ,21.04,727," 4,171 "," 20,901 ",67.4,0,0,0,0
1,credit_card,14%, 721 , 11.4 ,18.33,702," 3,810 "," 15,158 ",88.6,1,0,0,0
1,debt_consolidation,16%, 848 , 11.4 ,15.72,687," 3,810 "," 31,710 ",93.5,0,0,1,0
1,debt_consolidation,13%, 439 , 10.5 ,22.53,722," 3,150 "," 6,580 ",88.3,0,0,0,0
1,major_purchase,9%, 158 , 11.2 ,2.35,747," 8,160 ", 71 ,0.3,1,0,0,0
1,debt_consolidation,8%, 47 , 10.3 ,15.04,742," 7,500 ", 949 ,22.1,0,0,0,0
1,home_improvement,14%, 649 , 11.7 ,11.17,692," 5,130 "," 22,294 ",69,0,0,0,0
1,debt_consolidation,17%, 213 , 10.8 ,0.76,662," 3,330 ", 981 ,89.2,0,0,0,1
1,debt_consolidation,16%, 563 , 11.5 ,12.74,727," 7,260 "," 9,653 ",9.7,1,2,0,0
1,all_other,13%, 67 , 10.9 ,9.56,682," 5,520 "," 6,810 ",56.7,0,0,0,0
1,debt_consolidation,11%, 456 , 10.8 ,13.25,722," 11,181 "," 14,706 ",72.4,1,0,0,0
1,debt_consolidation,9%, 191 , 11.0 ,17.58,722," 3,030 "," 6,908 ",32,2,0,0,0
1,educational,12%, 500 , 11.2 ,2.18,737," 5,101 "," 4,509 ",60.1,0,0,0,1
1,debt_consolidation,12%, 250 , 10.2 ,0,762," 3,120 ", -   ,0,3,0,0,0
1,debt_consolidation,8%, 130 , 10.5 ,8.98,792," 7,890 "," 1,357 ",4.2,1,0,0,0
1,debt_consolidation,13%, 248 , 11.7 ,7.47,722," 5,820 "," 24,344 ",65.8,0,0,0,0
1,all_other,12%, 133 , 11.6 ,11.87,697," 9,570 "," 4,254 ",64.5,0,0,0,0
1,debt_consolidation,15%, 522 , 11.4 ,16.79,682," 5,581 "," 51,605 ",97.9,1,0,0,0
1,debt_consolidation,14%, 476 , 11.3 ,16.34,687," 5,520 "," 11,889 ",54.8,1,0,1,0
1,home_improvement,16%, 424 , 11.3 ,5.64,672," 4,084 "," 7,472 ",97,0,0,1,0
1,educational,15%, 345 , 11.0 ,8.46,712," 4,920 "," 3,088 ",14.1,1,0,0,0
1,all_other,17%, 268 , 10.8 ,4.92,687," 1,144 "," 8,398 ",76.3,0,0,0,0
1,debt_consolidation,16%, 527 , 11.5 ,11.13,662," 4,080 "," 14,337 ",56.4,2,2,0,0
1,all_other,13%, 189 , 11.2 ,3.31,687," 4,560 "," 3,860 ",68.9,0,0,0,0
1,all_other,12%, 142 , 11.6 ,17.63,707," 10,830 "," 15,050 ",28.9,2,0,0,0
1,debt_consolidation,13%, 404 , 10.6 ,14.98,722," 1,560 "," 7,060 ",71.8,0,0,0,0
1,debt_consolidation,14%, 408 , 10.6 ,21.77,682," 5,130 "," 7,263 ",60,2,0,0,0
1,debt_consolidation,14%, 506 , 11.0 ,12,687," 4,170 "," 15,445 ",78,1,0,0,0
1,debt_consolidation,13%, 816 , 11.5 ,13.52,717," 2,970 "," 28,056 ",57,0,0,0,0
1,debt_consolidation,9%, 248 , 10.8 ,12.95,742," 4,560 "," 20,035 ",65.4,0,0,0,0
1,debt_consolidation,9%, 572 , 11.4 ,4.64,797," 9,720 "," 2,347 ",9.9,0,0,0,0
1,debt_consolidation,12%, 447 , 10.5 ,22.54,712," 6,000 "," 13,813 ",52.7,0,0,0,0
1,debt_consolidation,13%, 162 , 10.7 ,15.17,677," 3,123 "," 6,354 ",74.8,0,0,0,0
1,small_business,14%, 136 , 11.3 ,8.71,762," 3,244 "," 8,328 ",11,1,0,0,0
1,educational,12%, 663 , 11.5 ,6.72,737," 3,041 "," 4,070 ",19.5,0,0,0,0
1,credit_card,12%, 33 , 10.4 ,13.56,692," 2,130 "," 13,781 ",65.8,3,0,0,0
1,credit_card,11%, 99 , 10.6 ,3.05,722," 1,620 "," 3,738 ",30.4,1,0,0,0
1,debt_consolidation,11%, 106 , 10.7 ,21.43,712," 3,664 "," 11,262 ",27.1,1,0,0,0
1,all_other,14%, 549 , 11.2 ,18.87,682," 5,190 "," 33,587 ",45.6,0,0,0,0
1,debt_consolidation,13%, 372 , 10.8 ,15.54,692," 4,080 "," 11,922 ",62.7,1,0,0,0
1,all_other,19%, 220 , 11.3 ,0.38,667," 8,370 ", 234 ,3.3,2,1,0,0
1,debt_consolidation,9%, 411 , 11.5 ,18.35,782," 5,580 "," 6,031 ",5.8,2,0,0,0
1,major_purchase,14%, 674 , 10.5 ,14.13,692," 13,620 "," 1,466 ",16.9,0,4,0,0
1,debt_consolidation,9%, 158 , 11.2 ,12.59,747," 6,060 "," 8,119 ",23.9,1,0,0,1
1,small_business,14%, 124 , 12.2 ,2.24,742," 5,190 "," 105,418 ",66.2,3,0,0,1
1,debt_consolidation,11%, 456 , 10.4 ,18.07,717," 2,490 "," 7,292 ",65.1,1,0,0,0
1,major_purchase,15%, 517 , 10.5 ,9.17,732," 1,892 ", -   ,40,2,0,0,0
1,debt_consolidation,14%, 85 , 10.6 ,13.5,677," 3,720 "," 2,542 ",29.9,2,0,0,0
1,debt_consolidation,8%, 156 , 10.3 ,7.96,767," 4,170 "," 3,067 ",11.9,0,0,0,0
1,debt_consolidation,16%, 848 , 11.6 ,1.1,702," 4,381 "," 2,883 ",31,0,0,0,0
1,debt_consolidation,13%, 254 , 11.2 ,24.23,692," 5,250 "," 3,290 ",50.6,1,0,0,0
1,debt_consolidation,14%, 604 , 11.4 ,8.73,692," 5,402 "," 19,281 ",89.7,0,0,0,0
1,small_business,16%, 875 , 11.5 ,7.36,767," 5,340 ", -   ,0,0,0,0,0
1,all_other,8%, 156 , 10.6 ,10.98,757," 4,770 "," 11,305 ",52.6,3,0,0,0
1,debt_consolidation,13%, 336 , 10.7 ,12.64,692," 6,180 "," 9,123 ",50.2,2,0,0,0
1,home_improvement,15%, 186 , 9.9 ,4.8,702," 1,560 "," 3,713 ",77.4,0,0,0,0
1,debt_consolidation,13%, 812 , 12.6 ,13.89,727," 5,190 "," 43,922 ",65.7,2,0,0,0
1,debt_consolidation,16%, 686 , 11.1 ,13.58,677," 4,830 "," 11,189 ",65.1,0,0,1,1
1,debt_consolidation,13%, 202 , 10.1 ,8.7,692," 2,400 "," 3,374 ",63.7,0,0,0,0
1,debt_consolidation,16%, 849 , 11.0 ,21.78,692," 3,000 "," 35,819 ",95.8,0,0,0,0
1,debt_consolidation,13%, 203 , 10.7 ,22.32,687," 2,310 "," 7,115 ",76.5,0,0,0,0
1,home_improvement,13%, 673 , 10.9 ,0.23,802," 6,240 ", 41 ,0.2,3,0,0,1
1,home_improvement,14%, 341 , 11.2 ,7.89,692," 3,180 ", -   ,0,0,0,0,0
1,credit_card,11%, 330 , 10.4 ,23.41,722," 3,180 "," 9,430 ",45.3,0,0,0,0
1,credit_card,8%, 100 , 10.9 ,21.49,722," 3,896 "," 3,630 ",71.2,1,0,0,0
1,major_purchase,14%, 206 , 9.9 ,0.87,682," 1,920 ", 422 ,7.7,0,0,0,0
1,home_improvement,9%, 318 , 10.6 ,6.61,752," 2,160 ", 3 ,0,0,0,0,0
1,credit_card,13%, 261 , 10.3 ,22.42,692," 6,990 "," 7,751 ",52.7,0,0,1,1
1,debt_consolidation,13%, 284 , 10.5 ,2.3,687," 2,521 "," 2,047 ",27.7,1,1,0,0
1,debt_consolidation,14%, 171 , 10.5 ,5.68,687," 1,650 "," 4,324 ",86.5,1,0,0,0
1,debt_consolidation,16%, 622 , 11.4 ,17.35,667," 4,980 "," 14,555 ",70,0,0,0,0
1,debt_consolidation,11%, 230 , 10.6 ,21.99,717," 2,310 "," 6,823 ",71.1,1,0,0,0
1,debt_consolidation,12%, 331 , 10.6 ,0.54,732," 3,780 ", 554 ,14.2,0,0,1,0
1,home_improvement,13%, 837 , 11.8 ,11.13,752," 4,590 "," 40,327 ",54.8,5,0,0,0
1,debt_consolidation,8%, 187 , 11.7 ,4.7,767," 5,730 "," 4,378 ",27.4,0,0,0,0
1,all_other,10%, 483 , 11.1 ,7.69,752," 5,400 "," 8,816 ",23.8,0,0,0,0
1,credit_card,8%, 125 , 11.1 ,1.83,767," 4,920 "," 4,370 ",21,1,0,0,0
1,credit_card,15%, 277 , 11.5 ,5.65,662," 4,381 "," 12,080 ",74.1,1,2,1,0
1,debt_consolidation,14%, 564 , 11.2 ,14.09,692," 5,340 "," 17,357 ",83.9,1,0,0,0
1,major_purchase,9%, 310 , 10.7 ,14.99,762," 7,680 "," 5,164 ",11.9,0,0,0,0
1,debt_consolidation,11%, 394 , 11.9 ,2.37,737," 4,050 "," 10,944 ",29.8,0,0,0,0
1,debt_consolidation,13%, 254 , 10.9 ,15.56,697," 7,923 "," 4,552 ",25.6,1,0,0,0
1,all_other,11%, 119 , 10.3 ,11.23,717," 2,760 "," 1,866 ",74.6,0,0,0,0
1,debt_consolidation,13%, 398 , 11.2 ,20.42,692," 4,267 "," 12,764 ",44.3,0,0,1,0
1,credit_card,13%, 268 , 10.5 ,10.37,697," 9,842 "," 8,301 ",79.8,0,0,0,1
1,home_improvement,15%, 870 , 12.2 ,7.21,697," 5,101 "," 28,406 ",45,0,0,0,0
1,all_other,10%, 483 , 10.4 ,16.41,762," 3,091 "," 6,919 ",26.5,0,0,0,0
1,debt_consolidation,8%, 360 , 11.0 ,4.96,752," 5,704 "," 12,564 ",39.3,0,0,0,0
1,all_other,14%, 51 , 10.8 ,17.04,672," 3,900 "," 4,376 ",93.1,2,0,0,0
1,debt_consolidation,16%, 565 , 11.0 ,24.8,697," 13,170 "," 17,353 ",45.4,1,0,0,0
1,debt_consolidation,9%, 253 , 11.0 ,4.8,752," 3,660 "," 8,903 ",21.4,1,0,0,0
1,debt_consolidation,8%, 311 , 11.5 ,2.93,757," 3,720 "," 6,757 ",20.6,1,0,0,0
1,debt_consolidation,11%, 66 , 10.3 ,14.25,702," 3,180 ", 179 ,59.7,2,0,0,0
1,debt_consolidation,11%, 378 , 10.3 ,22.68,702," 1,861 ", 946 ,9,1,1,0,0
1,debt_consolidation,12%, 100 , 10.3 ,20.04,697," 1,650 "," 3,832 ",66.1,1,0,0,0
1,debt_consolidation,11%, 275 , 10.9 ,18.62,702," 4,940 "," 9,222 ",34.7,3,0,1,0
1,debt_consolidation,9%, 207 , 11.1 ,16.45,727," 3,840 "," 12,658 ",53.4,0,0,0,0
1,all_other,15%, 193 , 10.6 ,17.58,667," 5,280 "," 1,182 ",39.4,0,1,0,0
1,debt_consolidation,11%, 98 , 10.7 ,9.82,687," 6,462 "," 14,338 ",34.2,1,0,0,0
1,all_other,8%, 62 , 9.4 ,14.9,757," 5,438 "," 2,234 ",21.6,0,0,0,0
1,debt_consolidation,11%, 658 , 11.2 ,8.25,717," 12,692 "," 30,987 ",48.4,1,4,0,0
1,debt_consolidation,8%, 307 , 10.8 ,7.95,742," 3,990 "," 11,723 ",34.5,0,0,0,0
1,all_other,7%, 49 , 11.3 ,3.65,782," 3,333 "," 6,955 ",14.6,4,0,0,0
1,credit_card,10%, 389 , 11.4 ,18.56,732," 3,510 "," 15,173 ",41.6,2,0,0,0
1,debt_consolidation,11%, 798 , 11.7 ,13.73,727," 5,070 "," 28,237 ",59.7,0,0,0,0
1,credit_card,15%, 45 , 10.7 ,16,662," 6,750 "," 8,856 ",90,0,3,0,0
1,debt_consolidation,8%, 280 , 10.9 ,16.29,767," 4,410 "," 4,688 ",16.4,0,0,0,0
1,all_other,7%, 77 , 10.3 ,2.38,752," 5,610 "," 1,988 ",13.3,2,0,0,0
1,credit_card,15%, 366 , 10.5 ,14.3,672," 6,450 "," 14,726 ",92.6,0,0,1,0
1,major_purchase,11%, 651 , 10.7 ,19.17,737," 3,750 "," 11,141 ",48,1,0,0,0
1,debt_consolidation,14%, 443 , 10.9 ,13.9,682," 4,290 "," 20,437 ",73.5,1,0,0,0
1,all_other,16%, 531 , 11.2 ,11.02,662," 7,830 "," 16,478 ",84.9,0,0,0,0
1,all_other,10%, 259 , 11.5 ,2.68,717," 3,840 "," 3,194 ",5.1,3,0,0,0
1,debt_consolidation,8%, 257 , 11.2 ,12.23,747," 6,840 "," 8,185 ",46,2,0,0,0
1,all_other,15%, 448 , 10.7 ,22.98,677," 3,288 "," 7,719 ",55.9,0,0,0,0
1,all_other,13%, 71 , 9.6 ,19.04,672," 1,950 "," 4,285 ",62.1,0,0,0,0
1,all_other,14%, 162 , 9.7 ,11.64,677," 4,080 "," 5,166 ",86.1,0,1,0,1
1,all_other,16%, 425 , 12.0 ,10.05,692," 4,053 "," 22,215 ",90.3,0,0,0,0
1,major_purchase,8%, 203 , 11.2 ,23.09,722," 8,130 "," 16,559 ",31.7,1,0,0,0
1,credit_card,11%, 619 , 11.3 ,13.29,737," 5,070 "," 14,462 ",36.1,1,0,0,0
1,debt_consolidation,10%, 154 , 9.5 ,14.62,707," 2,100 "," 5,905 ",64.2,1,0,0,0
1,credit_card,8%, 313 , 10.6 ,19.77,737," 4,500 "," 15,664 ",62.7,2,0,0,0
1,major_purchase,10%, 81 , 10.3 ,21.16,717," 2,280 "," 7,747 ",61,1,0,0,0
1,debt_consolidation,11%, 724 , 11.6 ,8.51,717," 7,920 "," 20,418 ",74.8,0,0,0,0
1,major_purchase,10%, 130 , 10.6 ,4.2,727," 3,240 "," 3,276 ",42,1,0,0,0
1,all_other,11%, 687 , 11.3 ,18.82,757," 7,140 "," 31,503 ",60.6,3,0,0,0
1,all_other,8%, 156 , 10.1 ,3.6,787," 4,800 "," 1,574 ",10.2,1,0,0,0
1,credit_card,8%, 93 , 9.6 ,14.55,742," 1,919 "," 1,932 ",24.1,4,0,0,0
1,major_purchase,7%, 155 , 10.4 ,7.46,762," 4,920 "," 26,110 ",40.4,2,0,0,0
1,debt_consolidation,13%, 405 , 10.7 ,22.43,692," 5,490 "," 10,337 ",61.9,0,0,0,0
1,debt_consolidation,10%, 194 , 11.5 ,21.9,712," 3,030 "," 6,809 ",42.3,3,0,0,0
1,all_other,13%, 71 , 10.0 ,3.7,667," 2,910 "," 1,103 ",36.8,1,0,0,0
1,debt_consolidation,13%, 678 , 10.9 ,10.89,702," 4,110 "," 15,537 ",81.8,0,0,0,0
1,debt_consolidation,16%, 350 , 10.8 ,23.63,662," 5,850 "," 10,586 ",63.8,0,2,0,0
1,major_purchase,16%, 212 , 10.2 ,15.13,682," 4,320 "," 7,886 ",98.6,0,0,0,0
1,all_other,15%, 372 , 10.1 ,1.96,677," 4,682 "," 1,713 ",24.1,0,0,0,0
1,debt_consolidation,15%, 644 , 11.0 ,11.2,732," 4,391 "," 4,978 ",99.6,0,0,0,0
1,debt_consolidation,11%, 393 , 11.5 ,4.47,732," 8,401 "," 13,855 ",42.5,0,0,0,0
1,all_other,10%, 309 , 10.4 ,17.06,732," 4,475 "," 8,153 ",62.7,1,0,0,0
1,major_purchase,14%, 137 , 9.4 ,2.4,707," 1,290 "," 1,088 ",51.8,1,0,0,0
1,debt_consolidation,13%, 607 , 11.2 ,10.25,702," 3,300 "," 8,613 ",40.6,0,0,1,1
1,debt_consolidation,11%, 138 , 10.4 ,7.49,687," 1,851 "," 4,898 ",17.4,1,0,0,1
1,debt_consolidation,15%, 583 , 10.5 ,15.73,672," 1,950 "," 15,353 ",84.4,1,0,0,0
1,small_business,10%, 810 , 11.8 ,0.13,787," 8,010 "," 6,330 ",8.4,1,0,0,0
1,debt_consolidation,14%, 411 , 10.9 ,13.93,682," 4,290 "," 7,642 ",94.4,2,1,1,0
1,debt_consolidation,16%, 584 , 11.5 ,15.1,667," 4,620 "," 19,257 ",92.6,1,0,0,1
1,all_other,14%, 512 , 11.0 ,12.74,682," 3,420 "," 21,113 ",72.6,2,0,0,0
1,debt_consolidation,13%, 537 , 10.7 ,19.29,717," 3,001 "," 12,790 ",49.8,0,0,0,1
1,credit_card,8%, 225 , 11.1 ,19.47,727," 5,130 "," 10,861 ",57.5,1,0,0,0
1,debt_consolidation,15%, 383 , 11.2 ,24.12,672," 5,370 "," 18,107 ",68.8,2,0,0,0
1,credit_card,14%, 682 , 11.7 ,13.61,707," 3,360 "," 22,061 ",91.9,1,0,0,0
1,debt_consolidation,17%, 304 , 11.2 ,7.86,662," 2,730 "," 15,350 ",84,3,1,0,0
1,all_other,10%, 648 , 11.0 ,16.32,752," 2,130 "," 2,526 ",26.3,0,0,0,0
1,debt_consolidation,13%, 407 , 11.6 ,11.18,682," 7,680 "," 1,392 ",13.9,1,0,0,0
1,small_business,13%, 675 , 11.8 ,9.21,732," 6,060 "," 28,651 ",92.4,0,1,0,1
1,all_other,14%, 512 , 11.2 ,16.24,707," 6,240 "," 14,153 ",95.6,1,0,0,1
1,debt_consolidation,11%, 498 , 10.8 ,8.56,717," 1,980 "," 13,402 ",23.3,1,0,0,0
1,debt_consolidation,8%, 266 , 10.9 ,7.85,737," 2,821 "," 8,799 ",47.8,0,0,0,0
1,all_other,10%, 104 , 11.4 ,2.51,737," 4,260 "," 8,497 ",73.2,1,0,0,0
1,all_other,10%, 483 , 11.4 ,0.21,797," 5,550 ", 365 ,3.7,0,0,0,0
1,home_improvement,8%, 313 , 10.3 ,4.84,772," 5,040 "," 9,239 ",46.7,0,0,0,0
1,major_purchase,7%, 155 , 11.5 ,8.33,752," 7,350 "," 28,209 ",58.4,0,0,0,0
1,all_other,8%, 311 , 11.5 ,5.96,802," 4,560 ", 202 ,1.3,2,0,0,0
1,major_purchase,11%, 769 , 12.2 ,0.67,807," 4,710 ", -   ,0,1,0,0,0
1,debt_consolidation,7%, 278 , 11.5 ,10.04,787," 6,781 "," 17,107 ",35.6,0,0,0,0
1,small_business,13%, 671 , 11.8 ,7.91,747," 6,316 "," 15,864 ",96.9,1,0,0,0
1,debt_consolidation,14%, 614 , 10.9 ,13.59,692," 4,170 "," 19,994 ",49.4,0,0,0,1
1,all_other,13%, 201 , 11.0 ,12.8,682," 3,030 "," 7,088 ",63.3,0,0,1,0
1,credit_card,16%, 637 , 12.6 ,6.77,717," 3,870 "," 31,244 ",20.8,3,0,0,0
1,small_business,13%, 411 , 10.8 ,16.63,697," 3,781 "," 6,873 ",41.9,0,0,1,0
1,small_business,13%, 269 , 11.1 ,15.26,727," 5,670 "," 33,274 ",97.9,2,0,0,0
1,debt_consolidation,10%, 405 , 11.1 ,11.77,732," 5,250 "," 3,427 ",16.2,1,0,0,0
1,debt_consolidation,14%, 252 , 9.9 ,12.44,682," 3,390 "," 10,619 ",94,3,0,0,0
1,home_improvement,11%, 818 , 12.1 ,0.07,797," 6,840 ", -   ,0,0,0,0,0
1,debt_consolidation,14%, 256 , 11.0 ,14.33,682," 4,050 "," 4,955 ",88.5,1,0,0,0
1,all_other,14%, 343 , 10.5 ,3.83,697," 3,570 ", 344 ,34.4,3,2,0,1
1,debt_consolidation,10%, 483 , 11.1 ,6.76,757," 6,930 "," 16,223 ",22.9,0,0,0,0
1,debt_consolidation,11%, 469 , 10.5 ,22.43,722," 2,790 "," 10,899 ",84.5,0,0,0,1
1,debt_consolidation,13%, 237 , 10.8 ,11.09,677," 3,090 "," 6,923 ",65.9,0,0,0,0
1,credit_card,13%, 61 , 13.1 ,1.3,667," 1,869 "," 10,201 ",65,0,0,0,0
1,debt_consolidation,11%, 814 , 11.9 ,3.45,792," 8,250 "," 42,863 ",0,1,0,0,0
1,debt_consolidation,13%, 675 , 11.4 ,11.6,707," 4,803 "," 35,052 ",61.1,3,0,0,0
1,debt_consolidation,15%, 87 , 10.5 ,4.22,672," 1,530 ", -   ,0,1,0,0,0
1,all_other,8%, 375 , 11.7 ,19.6,747," 5,100 "," 46,882 ",29.6,0,0,0,0
1,debt_consolidation,8%, 313 , 11.4 ,4.48,762," 3,750 ", 86 ,0.2,0,0,0,0
1,major_purchase,10%, 162 , 10.4 ,1.42,727," 4,470 ", 245 ,30.6,1,0,0,0
1,debt_consolidation,13%, 270 , 10.6 ,17.82,702," 6,714 "," 20,155 ",59.6,1,0,0,0
1,all_other,11%, 790 , 11.7 ,24.7,727," 9,240 "," 47,360 ",79.9,1,0,0,0
1,all_other,14%, 127 , 9.8 ,3.36,707," 1,260 "," 1,605 ",45.9,0,0,0,0
1,home_improvement,11%, 138 , 11.2 ,10.57,687," 3,365 "," 5,634 ",30.5,0,0,0,0
1,credit_card,13%, 472 , 11.2 ,21.34,692," 3,450 "," 17,457 ",71.3,0,0,0,0
1,debt_consolidation,10%, 61 , 10.1 ,10.81,702," 3,090 "," 1,338 ",38.2,0,0,0,0
1,debt_consolidation,13%, 336 , 11.0 ,19.64,692," 3,030 "," 6,486 ",75.4,0,0,0,0
1,debt_consolidation,15%, 418 , 11.5 ,20.48,667," 8,011 "," 88,599 ",60.9,3,1,0,0
1,debt_consolidation,15%, 866 , 11.0 ,18.5,702," 2,760 "," 16,641 ",44.6,2,0,0,0
1,all_other,8%, 544 , 12.0 ,8.12,772," 7,710 "," 8,062 ",8.1,1,0,0,0
1,debt_consolidation,19%, 917 , 11.5 ,16.03,712," 5,640 "," 33,894 ",99.4,0,0,0,0
1,debt_consolidation,18%, 866 , 11.9 ,23.44,672," 3,630 "," 92,965 ",61.9,0,0,0,1
1,all_other,11%, 84 , 11.1 ,18.42,682," 2,910 "," 8,403 ",21.5,1,1,0,0
1,all_other,13%, 170 , 11.1 ,2.71,682," 4,080 "," 3,803 ",37.7,0,0,0,0
1,all_other,8%, 375 , 12.2 ,3.02,767," 5,580 "," 54,526 ",25.4,2,0,0,0
1,all_other,10%, 194 , 10.5 ,14.9,762," 8,882 "," 17,905 ",56,0,0,0,0
1,major_purchase,7%, 74 , 11.1 ,12.19,742," 3,300 ", 762 ,14.1,0,0,0,0
1,small_business,14%, 343 , 10.7 ,4.51,692," 3,420 "," 9,696 ",66.4,0,0,0,0
1,debt_consolidation,15%, 871 , 11.8 ,16.35,697," 5,700 "," 38,416 ",59.4,2,0,0,0
1,major_purchase,8%, 469 , 11.7 ,5.94,787," 5,670 "," 15,427 ",44.7,0,0,0,0
1,debt_consolidation,15%, 689 , 11.1 ,23.52,682," 4,380 "," 16,769 ",68.7,1,0,0,0
1,debt_consolidation,10%, 421 , 11.6 ,17.22,727," 7,200 "," 48,006 ",56.8,2,0,0,0
1,debt_consolidation,11%, 196 , 10.9 ,22.49,697," 3,090 "," 27,103 ",80.7,0,0,0,0
1,debt_consolidation,13%, 371 , 10.4 ,14.58,687," 1,980 "," 5,763 ",60.7,0,0,0,0
1,credit_card,11%, 367 , 11.9 ,7.13,722," 3,900 "," 14,766 ",43.9,0,0,0,0
1,credit_card,7%, 186 , 10.9 ,17.26,767," 3,961 "," 8,039 ",34.4,0,0,0,0
1,debt_consolidation,11%, 263 , 11.1 ,15.04,697," 3,690 "," 21,850 ",56.2,3,0,0,0
1,credit_card,11%, 163 , 10.1 ,7.06,702," 2,792 "," 3,780 ",19.4,3,0,0,0
1,debt_consolidation,11%, 228 , 11.0 ,18.29,712," 3,000 "," 13,571 ",30.7,1,0,0,0
1,all_other,13%, 269 , 10.5 ,5.11,717," 3,030 "," 3,878 ",38.8,0,0,0,1
1,debt_consolidation,8%, 311 , 10.1 ,10.8,787," 5,520 ", 663 ,1.7,3,0,0,0
1,debt_consolidation,11%, 205 , 10.3 ,23.88,702," 1,920 "," 5,583 ",58.8,2,0,0,0
1,home_improvement,13%, 590 , 11.3 ,3.6,742," 8,311 ", 221 ,44.2,5,0,0,0
1,debt_consolidation,13%, 252 , 10.2 ,11.91,697," 5,040 "," 6,202 ",33.7,2,1,0,0
1,all_other,10%, 486 , 11.7 ,14.2,732," 13,410 "," 19,962 ",49,1,0,0,0
1,debt_consolidation,11%, 208 , 11.2 ,23.54,707," 3,840 "," 5,732 ",79.6,3,0,0,0
1,debt_consolidation,14%, 836 , 11.3 ,21.72,712," 5,250 "," 33,313 ",74.4,0,0,0,0
1,major_purchase,13%, 170 , 10.8 ,3.13,697," 4,440 ", 198 ,39.6,1,0,0,1
1,all_other,10%, 712 , 11.2 ,15.46,762," 5,580 "," 17,346 ",18.6,0,0,0,0
1,all_other,8%, 116 , 11.0 ,22.99,742," 7,302 "," 18,728 ",42.1,0,0,0,0
1,debt_consolidation,11%, 488 , 10.8 ,16.18,732," 3,030 "," 12,365 ",56.2,3,0,0,0
1,debt_consolidation,11%, 391 , 11.4 ,24.16,717," 3,840 "," 32,751 ",62.5,0,0,0,0
1,all_other,10%, 145 , 10.4 ,20.76,722," 2,220 "," 1,792 ",39.8,3,0,0,0
1,debt_consolidation,10%, 324 , 10.6 ,20.86,717," 4,260 "," 9,844 ",39.1,0,0,0,0
1,all_other,7%, 186 , 11.4 ,3.42,767," 8,970 "," 6,760 ",12.5,0,0,0,0
1,debt_consolidation,15%, 448 , 10.9 ,13.64,677," 2,850 "," 10,525 ",80.3,0,0,0,0
1,debt_consolidation,8%, 109 , 9.9 ,24.32,717," 11,850 "," 2,357 ",8.8,1,0,0,0
1,all_other,14%, 573 , 11.0 ,5.36,697," 2,099 "," 11,330 ",68.3,0,0,0,0
1,debt_consolidation,13%, 611 , 10.9 ,21.26,697," 5,850 "," 27,292 ",52.7,0,0,0,0
1,major_purchase,7%, 31 , 10.8 ,16.99,762," 5,580 ", 737 ,7.8,1,0,0,0
1,small_business,11%, 393 , 11.9 ,19.25,712," 7,590 "," 143,499 ",73.8,1,0,0,0
1,all_other,8%, 63 , 10.2 ,21.56,717," 2,220 "," 8,344 ",42.8,1,0,0,0
1,debt_consolidation,15%, 279 , 11.3 ,16.04,677," 6,030 "," 25,573 ",95.4,3,0,1,0
1,all_other,11%, 66 , 11.2 ,0.34,697," 2,160 ", 218 ,14.5,2,0,0,0
1,debt_consolidation,13%, 678 , 11.5 ,20.5,702," 3,750 "," 26,669 ",62.3,2,0,0,0
1,debt_consolidation,8%, 228 , 10.7 ,10.74,727," 2,790 "," 8,075 ",52.8,0,0,0,0
1,debt_consolidation,16%, 301 , 10.2 ,15.83,677," 1,473 "," 9,306 ",97.6,0,0,0,1
1,debt_consolidation,11%, 651 , 10.3 ,12.58,762," 4,110 "," 6,011 ",33.4,0,0,0,0
1,debt_consolidation,11%, 818 , 11.1 ,19.9,752," 4,200 "," 8,392 ",21.7,0,0,0,0
1,debt_consolidation,11%, 403 , 10.3 ,21.68,702," 3,420 "," 15,079 ",54,1,1,0,0
1,debt_consolidation,15%, 209 , 10.3 ,11.26,667," 1,560 "," 5,446 ",70.7,0,0,0,0
1,all_other,8%, 188 , 10.7 ,10.3,777," 4,592 "," 1,490 ",9.6,0,0,0,0
1,debt_consolidation,15%, 460 , 10.9 ,12.19,677," 3,270 "," 9,410 ",72.4,0,1,0,0
1,educational,8%, 311 , 10.7 ,1.92,792," 6,543 "," 1,569 ",2.4,2,0,0,0
1,major_purchase,14%, 682 , 10.8 ,13.15,697," 3,450 "," 8,230 ",43.3,0,0,0,0
1,debt_consolidation,13%, 269 , 10.3 ,15.5,687," 1,980 "," 9,070 ",58.5,2,0,0,0
1,all_other,11%, 228 , 11.4 ,17.58,707," 6,180 "," 2,805 ",14.6,0,1,0,0
1,debt_consolidation,7%, 93 , 11.0 ,12.85,732," 3,480 "," 3,210 ",12.7,0,0,0,0
1,debt_consolidation,11%, 524 , 10.5 ,20.18,722," 4,830 "," 21,370 ",33.8,1,0,0,0
1,debt_consolidation,10%, 324 , 11.1 ,15.17,717," 8,610 "," 8,180 ",49.6,1,0,0,0
1,debt_consolidation,13%, 331 , 10.4 ,8.25,687," 6,635 "," 5,745 ",18.4,2,1,0,1
1,debt_consolidation,14%, 341 , 10.8 ,16.5,702," 4,383 "," 20,800 ",29.9,2,1,0,0
1,credit_card,11%, 658 , 11.2 ,19.65,717," 7,050 "," 51,027 ",41.8,2,1,0,0
1,major_purchase,11%, 260 , 11.4 ,17.92,732," 4,560 "," 28,824 ",39.2,0,0,0,0
1,debt_consolidation,11%, 823 , 11.4 ,11.11,732," 4,921 "," 7,462 ",33.8,3,1,0,0
1,debt_consolidation,15%, 862 , 11.2 ,14.64,712," 4,560 "," 31,675 ",64,0,0,0,0
1,educational,11%, 98 , 10.2 ,10.6,717," 3,840 "," 7,154 ",68.8,0,0,0,0
1,debt_consolidation,11%, 453 , 11.2 ,15.41,717," 3,030 "," 18,519 ",55.8,0,0,0,0
1,debt_consolidation,7%, 248 , 11.5 ,10.16,772," 4,380 "," 21,557 ",26.2,1,0,0,0
1,debt_consolidation,8%, 187 , 10.7 ,6.64,742," 2,250 "," 5,999 ",19.5,1,0,0,0
1,all_other,10%, 322 , 11.3 ,1.73,752," 3,767 "," 2,403 ",22,4,0,0,0
1,credit_card,13%, 271 , 11.3 ,13.07,687," 4,230 "," 28,539 ",94.5,0,0,0,1
1,home_improvement,10%, 644 , 11.3 ,8.25,792," 8,506 "," 16,835 ",15.8,1,0,0,0
1,debt_consolidation,13%, 336 , 10.5 ,8.71,702," 4,530 "," 6,907 ",29.3,0,0,0,0
1,credit_card,11%, 494 , 11.9 ,9,742," 4,080 "," 7,939 ",85.4,1,0,0,0
1,credit_card,8%, 407 , 11.8 ,14.09,752," 10,050 "," 28,184 ",43.2,1,0,0,0
1,debt_consolidation,13%, 839 , 11.4 ,15.47,722," 5,708 "," 23,251 ",70.7,0,0,0,0
1,credit_card,11%, 772 , 12.0 ,17.76,727," 8,130 "," 72,623 ",50.8,1,0,0,0
1,all_other,11%, 230 , 10.9 ,8.61,697," 2,136 "," 9,342 ",43.9,2,0,0,0
1,all_other,14%, 411 , 11.0 ,16.06,687," 1,350 "," 15,548 ",75.1,0,0,0,0
1,debt_consolidation,11%, 658 , 11.0 ,15.28,717," 2,640 "," 12,880 ",61.7,2,0,0,0
1,credit_card,10%, 486 , 11.2 ,23.85,737," 3,810 "," 27,801 ",49.4,0,0,0,0
1,debt_consolidation,8%, 282 , 10.8 ,10.22,737," 4,200 "," 9,874 ",54.9,1,0,0,0
1,debt_consolidation,8%, 250 , 10.6 ,24.33,747," 2,701 "," 2,668 ",14.1,2,0,0,0
1,debt_consolidation,14%, 682 , 11.5 ,23.45,712," 7,921 "," 37,642 ",93.9,1,0,0,0
1,debt_consolidation,11%, 197 , 10.5 ,9,742," 1,620 ", 59 ,1.5,3,0,0,0
1,debt_consolidation,13%, 403 , 10.8 ,18.35,697," 3,960 "," 12,006 ",46.4,0,1,0,0
1,home_improvement,8%, 313 , 10.4 ,21.23,747," 4,735 "," 9,736 ",16.7,2,0,0,0
1,debt_consolidation,13%, 540 , 11.0 ,20.96,707," 4,620 "," 16,327 ",70.1,0,0,0,0
1,educational,10%, 324 , 10.4 ,11.04,737," 2,610 "," 1,297 ",49.9,2,0,0,0
1,debt_consolidation,11%, 164 , 10.7 ,9.53,737," 2,430 "," 3,184 ",42.5,1,0,0,0
1,debt_consolidation,10%, 548 , 11.2 ,16.82,747," 6,780 "," 19,388 ",19.8,0,0,0,0
1,all_other,14%, 549 , 11.7 ,12.41,707," 4,440 "," 33,113 ",97.4,2,0,0,1
1,credit_card,14%, 300 , 10.5 ,12.77,687," 3,570 "," 12,326 ",92.7,1,0,0,0
1,debt_consolidation,13%, 806 , 11.4 ,15.27,722," 5,340 "," 9,138 ",62.2,0,0,0,0
1,credit_card,10%, 322 , 10.1 ,19.61,737," 2,970 "," 12,652 ",66.2,1,0,0,0
1,debt_consolidation,10%, 311 , 10.7 ,14.88,717," 4,470 "," 7,968 ",57.7,1,0,0,0
1,debt_consolidation,14%, 377 , 11.0 ,18.6,682," 4,470 "," 16,634 ",94.5,0,0,0,0
1,small_business,14%, 597 , 11.2 ,22.18,697," 3,210 "," 38,537 ",88,3,0,0,1
1,debt_consolidation,15%, 173 , 11.3 ,13.24,687," 2,970 "," 11,375 ",87.2,0,0,0,0
1,debt_consolidation,13%, 839 , 11.7 ,21.63,712," 5,580 "," 13,833 ",64.9,2,0,0,0
1,all_other,8%, 469 , 11.3 ,3.41,807," 7,410 "," 36,048 ",61.1,1,0,0,0
1,debt_consolidation,10%, 324 , 11.4 ,12.12,712," 3,540 "," 10,354 ",32,0,0,0,0
1,credit_card,10%, 97 , 10.2 ,23.61,702," 2,280 "," 2,325 ",9,2,0,0,0
1,all_other,11%, 180 , 11.0 ,17.42,697," 5,700 ", 723 ,16.4,0,3,0,0
1,debt_consolidation,8%, 358 , 11.1 ,9.82,787," 5,558 "," 1,944 ",13.6,3,0,0,0
1,credit_card,13%, 394 , 11.0 ,10.9,682," 4,560 "," 3,715 ",26.5,1,0,0,0
1,debt_consolidation,14%, 327 , 11.4 ,4.95,677," 4,290 "," 16,733 ",70,1,0,0,0
1,all_other,10%, 324 , 11.1 ,9.3,742," 1,547 "," 3,543 ",12.8,1,0,0,0
1,all_other,8%, 299 , 11.0 ,9.89,777," 5,250 "," 3,592 ",13.2,1,0,0,0
1,debt_consolidation,11%, 145 , 11.1 ,18.22,687," 2,301 "," 14,878 ",50.8,2,0,0,0
1,all_other,11%, 393 , 11.4 ,13.43,707," 5,610 "," 22,853 ",58.7,1,0,0,0
1,debt_consolidation,13%, 135 , 9.9 ,20.88,677," 3,090 "," 9,418 ",38.1,0,1,0,1
1,major_purchase,16%, 350 , 11.2 ,3.29,662," 6,960 "," 4,322 ",86.4,0,0,4,0
1,all_other,8%, 219 , 10.8 ,10.68,727," 4,260 ", 973 ,14.1,0,0,1,0
1,debt_consolidation,16%, 875 , 11.8 ,14.21,692," 3,330 "," 25,262 ",73.7,0,0,0,0
1,credit_card,11%, 327 , 10.9 ,24.67,707," 4,770 "," 14,287 ",17.9,1,0,0,0
1,credit_card,8%, 342 , 10.6 ,8.87,757," 4,290 "," 11,157 ",45,0,0,0,0
1,debt_consolidation,13%, 201 , 10.6 ,19.63,677," 6,390 "," 4,987 ",56,1,0,0,0
1,home_improvement,8%, 469 , 11.9 ,4.05,772," 4,710 "," 8,213 ",15.1,0,0,0,0
1,debt_consolidation,15%, 414 , 10.9 ,16.53,687," 1,201 "," 9,114 ",54.6,0,0,0,0
1,major_purchase,11%, 786 , 11.4 ,15.69,742," 4,845 "," 14,065 ",38.9,1,0,0,0
1,all_other,8%, 31 , 11.2 ,17.15,717," 3,690 "," 23,572 ",66.6,1,0,0,0
1,educational,8%, 375 , 10.6 ,14.79,762," 2,611 "," 1,357 ",7.1,0,0,0,0
1,major_purchase,14%, 518 , 11.7 ,0,692," 2,250 ", -   ,0,0,0,0,1
1,all_other,14%, 55 , 11.0 ,20.15,682," 2,580 "," 21,370 ",95.4,0,0,0,0
1,debt_consolidation,11%, 823 , 11.7 ,12.74,732," 6,690 "," 26,510 ",65.8,0,0,0,0
1,debt_consolidation,7%, 77 , 11.1 ,0.2,762," 7,260 "," 2,153 ",23.2,0,0,0,0
1,credit_card,11%, 814 , 11.3 ,12.32,757," 6,450 "," 24,413 ",44.7,0,0,0,0
1,debt_consolidation,15%, 453 , 11.0 ,22.76,677," 7,005 "," 24,648 ",90,2,0,0,0
1,debt_consolidation,14%, 682 , 12.1 ,9.18,692," 5,886 "," 12,970 ",74.5,2,0,0,0
1,all_other,10%, 486 , 10.5 ,3.66,742," 2,730 "," 3,508 ",21.1,2,0,0,0
1,major_purchase,8%, 219 , 10.9 ,21.84,722," 5,520 "," 23,302 ",67.6,2,0,0,0
1,home_improvement,11%, 491 , 12.3 ,0.41,752," 4,600 "," 2,583 ",15.9,0,0,0,0
1,credit_card,11%, 42 , 10.7 ,18.83,692," 5,190 "," 9,961 ",85.9,1,0,0,0
1,credit_card,11%, 622 , 10.8 ,24.53,727," 2,430 "," 20,371 ",65.4,0,0,0,0
1,all_other,15%, 522 , 11.4 ,22.63,682," 3,660 "," 21,180 ",96.7,2,0,0,1
1,major_purchase,8%, 131 , 10.6 ,15.57,742," 2,340 "," 1,801 ",62.1,2,0,0,0
1,debt_consolidation,15%, 243 , 10.0 ,17.06,672," 1,422 "," 9,707 ",46.2,3,0,0,0
1,debt_consolidation,13%, 403 , 11.4 ,22.75,697," 5,010 "," 42,632 ",45.9,3,0,0,0
1,all_other,7%, 111 , 10.8 ,22.38,747," 10,350 "," 24,809 ",62.5,3,0,0,0
1,all_other,10%, 324 , 10.2 ,15.45,722," 2,610 "," 2,429 ",81,3,0,0,0
1,home_improvement,10%, 130 , 11.2 ,22.23,712," 4,830 "," 33,317 ",44.6,0,0,0,0
1,debt_consolidation,11%, 550 , 10.5 ,20.13,722," 2,220 "," 10,887 ",57.3,0,0,0,0
1,debt_consolidation,13%, 439 , 11.1 ,18.68,707," 1,800 "," 15,362 ",49.9,3,0,0,0
1,debt_consolidation,11%, 66 , 11.0 ,15.26,687," 4,740 "," 23,068 ",84.8,1,0,0,0
1,debt_consolidation,11%, 180 , 10.8 ,19.79,697," 3,060 "," 6,035 ",23.9,0,0,0,0
1,debt_consolidation,13%, 506 , 11.4 ,11.24,692," 7,800 "," 17,354 ",38.2,1,0,0,0
1,debt_consolidation,13%, 269 , 12.9 ,2.01,702," 3,660 "," 10,572 ",56.2,1,0,0,0
1,debt_consolidation,11%, 327 , 11.2 ,6.69,712," 6,030 "," 12,529 ",67.7,0,0,0,0
1,debt_consolidation,21%, 771 , 11.1 ,24.52,662," 3,660 "," 16,491 ",99.9,1,1,0,1
1,major_purchase,11%, 260 , 11.0 ,7.42,762," 2,280 ", 970 ,5.9,1,0,0,0
1,debt_consolidation,11%, 790 , 11.5 ,19.79,732," 4,650 "," 21,459 ",52,0,0,0,0
1,debt_consolidation,14%, 686 , 12.3 ,12.04,692," 6,180 "," 42,465 ",63.1,0,0,0,0
1,major_purchase,15%, 327 , 10.0 ,11.41,692," 5,239 ", 144 ,28.8,1,0,0,0
1,major_purchase,14%, 369 , 10.1 ,11.38,677," 1,470 "," 7,634 ",50.9,0,0,0,0
1,major_purchase,7%, 111 , 11.0 ,16.51,732," 4,290 "," 22,646 ",65.3,1,0,0,0
1,major_purchase,10%, 129 , 9.5 ,17.54,732," 2,010 "," 4,853 ",68.4,3,0,0,0
1,credit_card,16%, 880 , 11.8 ,19.62,697," 8,910 "," 61,165 ",91.3,0,0,0,0
1,debt_consolidation,15%, 346 , 10.6 ,16.42,687," 6,701 "," 16,591 ",15.3,0,1,0,0
1,debt_consolidation,13%, 721 , 10.7 ,17.68,702," 4,860 "," 19,484 ",46.5,0,0,0,0
1,debt_consolidation,10%, 486 , 11.6 ,15.34,747," 4,110 "," 10,705 ",24.6,2,0,0,0
1,debt_consolidation,8%, 169 , 10.9 ,21.27,727," 5,160 "," 19,843 ",59.9,0,0,0,0
1,debt_consolidation,11%, 491 , 10.5 ,11.24,717," 3,870 "," 11,023 ",68.9,2,0,0,0
1,debt_consolidation,14%, 307 , 10.7 ,24,697," 2,340 "," 9,170 ",90.8,1,0,0,0
1,all_other,13%, 405 , 10.5 ,13.71,692," 5,910 "," 8,896 ",54.6,2,0,0,0
1,educational,16%, 112 , 10.8 ,6.25,682," 1,246 "," 1,730 ",41.2,0,1,0,0
1,all_other,8%, 156 , 11.5 ,10.77,732," 5,880 "," 10,949 ",29,0,0,0,0
1,debt_consolidation,15%, 520 , 11.5 ,12.85,677," 6,513 "," 20,027 ",44.4,1,1,0,0
1,all_other,13%, 67 , 10.1 ,6.19,717," 4,140 ", -   ,0,0,0,0,0
1,debt_consolidation,13%, 204 , 10.5 ,14.77,682," 2,280 "," 2,662 ",30.6,1,0,0,0
1,credit_card,11%, 184 , 10.7 ,20.11,712," 2,340 "," 14,949 ",87.9,0,0,0,0
1,debt_consolidation,16%, 563 , 11.1 ,22.98,697," 4,620 "," 35,229 ",95.3,0,0,0,0
1,all_other,15%, 279 , 10.5 ,8.47,662," 2,389 "," 5,618 ",65.3,2,0,0,0
1,home_improvement,17%, 143 , 10.5 ,9.35,667," 4,680 "," 4,598 ",57.5,0,0,0,1
1,credit_card,11%, 393 , 11.3 ,14.14,732," 3,198 ", -   ,0,1,0,0,0
1,major_purchase,15%, 243 , 10.6 ,9.18,682," 2,520 ", -   ,0,1,1,0,0
1,all_other,8%, 93 , 10.1 ,5.55,727," 2,040 "," 4,296 ",20.4,0,0,0,1
1,home_improvement,11%, 327 , 11.2 ,17.04,707," 2,280 "," 2,578 ",25.3,2,0,0,0
1,credit_card,16%, 849 , 11.5 ,16.9,687," 7,620 "," 66,520 ",91.1,0,0,0,0
1,debt_consolidation,10%, 39 , 11.2 ,13.36,702," 4,835 "," 6,101 ",68.6,1,0,0,0
1,debt_consolidation,13%, 269 , 10.1 ,15.43,687," 2,928 "," 1,359 ",52.3,0,0,0,0
1,small_business,15%, 871 , 11.2 ,18.05,702," 9,540 "," 35,998 ",87.4,0,0,0,1
1,debt_consolidation,15%, 346 , 10.5 ,18.65,677," 3,870 "," 22,680 ",76.9,1,0,0,0
1,major_purchase,13%, 34 , 11.4 ,10.34,677," 3,810 "," 30,435 ",93.6,1,0,0,0
1,debt_consolidation,15%, 845 , 11.5 ,19,687," 5,340 "," 14,206 ",55.9,2,1,0,0
1,debt_consolidation,16%, 350 , 10.3 ,21,672," 1,740 "," 6,760 ",85.6,0,0,0,0
1,educational,8%, 282 , 12.2 ,4.18,737," 6,360 "," 5,663 ",13.2,2,1,0,1
1,educational,8%, 218 , 9.7 ,11.38,732," 9,840 "," 5,291 ",67,0,0,0,0
1,major_purchase,10%, 97 , 10.6 ,0.44,712," 4,080 "," 3,752 ",42.2,0,0,0,0
1,major_purchase,15%, 862 , 10.8 ,3.95,717," 2,430 ", -   ,0,2,0,0,1
1,debt_consolidation,16%, 350 , 10.6 ,21.73,662," 2,550 "," 12,421 ",77.1,0,0,0,0
1,credit_card,11%, 658 , 11.9 ,11.27,722," 3,570 "," 35,713 ",60.8,1,0,0,0
1,debt_consolidation,13%, 405 , 11.0 ,8.88,687," 5,970 "," 8,502 ",57.4,0,0,1,0
1,all_other,13%, 371 , 11.3 ,4.5,692," 3,271 "," 1,210 ",24.2,0,0,0,0
1,debt_consolidation,11%, 280 , 11.2 ,4.46,697," 3,330 "," 1,954 ",26.9,0,1,0,0
1,credit_card,11%, 720 , 12.0 ,7.26,757," 5,220 "," 29,740 ",57.2,0,0,0,0
1,all_other,13%, 504 , 10.1 ,10.9,722," 1,590 "," 9,156 ",34.3,1,0,0,1
1,home_improvement,20%, 894 , 11.7 ,2.35,667," 6,810 ", 366 ,4.3,0,2,0,0
1,debt_consolidation,11%, 823 , 11.8 ,20.51,727," 7,596 "," 43,567 ",76.8,0,0,0,0
1,all_other,15%, 243 , 10.5 ,9.65,662," 3,540 "," 12,392 ",73.8,1,0,0,1
1,debt_consolidation,10%, 771 , 11.6 ,5.41,772," 5,460 "," 4,678 ",11,2,0,0,0
1,debt_consolidation,17%, 214 , 10.8 ,4.8,667," 2,700 "," 6,451 ",97.7,0,0,0,0
1,debt_consolidation,16%, 875 , 11.5 ,9.68,717," 5,220 "," 19,466 ",99.3,0,0,0,0
1,all_other,7%, 148 , 11.5 ,13.4,787," 5,490 "," 80,723 ",27.1,0,0,0,0
1,home_improvement,11%, 545 , 11.5 ,10.2,727," 4,890 "," 22,627 ",47.7,2,0,0,0
1,all_other,11%, 589 , 11.3 ,22.82,717," 3,750 "," 18,940 ",72.2,0,1,0,0
1,all_other,15%, 34 , 10.3 ,6.15,682," 1,200 ", 681 ,52.4,0,0,0,0
1,debt_consolidation,15%, 871 , 11.3 ,13.96,697," 9,721 "," 26,018 ",43.9,0,1,0,0
1,all_other,15%, 260 , 11.4 ,17.6,667," 6,990 "," 16,517 ",31.2,0,0,0,0
1,debt_consolidation,16%, 177 , 9.7 ,1.88,677," 1,140 ", 981 ,65.4,0,0,0,0
1,small_business,14%, 273 , 10.6 ,10.83,677," 4,740 "," 5,485 ",76.2,1,0,0,1
1,all_other,11%, 132 , 10.9 ,16.13,687," 6,870 "," 6,874 ",48.1,0,1,0,0
1,credit_card,11%, 327 , 10.1 ,16.15,712," 2,520 "," 6,940 ",49.7,2,0,0,0
1,small_business,13%, 134 , 10.8 ,11.68,722," 4,596 ", 303 ,43.3,0,1,0,1
1,credit_card,15%, 416 , 10.4 ,9.78,687," 4,710 "," 9,261 ",95.5,0,0,0,0
1,all_other,17%, 53 , 10.3 ,3.16,662," 1,440 "," 2,761 ",83.7,0,0,0,0
1,debt_consolidation,13%, 543 , 10.8 ,21.07,697," 2,130 "," 11,495 ",76.1,1,0,1,1
1,credit_card,8%, 344 , 11.0 ,10.14,742," 3,375 "," 16,687 ",72.6,0,0,0,0
1,debt_consolidation,14%, 103 , 11.8 ,0.6,667," 5,940 "," 3,100 ",73.8,0,0,0,0
1,credit_card,15%, 780 , 10.9 ,9.62,722," 6,210 "," 12,749 ",95.9,0,0,0,0
1,debt_consolidation,10%, 162 , 11.0 ,8.65,717," 3,630 "," 1,158 ",10.5,2,0,0,0
1,debt_consolidation,10%, 259 , 10.6 ,20.04,717," 4,872 "," 12,586 ",80.7,0,0,0,0
1,all_other,10%, 322 , 11.5 ,14.32,722," 7,425 "," 31,844 ",61.2,1,0,0,0
1,debt_consolidation,7%, 248 , 11.1 ,16.82,777," 3,750 "," 9,191 ",19,0,0,0,0
1,all_other,11%, 165 , 11.0 ,23.96,687," 4,020 "," 12,598 ",75,1,0,0,1
1,debt_consolidation,15%, 172 , 10.6 ,22.86,692," 5,194 "," 2,305 ",92.2,1,0,1,0
1,all_other,16%, 112 , 10.8 ,2.32,672," 1,444 "," 2,340 ",38.4,0,0,0,0
1,debt_consolidation,13%, 170 , 10.5 ,11.9,707," 11,280 "," 12,487 ",81.1,0,0,1,0
1,debt_consolidation,11%, 165 , 10.7 ,6.51,687," 4,620 "," 5,971 ",67.9,1,0,1,0
1,home_improvement,16%, 343 , 11.4 ,4.93,667," 1,740 "," 3,221 ",27.3,1,0,0,0
1,major_purchase,11%, 358 , 10.9 ,10.48,782," 5,400 ", -   ,0,0,0,0,0
1,debt_consolidation,10%, 162 , 11.7 ,18.61,707," 6,510 "," 44,229 ",75.7,0,0,0,0
1,debt_consolidation,11%, 395 , 10.3 ,17,707," 2,340 "," 11,134 ",28.9,3,0,0,1
1,all_other,11%, 33 , 9.8 ,0,717," 7,170 ", -   ,0,1,0,1,0
1,debt_consolidation,8%, 156 , 10.6 ,14.84,722," 3,390 "," 1,451 ",31.5,0,0,0,1
1,small_business,8%, 313 , 10.8 ,3.46,757," 5,160 "," 4,771 ",26.8,1,0,0,0
1,credit_card,16%, 880 , 12.3 ,14.23,747," 9,150 "," 59,308 ",32.9,2,0,0,0
1,debt_consolidation,10%, 387 , 11.5 ,9.26,732," 7,290 "," 10,836 ",63,1,0,0,0
1,debt_consolidation,18%, 238 , 11.8 ,2.34,662," 5,880 "," 7,261 ",84.4,3,0,0,0
1,major_purchase,7%, 155 , 11.5 ,3.14,767," 4,205 "," 3,204 ",7.6,0,0,0,0
1,debt_consolidation,11%, 156 , 9.6 ,3.33,742," 2,520 "," 1,977 ",23.8,1,0,0,0
1,debt_consolidation,13%, 675 , 11.0 ,8.3,717," 2,730 "," 18,339 ",84.2,0,0,0,0
1,all_other,8%, 187 , 11.2 ,18.31,742," 5,911 "," 26,463 ",37.6,0,0,0,0
1,all_other,7%, 103 , 10.9 ,23.55,757," 6,330 "," 18,350 ",29.9,0,0,0,0
1,home_improvement,11%, 651 , 11.5 ,1.53,732," 5,040 "," 3,818 ",15.6,0,0,0,0
1,debt_consolidation,13%, 407 , 10.8 ,15.68,697," 1,590 "," 3,792 ",55.8,1,0,0,0
1,major_purchase,11%, 622 , 11.2 ,11.68,732," 2,760 "," 12,284 ",20.8,1,0,0,0
1,small_business,8%, 113 , 10.7 ,11.79,717," 2,820 "," 1,773 ",20.9,3,1,0,0
1,debt_consolidation,17%, 249 , 9.9 ,12.63,667," 1,560 "," 5,063 ",55,0,0,0,0
1,small_business,11%, 65 , 11.0 ,23.42,692," 6,030 "," 55,809 ",89.3,1,0,0,0
1,all_other,8%, 93 , 11.2 ,11.49,747," 3,240 "," 9,574 ",36,4,0,0,0
1,major_purchase,13%, 202 , 11.0 ,2.82,687," 3,392 "," 4,361 ",58.9,2,2,0,0
1,debt_consolidation,10%, 486 , 11.7 ,14.96,737," 8,490 "," 8,443 ",43.7,0,0,0,1
1,all_other,13%, 201 , 11.0 ,7.73,687," 4,680 ", -   ,0,0,1,2,0
1,all_other,16%, 880 , 11.8 ,20.88,682," 10,620 "," 13,018 ",68.4,0,0,1,0
1,all_other,15%, 121 , 10.5 ,18.9,662," 8,370 "," 6,968 ",60.1,0,0,1,0
1,debt_consolidation,11%, 115 , 11.0 ,0.63,697," 4,890 "," 11,279 ",19.5,1,1,0,0
1,all_other,13%, 169 , 10.3 ,20.04,702," 2,070 ", 438 ,17.5,0,0,0,0
1,debt_consolidation,16%, 884 , 12.1 ,13.96,687," 9,600 "," 16,960 ",90.7,1,0,1,1
1,educational,11%, 53 , 10.1 ,0.96,702," 3,210 ", 66 ,0.5,2,0,1,0
1,debt_consolidation,18%, 908 , 12.4 ,7.28,672," 6,570 "," 28,897 ",46.9,1,1,0,1
1,debt_consolidation,13%, 134 , 10.6 ,9.36,697," 4,921 "," 4,498 ",73.7,3,0,0,0
1,all_other,14%, 429 , 10.5 ,12.75,712," 3,450 ", 6 ,1.5,0,0,0,0
1,debt_consolidation,8%, 156 , 10.4 ,11.58,737," 2,071 "," 2,493 ",9.9,2,0,0,0
1,debt_consolidation,8%, 375 , 10.7 ,7.92,757," 8,640 "," 8,647 ",26.2,1,0,0,0
1,credit_card,11%, 818 , 11.4 ,22.83,737," 7,350 "," 42,752 ",39.2,3,0,0,0
1,all_other,8%, 66 , 10.0 ,21.52,752," 1,688 ", 564 ,7.6,0,0,0,0
1,credit_card,8%, 264 , 11.1 ,20.05,757," 2,910 "," 4,384 ",19.2,3,0,0,0
1,educational,14%, 411 , 11.2 ,17.56,682," 5,581 "," 17,233 ",91.2,0,0,0,0
1,credit_card,11%, 488 , 11.4 ,14.95,732," 5,430 "," 33,403 ",40.4,2,0,0,0
1,debt_consolidation,13%, 243 , 10.3 ,9.68,697," 4,290 "," 6,659 ",80.2,0,0,1,0
1,debt_consolidation,15%, 450 , 11.8 ,11.07,677," 5,700 "," 4,954 ",82.2,1,0,1,0
1,debt_consolidation,15%, 104 , 10.5 ,23.84,677," 1,410 "," 2,207 ",45,1,0,0,0
1,debt_consolidation,15%, 627 , 11.2 ,15.75,692," 4,080 "," 24,322 ",95,1,0,0,1
1,all_other,10%, 324 , 11.2 ,9.09,747," 4,170 "," 2,205 ",24.5,3,0,0,1
1,home_improvement,16%, 280 , 10.9 ,7.36,662," 4,770 "," 10,973 ",87.8,0,1,0,1
1,debt_consolidation,11%, 494 , 10.8 ,17.61,712," 3,330 "," 28,261 ",70,3,0,0,0
1,debt_consolidation,14%, 512 , 11.8 ,19.29,687," 14,671 "," 24,341 ",87.2,1,0,1,0
1,all_other,11%, 790 , 11.6 ,0.28,797," 7,020 ", 633 ,1.1,0,0,0,0
1,all_other,8%, 156 , 10.8 ,16.89,727," 5,910 "," 11,665 ",51.6,0,0,0,0
1,credit_card,8%, 62 , 10.5 ,21.02,732," 8,643 "," 9,184 ",21.2,0,0,0,0
1,debt_consolidation,13%, 185 , 10.6 ,22.91,687," 2,642 "," 13,778 ",72.1,0,0,0,0
1,debt_consolidation,8%, 311 , 11.0 ,8.97,757," 3,780 "," 13,150 ",50,1,0,0,0
1,credit_card,8%, 375 , 10.4 ,11.93,767," 3,600 "," 13,405 ",27,0,0,0,0
1,credit_card,11%, 106 , 10.7 ,17.23,707," 4,290 "," 10,696 ",24.5,3,0,0,0
1,all_other,11%, 246 , 10.8 ,6.83,722," 5,253 "," 14,058 ",73.6,1,0,0,0
1,credit_card,7%, 194 , 11.7 ,6.25,777," 5,160 "," 12,345 ",17.4,1,0,0,0
1,credit_card,11%, 527 , 10.7 ,8.83,727," 3,457 "," 12,142 ",62.3,0,0,0,1
1,credit_card,10%, 583 , 11.0 ,6.85,757," 3,842 "," 8,793 ",24.1,4,0,0,1
1,debt_consolidation,10%, 466 , 11.2 ,5.54,722," 4,472 "," 10,387 ",59.7,0,0,0,0
1,debt_consolidation,13%, 270 , 10.9 ,6.37,687," 3,270 "," 10,039 ",69.2,0,0,0,0
1,all_other,11%, 130 , 10.8 ,11.96,752," 5,856 ", -   ,0,0,0,0,0
1,credit_card,13%, 270 , 10.8 ,8.4,682," 3,750 "," 9,168 ",77.7,1,0,0,0
1,small_business,10%, 518 , 13.3 ,4.61,732," 7,440 "," 12,997 ",65.7,0,0,0,0
1,major_purchase,13%, 168 , 10.9 ,7.77,687," 4,230 "," 10,375 ",83.7,0,0,0,0
1,debt_consolidation,8%, 375 , 10.6 ,15.29,747," 3,780 "," 15,631 ",24.6,0,0,0,0
1,all_other,7%, 145 , 11.7 ,14.78,767," 8,580 "," 73,708 ",25.5,0,0,0,0
1,debt_consolidation,11%, 395 , 10.4 ,16.82,712," 1,770 "," 8,169 ",64.8,0,0,0,0
1,debt_consolidation,7%, 101 , 10.6 ,22.65,742," 2,730 "," 24,455 ",52.9,2,0,0,1
1,debt_consolidation,14%, 617 , 11.1 ,17.57,682," 3,121 "," 26,364 ",57.8,0,0,0,0
1,debt_consolidation,13%, 160 , 11.4 ,18.49,682," 9,300 "," 10,979 ",86.4,3,0,0,1
1,small_business,15%, 346 , 11.1 ,20.77,667," 4,020 "," 9,710 ",58.1,2,0,0,0
1,credit_card,11%, 823 , 11.4 ,22.59,727," 4,650 "," 44,808 ",65.8,0,0,0,0
1,debt_consolidation,10%, 453 , 11.0 ,15.27,722," 4,500 "," 6,485 ",37.5,2,0,0,0
1,major_purchase,8%, 202 , 10.6 ,16.8,747," 6,750 "," 6,238 ",14.9,1,0,0,0
1,educational,7%, 241 , 10.5 ,15.27,792," 7,650 "," 4,249 ",21.4,0,0,0,0
1,debt_consolidation,15%, 871 , 12.6 ,16.16,692," 8,220 "," 89,620 ",76.6,0,0,0,0
1,debt_consolidation,10%, 483 , 11.5 ,4.12,757," 6,750 "," 8,361 ",12.1,0,0,0,0
1,debt_consolidation,10%, 227 , 10.7 ,23.77,717," 5,309 "," 14,685 ",89.8,0,0,0,0
1,all_other,7%, 186 , 11.0 ,13.43,762," 3,690 "," 7,537 ",23.1,0,0,0,0
1,debt_consolidation,8%, 411 , 10.9 ,17.8,772," 8,340 "," 6,294 ",33.5,0,0,0,0
1,small_business,11%, 262 , 10.5 ,14.36,702," 3,540 "," 4,836 ",62.8,0,0,0,0
1,all_other,10%, 130 , 10.2 ,1.85,757," 4,620 "," 1,495 ",49.8,0,0,0,0
1,credit_card,10%, 250 , 10.6 ,24.64,722," 5,940 "," 10,836 ",63,3,0,0,0
1,small_business,11%, 823 , 12.1 ,11.07,727," 4,446 "," 5,567 ",20.9,0,0,0,0
1,major_purchase,10%, 97 , 10.8 ,20.5,702," 5,130 "," 8,027 ",62.7,0,0,0,0
1,debt_consolidation,15%, 193 , 9.6 ,6.33,687," 1,530 "," 1,578 ",68.6,0,0,0,1
1,debt_consolidation,10%, 451 , 10.8 ,6.1,742," 3,360 "," 7,315 ",27.4,1,0,0,0
1,credit_card,13%, 729 , 12.2 ,7.98,712," 6,330 "," 34,804 ",79.6,0,0,0,0
1,all_other,13%, 170 , 11.0 ,6.52,682," 1,680 "," 14,281 ",65.2,0,0,0,0
1,educational,10%, 387 , 10.6 ,5.16,757," 4,505 "," 1,117 ",2.6,3,0,0,0
1,debt_consolidation,10%, 467 , 10.5 ,24.4,742," 3,120 "," 9,752 ",55.7,0,0,0,0
1,debt_consolidation,13%, 371 , 11.6 ,11.88,687," 3,630 "," 9,637 ",46.7,0,0,0,0
1,small_business,11%, 818 , 10.8 ,17.88,737," 7,680 "," 5,947 ",14,1,0,0,0
1,debt_consolidation,15%, 435 , 11.2 ,0.64,677," 3,810 "," 1,161 ",23.7,0,0,0,0
1,all_other,10%, 648 , 11.1 ,13.22,757," 2,700 "," 4,137 ",24.6,0,0,0,0
1,all_other,11%, 263 , 12.0 ,5.27,707," 7,200 "," 7,351 ",94.2,1,0,0,0
1,debt_consolidation,13%, 403 , 11.5 ,2.51,697," 3,392 "," 10,051 ",41,1,0,0,0
1,all_other,11%, 98 , 10.4 ,0.37,807," 11,730 ", 55 ,0.2,6,0,0,0
1,all_other,8%, 338 , 10.9 ,3.76,742," 4,980 "," 2,642 ",64.4,0,0,0,0
1,debt_consolidation,10%, 483 , 12.4 ,4.95,757," 4,638 "," 13,020 ",25.4,1,0,0,0
1,debt_consolidation,13%, 252 , 10.7 ,17.28,692," 2,400 "," 6,292 ",71.5,0,0,0,0
1,major_purchase,11%, 164 , 11.1 ,12.27,722," 2,160 "," 5,502 ",36.7,1,0,0,0
1,debt_consolidation,8%, 373 , 11.1 ,4.33,782," 12,360 "," 6,449 ",12.5,2,0,0,0
1,credit_card,11%, 691 , 11.3 ,23.1,722," 5,310 "," 34,377 ",58.5,0,0,0,0
1,all_other,11%, 280 , 10.7 ,17.13,697," 2,280 "," 12,430 ",46.6,1,0,0,0
1,major_purchase,15%, 243 , 10.8 ,8.59,672," 1,650 "," 6,907 ",92.1,0,2,0,1
1,debt_consolidation,13%, 81 , 10.1 ,18.2,697," 3,630 "," 1,060 ",42.4,3,0,0,0
1,debt_consolidation,13%, 738 , 10.5 ,12.16,722," 4,740 "," 13,871 ",70.1,0,0,0,0
1,debt_consolidation,13%, 504 , 11.5 ,21.68,702," 4,560 "," 44,135 ",54.2,0,0,0,0
1,debt_consolidation,14%, 343 , 10.7 ,12.48,682," 7,050 "," 4,719 ",77.4,1,0,0,0
1,all_other,10%, 290 , 10.6 ,10.6,732," 7,740 "," 11,250 ",17.9,2,1,0,0
1,debt_consolidation,13%, 168 , 10.8 ,2.04,687," 3,930 "," 1,319 ",44,1,1,0,0
1,debt_consolidation,11%, 327 , 11.5 ,16.1,712," 4,320 "," 2,595 ",32,0,0,0,0
1,all_other,13%, 202 , 9.9 ,2.63,692," 1,590 "," 1,586 ",61,1,0,0,0
1,debt_consolidation,13%, 806 , 12.1 ,10.65,717," 3,840 "," 31,973 ",74.4,0,0,0,0
1,all_other,15%, 866 , 11.4 ,3.98,707," 4,021 "," 12,797 ",30.2,3,0,0,0
1,small_business,11%, 823 , 11.7 ,3.6,727," 9,150 "," 9,466 ",27.4,1,0,0,0
1,credit_card,10%, 421 , 10.8 ,13.66,752," 5,490 "," 25,444 ",42.4,1,0,0,0
1,debt_consolidation,11%, 491 , 10.6 ,15.97,722," 4,440 "," 15,142 ",62.6,0,0,0,0
1,all_other,11%, 494 , 11.5 ,24.24,707," 8,824 "," 29,618 ",78.1,0,0,0,0
1,all_other,8%, 311 , 10.3 ,5.4,752," 2,610 "," 5,270 ",24.3,0,0,0,0
1,all_other,11%, 658 , 12.0 ,5.39,712," 5,555 "," 20,894 ",51.5,0,0,1,0
1,debt_consolidation,13%, 302 , 10.2 ,17.12,692," 6,962 "," 14,152 ",71.7,0,0,0,1
1,educational,13%, 814 , 11.1 ,21.13,717," 4,260 "," 32,628 ",61.8,2,0,0,0
1,debt_consolidation,11%, 556 , 11.0 ,17.52,727," 3,900 "," 21,070 ",32.4,0,0,0,0
1,debt_consolidation,13%, 537 , 11.3 ,24.67,712," 4,380 "," 46,373 ",76.8,0,0,0,0
1,debt_consolidation,10%, 324 , 10.5 ,11.59,717," 3,691 ", 778 ,43.2,1,0,0,0
1,credit_card,10%, 451 , 10.5 ,20.04,737," 3,871 "," 15,460 ",60.6,0,0,0,0
1,debt_consolidation,8%, 469 , 11.8 ,8.75,782," 9,240 "," 16,224 ",38.3,1,0,0,0
1,debt_consolidation,8%, 407 , 11.2 ,19.72,762," 4,113 "," 9,368 ",30.2,3,0,0,0
1,debt_consolidation,15%, 557 , 11.5 ,15.92,672," 2,910 "," 17,830 ",78.9,0,0,0,0
1,debt_consolidation,13%, 336 , 11.3 ,16.15,697," 2,400 "," 3,466 ",25.1,3,0,0,0
1,debt_consolidation,19%, 472 , 10.9 ,11.15,672," 5,550 "," 8,340 ",24.2,2,0,0,0
1,debt_consolidation,7%, 129 , 10.6 ,19.83,777," 11,370 "," 12,308 ",22.8,0,0,0,0
1,major_purchase,7%, 130 , 11.1 ,8.57,752," 5,766 "," 2,483 ",27.6,3,0,0,0
1,all_other,15%, 139 , 10.7 ,1.79,682," 1,230 "," 1,298 ",81.1,0,0,0,0
1,credit_card,8%, 375 , 10.7 ,13.87,752," 3,901 "," 18,183 ",33.2,1,0,0,0
1,small_business,8%, 500 , 11.3 ,14.97,782," 8,850 "," 13,925 ",15.7,0,0,0,0
1,all_other,10%, 258 , 11.6 ,1.44,757," 3,509 "," 4,165 ",61.2,2,0,0,0
1,home_improvement,11%, 39 , 10.2 ,10.71,687," 3,210 "," 8,797 ",41.9,1,0,0,0
1,all_other,16%, 175 , 10.0 ,10.36,662," 1,830 "," 2,176 ",53.1,1,0,0,0
1,credit_card,13%, 695 , 11.5 ,18.91,702," 5,010 "," 19,427 ",51.1,2,0,0,0
1,debt_consolidation,13%, 339 , 11.9 ,12.49,737," 6,570 "," 39,636 ",99,0,0,0,0
1,all_other,7%, 155 , 11.2 ,6.31,747," 4,260 "," 5,413 ",20,1,0,0,0
1,debt_consolidation,15%, 414 , 11.8 ,12.48,692," 6,630 "," 18,159 ",96.6,3,0,0,1
1,all_other,13%, 197 , 10.6 ,14.58,682," 3,240 "," 4,112 ",45.2,0,0,0,1
1,all_other,15%, 222 , 11.2 ,15.45,662," 2,614 "," 9,317 ",61.7,2,0,0,0
1,credit_card,14%, 491 , 11.5 ,12.7,687," 2,520 "," 36,174 ",78,0,0,0,0
1,debt_consolidation,15%, 69 , 10.7 ,15.27,667," 3,720 "," 5,472 ",97.7,0,0,1,0
1,small_business,10%, 243 , 11.0 ,3.52,752," 3,060 ", 639 ,2.7,3,0,0,0
1,debt_consolidation,7%, 155 , 11.3 ,6.57,752," 6,000 "," 8,754 ",17.3,3,0,0,0
1,educational,7%, 108 , 10.9 ,14.54,777," 3,390 "," 1,498 ",2.7,2,0,0,0
1,all_other,6%, 107 , 11.2 ,14.18,782," 7,171 "," 5,256 ",15.6,2,0,0,0
1,credit_card,10%, 322 , 11.5 ,9.55,727," 3,000 "," 18,096 ",68.3,0,0,0,0
1,all_other,14%, 41 , 11.0 ,3.08,707," 1,170 "," 2,823 ",65.7,3,0,0,1
1,all_other,11%, 260 , 10.8 ,15,712," 2,550 "," 5,553 ",32.1,2,0,0,0
1,small_business,8%, 469 , 11.4 ,9.61,792," 5,700 "," 4,176 ",8.8,0,0,0,0
1,debt_consolidation,7%, 263 , 11.2 ,19.7,777," 5,280 "," 9,411 ",20.3,0,0,0,0
1,credit_card,11%, 684 , 10.8 ,15.18,737," 17,616 "," 31,725 ",32.8,0,0,0,0
1,debt_consolidation,13%, 235 , 11.1 ,23.96,697," 13,980 "," 14,441 ",87,0,0,0,0
1,debt_consolidation,11%, 818 , 11.1 ,12.13,737," 5,400 "," 19,596 ",43.8,0,0,0,0
1,debt_consolidation,13%, 470 , 11.2 ,18.85,707," 6,120 "," 31,992 ",75.5,0,0,0,0
1,major_purchase,11%, 57 , 10.3 ,7.76,687," 4,650 "," 1,967 ",18.2,0,1,0,0
1,home_improvement,7%, 31 , 11.0 ,10.18,752," 10,020 "," 17,028 ",11.7,1,0,0,0
1,credit_card,13%, 47 , 10.3 ,9.8,697," 1,264 "," 1,702 ",24.3,0,0,0,0
1,all_other,10%, 243 , 11.3 ,7.36,797," 12,184 "," 1,386 ",9,1,0,0,0
1,debt_consolidation,15%, 689 , 11.6 ,16.63,687," 4,170 "," 9,431 ",87.3,2,0,0,0
1,credit_card,11%, 130 , 10.2 ,5.76,707," 3,630 "," 4,423 ",40.2,1,0,0,1
1,debt_consolidation,16%, 299 , 10.4 ,23.07,672," 1,489 "," 9,640 ",87.6,0,0,0,1
1,debt_consolidation,15%, 693 , 12.5 ,12.58,687," 9,660 "," 38,910 ",93.3,2,0,0,0
1,credit_card,6%, 46 , 11.3 ,2.38,772," 3,510 "," 3,947 ",7.6,0,0,0,0
1,debt_consolidation,10%, 322 , 11.5 ,14.44,727," 5,730 "," 18,111 ",69.1,0,0,0,0
1,credit_card,15%, 348 , 11.3 ,19.23,677," 5,910 "," 18,533 ",90.4,0,0,0,0
1,credit_card,10%, 129 , 10.9 ,2.47,717," 2,383 "," 3,187 ",37.1,0,0,0,0
1,debt_consolidation,13%, 213 , 12.0 ,24.52,687," 3,479 "," 11,011 ",88.1,2,0,0,0
1,debt_consolidation,15%, 453 , 10.7 ,8.87,677," 2,820 "," 13,222 ",91.8,1,0,1,0
1,debt_consolidation,8%, 438 , 10.8 ,4.98,747," 2,940 "," 4,482 ",19.4,0,0,0,0
1,debt_consolidation,13%, 839 , 11.4 ,10.62,712," 4,230 "," 19,002 ",53.1,0,0,0,0
1,small_business,11%, 494 , 11.2 ,17.82,712," 9,120 "," 21,367 ",77.1,1,0,0,1
1,debt_consolidation,8%, 375 , 11.6 ,4.97,792," 6,390 ", -   ,0,0,0,0,0
1,all_other,16%, 280 , 10.3 ,9,672," 1,411 "," 7,130 ",55.3,1,0,0,0
1,debt_consolidation,13%, 134 , 10.9 ,14.78,677," 3,840 "," 14,360 ",48.2,1,0,0,0
1,debt_consolidation,16%, 175 , 11.0 ,16.26,672," 7,920 "," 2,276 ",73.4,0,0,0,0
1,debt_consolidation,8%, 438 , 11.2 ,14.37,752," 6,270 "," 8,976 ",20.8,1,0,0,0
1,major_purchase,10%, 155 , 10.9 ,11.28,722," 2,670 "," 16,062 ",57.4,1,0,0,0
1,all_other,15%, 200 , 11.2 ,1.86,707," 1,230 "," 4,372 ",48,0,0,0,0
1,major_purchase,7%, 124 , 10.6 ,18.33,797," 6,210 ", 982 ,1.8,0,0,0,0
1,debt_consolidation,15%, 689 , 10.5 ,15.98,682," 2,370 "," 1,446 ",13.5,1,1,0,0
1,debt_consolidation,13%, 210 , 10.0 ,21.23,687," 2,760 "," 6,867 ",41.6,0,0,0,0
1,all_other,11%, 98 , 10.5 ,8.91,692," 6,090 "," 12,509 ",37.1,2,1,0,1
1,small_business,11%, 469 , 11.0 ,6.26,727," 3,180 "," 14,373 ",88.2,0,0,0,0
1,all_other,8%, 311 , 10.3 ,8.6,752," 2,522 "," 6,268 ",22,0,0,0,0
1,debt_consolidation,10%, 483 , 11.4 ,15.93,762," 5,642 "," 8,226 ",18.1,0,0,0,0
1,major_purchase,14%, 137 , 12.4 ,14.91,677," 5,156 "," 8,847 ",36.9,1,0,0,0
1,credit_card,8%, 156 , 11.0 ,12.75,737," 5,160 "," 11,757 ",42.6,0,0,0,0
1,debt_consolidation,10%, 443 , 11.1 ,17.67,737," 3,095 "," 10,033 ",21.7,1,0,0,0
1,all_other,13%, 168 , 11.0 ,15.76,682," 5,340 "," 8,076 ",79.2,1,0,0,1
1,credit_card,10%, 97 , 11.0 ,15.64,702," 2,310 "," 14,636 ",71.4,0,0,0,0
1,debt_consolidation,11%, 247 , 11.0 ,14.83,707," 3,030 ", -   ,26.32,0,0,0,0
1,debt_consolidation,11%, 491 , 11.2 ,10.75,722," 7,140 "," 2,561 ",17.3,0,0,0,0
1,debt_consolidation,10%, 810 , 11.9 ,7.66,787," 6,840 "," 8,315 ",23.7,0,0,0,0
1,debt_consolidation,13%, 54 , 10.6 ,18.99,672," 7,680 "," 6,281 ",62.8,3,0,0,0
1,credit_card,10%, 405 , 10.5 ,18.38,732," 3,394 "," 12,849 ",45.6,0,0,0,0
1,all_other,10%, 162 , 10.6 ,19.12,717," 1,649 "," 10,625 ",65.6,0,0,0,1
1,debt_consolidation,11%, 395 , 10.8 ,13.18,702," 8,910 "," 12,844 ",54,1,0,1,0
1,credit_card,13%, 472 , 10.6 ,11.31,697," 5,550 "," 12,942 ",67.1,0,0,0,0
1,credit_card,10%, 576 , 11.0 ,17.15,762," 10,560 "," 23,065 ",51.1,4,0,0,0
1,debt_consolidation,8%, 266 , 10.8 ,11.7,737," 3,390 "," 9,205 ",52,0,0,0,0
1,debt_consolidation,13%, 537 , 11.2 ,4.41,712," 3,841 "," 12,585 ",38.8,1,0,0,0
1,debt_consolidation,15%, 862 , 11.5 ,18.15,707," 6,690 "," 22,542 ",41.7,1,1,0,0
1,major_purchase,13%, 464 , 10.2 ,14.4,747," 4,320 "," 16,738 ",90.3,1,0,0,0
1,debt_consolidation,13%, 571 , 11.1 ,22.75,707," 3,750 "," 26,146 ",76.2,0,0,0,0
1,debt_consolidation,10%, 548 , 10.9 ,19.39,762," 12,752 "," 18,667 ",20.3,1,0,0,0
1,small_business,18%, 908 , 12.7 ,11.99,752," 5,190 "," 5,011 ",5.5,7,0,0,0
1,all_other,17%, 186 , 10.3 ,22.29,662," 1,554 "," 1,815 ",43.2,1,0,0,0
1,home_improvement,11%, 651 , 11.8 ,15.98,787," 12,570 "," 4,641 ",18.1,5,0,0,0
1,all_other,8%, 436 , 11.2 ,3.68,772," 5,130 "," 11,723 ",32.1,0,0,0,0
1,debt_consolidation,13%, 339 , 10.6 ,13.8,687," 4,080 "," 14,246 ",74.2,0,0,1,0
1,small_business,13%, 170 , 10.7 ,14.19,677," 3,750 "," 3,379 ",31,2,0,0,0
1,all_other,18%, 903 , 12.6 ,8.6,677," 7,170 "," 38,436 ",73.2,0,1,0,0
1,home_improvement,13%, 253 , 11.0 ,10.85,682," 4,021 "," 4,891 ",55,0,0,1,0
1,credit_card,13%, 216 , 11.2 ,16.38,682," 2,134 "," 8,220 ",71.5,0,0,0,0
1,debt_consolidation,16%, 425 , 10.6 ,3.1,667," 1,140 "," 4,278 ",42.7,3,0,0,0
1,debt_consolidation,18%, 503 , 11.5 ,15.02,672," 7,320 "," 15,899 ",16.6,3,0,0,0
1,educational,11%, 182 , 11.2 ,14.32,707," 5,910 "," 15,055 ",88,1,0,0,0
1,all_other,13%, 142 , 9.6 ,3.44,702," 6,000 ", 654 ,72.7,0,0,1,0
1,credit_card,13%, 441 , 10.6 ,24.66,687," 5,194 "," 17,325 ",70.1,0,0,0,0
1,credit_card,15%, 112 , 10.2 ,24.6,662," 5,554 "," 11,683 ",60.2,1,0,0,0
1,all_other,10%, 161 , 10.6 ,24.5,717," 4,500 "," 14,438 ",62.2,0,0,0,0
1,home_improvement,11%, 491 , 11.2 ,1.36,722," 7,530 "," 4,402 ",9.3,1,1,0,0
1,debt_consolidation,10%, 322 , 11.0 ,9.8,757," 6,120 "," 2,255 ",45.1,1,0,0,0
1,all_other,14%, 144 , 10.9 ,16.69,667," 4,710 "," 5,804 ",50.9,0,1,3,0
1,debt_consolidation,16%, 566 , 11.3 ,14.74,667," 2,730 "," 3,745 ",89.2,3,0,0,0
1,debt_consolidation,11%, 456 , 10.7 ,22.39,722," 5,760 "," 17,256 ",76,0,1,0,0
1,debt_consolidation,15%, 483 , 11.2 ,12.13,697," 4,560 "," 5,879 ",70.8,0,0,1,0
1,debt_consolidation,10%, 243 , 10.8 ,14.83,717," 4,440 "," 7,396 ",37.9,0,0,0,0
1,debt_consolidation,11%, 658 , 11.0 ,18.64,722," 4,290 "," 58,930 ",63.4,1,0,0,0
1,educational,15%, 177 , 10.1 ,22.8,682," 5,520 "," 5,327 ",95.1,3,0,0,0
1,all_other,11%, 164 , 10.9 ,6.55,692," 3,510 ", 958 ,12.1,1,0,1,0
1,all_other,8%, 188 , 10.8 ,13.36,737," 4,890 "," 10,685 ",89.8,1,0,0,0
1,educational,11%, 73 , 10.9 ,13.86,722," 9,150 "," 3,860 ",91.9,2,0,0,0
1,all_other,11%, 41 , 10.2 ,0.64,742," 1,230 ", 426 ,8.9,0,0,0,0
1,all_other,13%, 506 , 11.7 ,16.69,692," 4,470 "," 26,519 ",61.4,1,1,0,0
1,all_other,13%, 506 , 11.2 ,11.92,697," 5,430 "," 14,383 ",44.9,0,0,0,0
1,all_other,8%, 124 , 10.2 ,16.5,737," 2,763 "," 3,053 ",13.5,0,0,0,0
1,debt_consolidation,6%, 101 , 9.7 ,21.46,777," 7,712 "," 3,071 ",16.5,0,0,0,0
1,small_business,8%, 334 , 10.6 ,12.86,762," 6,060 "," 6,486 ",8.7,3,0,0,0
1,credit_card,16%, 528 , 10.7 ,9.33,672," 1,770 "," 16,375 ",66,0,0,0,0
1,debt_consolidation,11%, 393 , 10.9 ,23.51,707," 5,160 "," 22,083 ",75.9,2,0,0,0
1,debt_consolidation,11%, 329 , 10.9 ,9.73,727," 5,880 "," 3,010 ",73.4,1,0,0,0
1,all_other,13%, 337 , 10.7 ,22.91,692," 2,910 "," 3,140 ",35.7,3,0,0,0
1,all_other,13%, 504 , 10.6 ,11.41,742," 1,260 "," 2,246 ",16.9,0,0,0,0
1,all_other,8%, 156 , 10.8 ,12.77,747," 3,420 "," 7,326 ",18.2,0,0,0,0
1,debt_consolidation,14%, 291 , 10.9 ,20.75,672," 5,820 "," 4,377 ",71.8,0,1,0,0
1,small_business,13%, 504 , 11.7 ,24.44,702," 5,880 "," 52,601 ",73.1,1,0,0,0
1,all_other,11%, 260 , 10.4 ,11.29,722," 1,950 "," 1,643 ",60.9,0,0,0,0
1,debt_consolidation,11%, 257 , 10.9 ,7.89,692," 8,010 "," 15,985 ",45.2,0,0,0,0
1,all_other,13%, 41 , 8.9 ,21.44,702," 1,112 "," 6,235 ",52,1,0,0,0
1,debt_consolidation,14%, 206 , 10.9 ,15.65,677," 4,500 "," 13,800 ",93.2,2,0,0,0
1,major_purchase,11%, 716 , 12.2 ,5.34,747," 10,050 "," 47,992 ",30.5,4,0,0,0
1,debt_consolidation,10%, 322 , 11.2 ,6.24,727," 3,780 "," 12,991 ",22.6,2,0,0,0
1,debt_consolidation,14%, 546 , 11.7 ,14.01,687," 7,770 "," 7,915 ",38.4,2,0,0,0
1,debt_consolidation,7%, 309 , 11.2 ,15.42,797," 5,580 "," 13,014 ",14.7,2,0,0,0
1,all_other,13%, 50 , 10.2 ,17.8,692," 1,830 "," 12,614 ",85.2,0,0,0,0
1,debt_consolidation,10%, 154 , 11.3 ,20.42,712," 6,990 "," 61,140 ",60.5,0,0,1,0
1,debt_consolidation,11%, 237 , 10.8 ,7.15,727," 5,400 "," 9,379 ",35.7,1,0,1,0
1,all_other,10%, 222 , 10.8 ,16.81,727," 4,050 ", 150 ,3.1,3,0,0,0
1,debt_consolidation,13%, 475 , 10.6 ,20.06,692," 2,310 "," 13,211 ",73.8,1,0,0,0
1,credit_card,13%, 170 , 10.8 ,20.52,682," 4,051 "," 22,485 ",70,0,0,0,0
1,credit_card,11%, 814 , 12.0 ,15.2,762," 5,820 "," 50,110 ",10.5,2,0,0,0
1,credit_card,7%, 170 , 10.8 ,19.86,752," 4,110 "," 10,254 ",23.5,1,0,0,0
1,debt_consolidation,8%, 350 , 11.0 ,22.49,737," 6,180 "," 16,472 ",47.9,0,0,0,0
1,home_improvement,11%, 98 , 10.9 ,15.5,697," 4,470 "," 2,754 ",40.5,2,0,1,0
1,all_other,11%, 49 , 11.4 ,20.43,687," 12,450 "," 3,438 ",51.3,3,0,0,0
1,home_improvement,8%, 311 , 11.0 ,15.92,767," 5,580 "," 5,527 ",17.8,0,0,0,0
1,home_improvement,10%, 162 , 10.8 ,19.23,712," 4,296 "," 36,705 ",82.5,2,0,0,0
1,debt_consolidation,11%, 494 , 11.5 ,22.16,707," 5,130 "," 22,434 ",57.4,1,0,0,0
1,debt_consolidation,10%, 168 , 10.6 ,21.63,712," 3,420 "," 12,970 ",66.2,2,0,0,0
1,all_other,14%, 103 , 10.6 ,10.05,702," 1,230 ", 627 ,34.8,1,0,0,0
1,debt_consolidation,14%, 317 , 9.9 ,10.81,697," 2,100 ", -   ,0,3,0,0,1
1,credit_card,14%, 218 , 10.7 ,20.54,672," 3,120 "," 26,428 ",48.2,2,0,0,0
1,all_other,8%, 171 , 10.5 ,20.39,742," 7,200 "," 14,493 ",19.5,1,0,0,0
1,debt_consolidation,7%, 148 , 9.6 ,6.05,772," 3,480 "," 2,621 ",17,0,0,0,0
1,debt_consolidation,10%, 453 , 11.2 ,16.42,732," 5,340 "," 16,198 ",53.8,2,0,0,0
1,debt_consolidation,11%, 326 , 11.1 ,6.13,722," 4,200 "," 10,075 ",73,1,0,0,0
1,all_other,13%, 339 , 10.3 ,17.04,682," 2,430 "," 10,491 ",55.5,1,0,0,0
1,small_business,13%, 270 , 10.5 ,1.65,742," 2,130 "," 1,692 ",35.2,3,1,0,1
1,all_other,11%, 130 , 9.4 ,14.1,702," 8,010 "," 3,361 ",21.1,1,0,0,0
1,debt_consolidation,8%, 330 , 10.5 ,21.63,742," 4,650 "," 11,071 ",37.4,0,0,0,0
1,debt_consolidation,13%, 380 , 10.8 ,3.93,692," 1,470 "," 6,372 ",52.2,1,0,0,0
1,major_purchase,7%, 248 , 10.8 ,22.13,772," 5,430 "," 13,088 ",42.6,0,0,0,0
1,major_purchase,10%, 161 , 10.8 ,22.91,717," 3,690 "," 13,232 ",63.9,1,0,0,0
1,all_other,19%, 917 , 12.3 ,14.43,667," 5,970 "," 39,476 ",78.3,0,0,0,0
1,home_improvement,8%, 450 , 11.5 ,1.91,777," 5,820 "," 3,351 ",0.4,2,0,0,0
1,all_other,10%, 194 , 10.8 ,20.66,707," 1,920 "," 19,882 ",51.2,2,0,0,0
1,debt_consolidation,11%, 157 , 9.6 ,0,752," 1,680 ", -   ,0,0,0,0,1
1,debt_consolidation,15%, 207 , 10.3 ,16.2,682," 1,770 "," 16,626 ",91.9,2,0,0,1
1,all_other,15%, 277 , 11.0 ,4.5,712," 1,380 "," 5,009 ",49.6,0,0,0,1
1,all_other,13%, 166 , 10.5 ,19.53,692," 1,530 "," 5,948 ",48.8,0,0,0,1
1,educational,17%, 276 , 9.5 ,2.24,692," 8,010 ", 984 ,98.4,0,2,0,1
1,small_business,16%, 700 , 11.5 ,3.6,722," 5,658 "," 16,930 ",22.6,0,0,0,1
1,major_purchase,14%, 341 , 11.3 ,1.8,722," 1,140 "," 3,109 ",15.9,2,0,0,1
1,credit_card,14%, 341 , 11.8 ,7.25,697," 3,690 "," 47,134 ",50.7,3,0,0,1
1,all_other,12%, 60 , 9.8 ,6.33,717," 1,230 "," 1,454 ",33.8,0,0,0,1
1,debt_consolidation,11%, 255 , 10.4 ,20.29,742," 9,600 "," 11,904 ",38.3,0,0,0,1
1,all_other,13%, 135 , 10.2 ,23.22,677," 2,911 "," 5,610 ",80.1,3,0,0,1
1,all_other,16%, 70 , 10.1 ,2.55,667," 3,510 ", -   ,63,0,0,0,1
1,debt_consolidation,18%, 181 , 10.7 ,11.39,662," 5,400 ", -   ,25.8,3,2,0,1
1,debt_consolidation,15%, 139 , 10.5 ,9.12,667," 2,820 "," 2,653 ",49.1,1,0,0,1
1,educational,10%, 32 , 9.3 ,21.37,702," 5,310 "," 5,430 ",48.9,0,1,0,1
1,home_improvement,12%, 663 , 11.0 ,2.89,742," 3,660 "," 6,863 ",46.7,4,0,0,1
1,small_business,17%, 717 , 11.0 ,13.51,697," 4,350 "," 7,574 ",35.6,3,1,0,1
1,all_other,11%, 394 , 11.2 ,7.82,737," 3,180 "," 10,320 ",8.9,1,0,0,1
1,home_improvement,14%, 852 , 11.2 ,4.45,717," 5,250 ", 165 ,2.5,2,0,0,1
1,major_purchase,13%, 841 , 11.5 ,0.13,757," 2,190 ", 14 ,0.2,2,0,0,1
0,debt_consolidation,16%, 35 , 10.3 ,23.84,642," 2,490 "," 10,125 ",90.4,1,0,0,0
0,debt_consolidation,16%, 246 , 12.2 ,22.47,647," 7,212 "," 150,971 ",92.3,4,0,0,1
0,debt_consolidation,16%, 788 , 11.3 ,19.34,682," 3,780 "," 15,897 ",66,5,0,1,0
0,educational,16%, 126 , 10.3 ,29.6,677," 1,643 "," 3,043 ",58.5,1,0,0,1
0,debt_consolidation,15%, 242 , 10.7 ,19.12,652," 2,847 "," 26,531 ",52.6,33,0,0,1
0,debt_consolidation,15%, 173 , 10.6 ,18.51,652," 4,020 "," 9,792 ",64,8,0,0,1
0,debt_consolidation,14%, 150 , 10.7 ,16.7,662," 4,339 ", 314 ,12.6,4,1,0,0
0,all_other,15%, 311 , 11.4 ,19.34,657," 4,140 "," 38,329 ",77.3,0,0,0,1
0,debt_consolidation,17%, 571 , 11.4 ,25.32,672," 4,150 "," 38,781 ",54.5,3,0,0,0
0,credit_card,13%, 404 , 12.2 ,21.31,697," 5,880 "," 152,416 ",80.1,0,0,0,0
0,debt_consolidation,12%, 237 , 10.1 ,15.55,672, 990 ," 10,410 ",63.9,1,0,0,0
0,home_improvement,12%, 250 , 10.7 ,3.03,672, 983 ," 5,556 ",27.1,2,0,0,0
0,debt_consolidation,14%, 232 , 11.5 ,14.64,657," 3,498 "," 39,411 ",97.8,1,0,0,0
0,all_other,14%, 164 , 10.8 ,9.18,652," 7,556 "," 4,945 ",64.2,2,2,1,0
0,debt_consolidation,17%, 385 , 10.9 ,26.52,667," 2,673 "," 21,300 ",65.5,4,0,0,0
0,all_other,8%, 156 , 11.2 ,8.81,772," 6,390 ", -   ,7.3,4,0,0,0
0,all_other,8%, 205 , 10.8 ,4,742," 3,661 ", -   ,2.9,3,0,0,0
0,all_other,8%, 136 , 11.7 ,4,742," 4,080 ", -   ,22.1,6,0,0,0
0,all_other,9%, 81 , 11.6 ,10,712," 2,820 ", -   ,17.2,6,0,0,0
0,all_other,9%, 125 , 11.5 ,10,707," 4,080 ", -   ,56.8,1,0,1,0
0,all_other,12%, 165 , 10.9 ,10,697," 3,190 "," 2,447 ",65.5,4,0,0,1
0,all_other,10%, 164 , 11.5 ,10,702," 2,310 ", -   ,20.1,3,1,0,0
0,all_other,10%, 32 , 9.4 ,10,697," 1,050 ", -   ,48.7,2,0,0,0
0,all_other,10%, 103 , 11.9 ,10,692," 6,030 ", -   ,19.8,2,0,0,0
0,all_other,10%, 113 , 12.1 ,10,687," 3,990 ", -   ,21.7,4,0,0,0
0,all_other,11%, 212 , 10.4 ,10,687," 3,330 ", -   ,38.3,6,0,0,0
0,all_other,10%, 209 , 9.9 ,10,712," 1,139 ", -   ,10.7,4,0,0,1
0,all_other,10%, 65 , 8.7 ,10,687, 810 , -   ,70,1,0,0,0
0,all_other,12%, 43 , 10.6 ,10,707," 5,790 ", -   ,51.5,8,0,0,1
0,all_other,9%, 96 , 9.9 ,10,712," 3,513 ", -   ,48.1,4,0,0,0
0,all_other,9%, 95 , 10.5 ,10,717," 4,770 ", -   ,14,3,0,0,0
0,all_other,8%, 209 , 12.2 ,1,802," 6,840 ", -   ,8.6,5,0,0,0
0,all_other,8%, 219 , 11.4 ,1,802," 3,570 ", -   ,0,1,0,0,0
0,all_other,7%, 155 , 11.7 ,1,802," 6,750 ", -   ,5,5,0,0,0
0,all_other,11%, 345 , 11.0 ,19.5,742," 5,610 ", -   ,0,5,1,0,0
0,all_other,7%, 31 , 10.8 ,1.1,772," 5,910 ", -   ,0.8,3,0,0,0
0,all_other,8%, 82 , 8.8 ,6.46,722," 1,230 ", -   ,0.1,2,0,0,1
0,all_other,7%, 93 , 11.3 ,0.39,797," 4,441 ", -   ,0.5,0,0,0,0
0,all_other,7%, 78 , 11.1 ,10.36,787," 5,250 ", -   ,1.3,5,0,0,0
0,all_other,8%, 156 , 12.6 ,5.38,757," 5,641 ", -   ,23.5,4,0,0,0
0,all_other,14%, 34 , 10.1 ,16.27,642, 567 , -   ,85,0,0,0,0
0,all_other,11%, 46 , 10.6 ,8.61,672," 8,490 ", -   ,0.5,0,0,1,0
0,all_other,11%, 164 , 10.2 ,3.51,672," 1,139 ", -   ,56.2,4,1,0,0
0,all_other,9%, 38 , 10.5 ,3.27,707," 4,680 ", -   ,2.2,5,1,0,0
0,debt_consolidation,10%, 141 , 10.3 ,3.72,697," 1,050 "," 3,493 ",63.5,0,0,0,0
0,debt_consolidation,11%, 195 , 9.9 ,12.9,697," 4,170 "," 13,660 ",66,4,0,0,0
0,debt_consolidation,7%, 62 , 11.9 ,5.6,802," 8,490 "," 150,786 ",2.2,0,0,0,0
0,educational,15%, 345 , 10.8 ,7.22,652," 2,820 "," 10,025 ",85,0,2,0,0
0,debt_consolidation,10%, 61 , 11.5 ,10,707," 6,360 ", -   ,41.5,6,0,0,0
0,all_other,13%, 181 , 8.3 ,15,662, 179 , -   ,47.8,1,0,0,0
0,credit_card,13%, 203 , 9.4 ,4.4,657, 899 ," 5,251 ",49.3,9,0,0,0
0,credit_card,13%, 67 , 9.2 ,3.48,647," 1,170 ", 571 ,61.9,0,1,0,0
0,debt_consolidation,13%, 227 , 11.0 ,13.16,672," 5,880 "," 5,513 ",88.9,9,0,1,1
0,credit_card,15%, 693 , 11.3 ,3.11,672," 3,570 "," 7,883 ",59.3,6,1,0,1
0,credit_card,11%, 325 , 10.9 ,17.96,727," 3,180 "," 6,559 ",24.8,5,0,0,0
0,credit_card,17%, 142 , 11.1 ,19.62,657," 2,010 "," 1,943 ",25.6,3,1,0,0
0,all_other,14%, 89 , 10.6 ,16.91,642," 5,549 "," 4,139 ",52.4,18,4,1,1
0,debt_consolidation,11%, 114 , 9.6 ,11.52,682, 990 ," 3,570 ",72.4,0,0,0,0
0,debt_consolidation,12%, 265 , 11.1 ,10.42,687," 6,389 "," 7,406 ",58.8,14,0,1,1
0,home_improvement,13%, 135 , 10.4 ,7.91,652," 5,610 "," 9,129 ",73.3,3,0,1,0
0,credit_card,15%, 345 , 11.1 ,6.37,647," 1,896 "," 2,211 ",73.7,6,0,0,0
0,educational,10%, 39 , 8.3 ,8.1,682, 368 , 900 ,37.5,1,0,0,0
0,credit_card,12%, 33 , 10.4 ,5.21,652," 2,430 "," 1,636 ",16.7,2,4,0,0
0,debt_consolidation,12%, 151 , 10.3 ,9.56,662, 780 ," 4,494 ",76.2,1,0,0,0
0,educational,14%, 62 , 10.6 ,4.11,632, 629 ," 6,214 ",55,9,0,0,1
0,credit_card,15%, 139 , 11.4 ,20.12,652," 2,849 "," 37,318 ",75.4,1,0,0,0
0,all_other,11%, 164 , 11.0 ,14.48,692," 2,969 "," 9,442 ",51.3,15,0,0,1
0,credit_card,14%, 43 , 9.2 ,5.64,632, 660 ," 1,269 ",105.7,1,0,0,0
0,debt_consolidation,16%, 316 , 9.9 ,15.66,642," 5,370 "," 5,673 ",22,1,0,0,0
0,all_other,14%, 69 , 10.6 ,15.57,642, 239 ," 17,312 ",86.6,0,0,0,0
0,debt_consolidation,15%, 110 , 9.5 ,9.42,637, 449 ," 1,670 ",55.6,1,0,0,0
0,educational,18%, 43 , 9.2 ,8.38,612, 659 , 546 ,47.6,0,1,0,0
0,debt_consolidation,12%, 140 , 10.8 ,7.68,662," 1,019 "," 6,670 ",72.5,1,0,0,0
0,debt_consolidation,15%, 35 , 9.8 ,20,652," 1,052 "," 2,484 ",35.4,2,0,0,0
0,educational,11%, 133 , 10.6 ,9.51,682, 406 , 705 ,54.2,2,0,0,0
0,credit_card,12%, 117 , 9.2 ,14.76,667," 1,022 "," 4,784 ",95.7,0,0,0,0
0,debt_consolidation,14%, 102 , 9.4 ,19.3,667," 5,669 "," 2,545 ",14.4,4,1,0,1
0,credit_card,13%, 68 , 10.7 ,8.75,647, 419 ," 1,615 ",54.1,8,0,1,0
0,all_other,15%, 366 , 11.0 ,1.72,642," 1,470 "," 1,437 ",95.8,13,0,0,1
0,debt_consolidation,14%, 171 , 10.7 ,0.53,642," 2,846 ", 123 ,41,6,13,0,0
0,debt_consolidation,11%, 425 , 11.0 ,20,697," 4,980 "," 13,748 ",50.2,4,0,1,0
0,all_other,10%, 258 , 10.1 ,0.48,702, 600 , 316 ,19.2,1,0,0,0
0,credit_card,15%, 347 , 10.8 ,7.75,647," 1,500 "," 16,246 ",83.3,1,0,0,1
0,credit_card,17%, 285 , 11.0 ,20.22,647," 6,209 "," 6,755 ",99.3,1,0,0,1
0,all_other,17%, 465 , 10.4 ,15.98,642, 810 ," 6,703 ",79.8,1,0,0,1
0,educational,14%, 412 , 9.6 ,6.48,672," 1,140 "," 1,464 ",83.7,12,0,0,0
0,all_other,16%, 671 , 11.5 ,9.79,662, 449 ," 1,603 ",64.1,1,0,0,1
0,debt_consolidation,13%, 202 , 11.0 ,15.2,667," 6,450 "," 13,622 ",79.7,4,2,1,0
0,all_other,11%, 196 , 8.9 ,8.57,682, 334 , -   ,25.2,2,0,0,1
0,credit_card,17%, 490 , 13.1 ,7.47,667," 3,600 "," 168,496 ",46.1,2,1,0,1
0,debt_consolidation,15%, 333 , 12.5 ,7.33,682," 5,010 "," 107,007 ",29.8,5,0,0,1
0,educational,15%, 444 , 9.8 ,2.2,657," 1,548 ", 668 ,66.8,0,0,0,0
0,debt_consolidation,8%, 63 , 10.0 ,13.09,737, 600 , 425 ,9.4,0,0,0,0
0,debt_consolidation,7%, 109 , 12.6 ,1,802," 8,594 "," 150,786 ",17,0,0,0,0
0,credit_card,10%, 81 , 9.8 ,2.33,692, 929 ," 2,937 ",43.3,1,0,0,1
0,credit_card,14%, 170 , 11.5 ,6.2,647," 1,979 "," 9,501 ",64.6,10,0,0,0
0,credit_card,18%, 585 , 11.7 ,14.09,652," 1,140 "," 1,100 ",6,0,1,0,0
0,debt_consolidation,17%, 319 , 11.2 ,1.35,637, 780 ," 2,864 ",81.6,1,0,0,1
0,credit_card,15%, 173 , 10.8 ,15.14,647," 3,299 "," 36,662 ",82.9,0,0,0,0
0,debt_consolidation,13%, 193 , 11.1 ,18.22,667, 991 ," 3,023 ",12.6,3,0,1,0
0,small_business,10%, 287 , 11.5 ,18.24,757," 4,829 "," 2,150 ",4.2,13,1,0,0
0,all_other,16%, 131 , 8.9 ,17.31,642," 3,479 ", -   ,69.5,1,0,0,1
0,credit_card,11%, 163 , 10.7 ,1.21,677, 719 ," 1,424 ",43.2,1,0,0,0
0,credit_card,12%, 499 , 11.3 ,17.02,712," 4,320 "," 37,570 ",59.5,5,0,0,0
0,all_other,8%, 141 , 9.8 ,3.29,737," 1,200 ", -   ,0,1,0,0,0
0,educational,8%, 95 , 9.9 ,6.72,732," 3,150 "," 7,021 ",27.4,9,0,0,0
0,all_other,12%, 50 , 10.2 ,14.31,667, 540 , -   ,0,1,1,0,0
0,debt_consolidation,15%, 207 , 10.0 ,20,667," 2,614 "," 15,782 ",36.2,19,0,0,0
0,credit_card,12%, 100 , 11.1 ,14.25,667," 2,940 "," 8,143 ",60.3,8,0,0,0
0,debt_consolidation,16%, 388 , 10.2 ,12.9,647," 3,720 "," 2,621 ",51.5,3,0,0,1
0,all_other,7%, 78 , 10.0 ,0.53,747," 3,630 ", 416 ,10.4,5,0,0,1
0,small_business,15%, 403 , 10.4 ,0.74,647, 239 , 381 ,63.5,4,0,0,0
0,debt_consolidation,17%, 64 , 7.5 ,18.99,642, 450 , 702 ,87.7,0,0,0,0
0,debt_consolidation,17%, 526 , 10.1 ,14.74,652," 5,820 "," 1,055 ",39.1,1,0,0,0
0,credit_card,14%, 62 , 9.2 ,5.06,637, 750 ," 2,925 ",97.5,1,0,0,0
0,credit_card,10%, 81 , 9.3 ,7.14,692," 3,964 ", -   ,0,1,0,0,0
0,educational,14%, 102 , 8.9 ,2.38,642," 3,972 ", 469 ,93.8,0,1,0,0
0,all_other,9%, 128 , 10.8 ,4,702, 996 ," 6,500 ",80,3,0,0,0
0,debt_consolidation,15%, 365 , 10.2 ,13.02,647," 1,109 "," 8,742 ",87.4,0,0,0,0
0,all_other,8%, 78 , 11.3 ,0.09,727," 6,678 ", 6 ,1.5,0,1,0,0
0,debt_consolidation,15%, 365 , 10.6 ,11.76,647," 1,020 "," 12,274 ",66.3,2,0,0,0
0,all_other,11%, 98 , 9.5 ,4.62,672, 359 , -   ,0,0,0,0,0
0,debt_consolidation,14%, 170 , 9.9 ,0,647," 1,230 ", -   ,0,1,1,0,1
0,educational,11%, 156 , 9.7 ,0,682," 1,109 ", -   ,0,6,0,0,0
0,debt_consolidation,11%, 163 , 10.5 ,1.2,677, 600 , 350 ,31.8,2,0,0,1
0,debt_consolidation,12%, 348 , 10.8 ,13.8,682," 1,440 "," 18,927 ",77.9,5,0,0,0
0,home_improvement,16%, 84 , 10.0 ,15.86,632, 570 , 231 ,77,2,0,0,1
0,debt_consolidation,15%, 207 , 11.3 ,10.23,642, 600 ," 4,103 ",93.7,0,0,0,0
0,credit_card,12%, 167 , 12.1 ,21.35,692," 6,047 "," 222,702 ",30.5,0,0,0,0
0,debt_consolidation,16%, 441 , 11.4 ,1.31,642," 2,550 "," 3,864 ",56.7,2,2,0,0
0,credit_card,13%, 338 , 11.1 ,25,697," 3,047 "," 53,670 ",57.3,0,0,0,0
0,home_improvement,13%, 68 , 10.7 ,4.83,642," 2,490 ", -   ,0,1,0,0,1
0,credit_card,18%, 472 , 11.1 ,23.78,657," 6,089 "," 27,730 ",57.8,0,2,0,0
0,debt_consolidation,16%, 304 , 10.9 ,11.38,667," 2,520 "," 9,221 ",98.1,4,2,0,0
0,debt_consolidation,14%, 341 , 10.3 ,2.16,657, 630 ," 1,863 ",51,5,0,0,1
0,all_other,11%, 131 , 10.2 ,10.85,677, 292 , 25 ,2.5,4,0,0,1
0,all_other,8%, 16 , 10.4 ,2.15,717," 6,359 "," 3,461 ",18.6,10,0,0,0
0,debt_consolidation,17%, 304 , 10.2 ,22.93,642," 1,800 "," 7,985 ",89.5,4,0,0,0
0,debt_consolidation,18%, 361 , 10.7 ,15.65,652," 3,965 "," 13,784 ",61.5,1,1,0,0
0,educational,15%, 152 , 11.1 ,5.48,642," 1,740 "," 4,982 ",73.8,6,0,1,1
0,all_other,18%, 539 , 11.1 ,10.01,647," 2,369 "," 2,469 ",94.5,0,0,0,1
0,debt_consolidation,10%, 130 , 9.9 ,5.82,682, 540 ," 7,276 ",35.1,4,0,0,0
0,all_other,9%, 131 , 9.7 ,2.7,702, 391 , 355 ,59.2,0,0,0,0
0,home_improvement,15%, 345 , 11.1 ,0.76,647," 10,860 ", 991 ,15.2,1,3,0,0
0,credit_card,18%, 183 , 10.2 ,13.44,627, 419 ," 2,798 ",71.4,0,0,0,1
0,all_other,11%, 118 , 10.8 ,2.86,667, 181 , 736 ,51.3,2,0,0,0
0,credit_card,13%, 41 , 11.1 ,3.77,642," 4,830 "," 12,331 ",78,3,0,0,0
0,debt_consolidation,18%, 184 , 11.0 ,5.3,617, 720 ," 4,333 ",95.4,4,0,0,1
0,credit_card,9%, 320 , 11.1 ,0.82,717, 346 , -   ,0,2,0,0,0
0,educational,16%, 422 , 11.3 ,4.61,647, 300 , 339 ,82.7,12,0,0,0
0,debt_consolidation,14%, 167 , 10.7 ,3.01,647," 1,260 "," 1,893 ",90.1,2,0,1,1
0,all_other,9%, 158 , 9.6 ,9.84,727," 2,220 "," 5,243 ",31.6,4,0,0,1
0,educational,14%, 241 , 10.9 ,8.9,647," 3,000 "," 5,390 ",66.9,3,0,0,0
0,home_improvement,11%, 67 , 11.5 ,25,707," 4,203 "," 74,292 ",94.6,0,0,0,0
0,educational,14%, 82 , 10.5 ,18.51,652," 4,319 "," 5,295 ",83,0,1,0,1
0,debt_consolidation,18%, 225 , 10.5 ,19.85,657," 5,460 "," 17,659 ",58.7,9,0,0,1
0,debt_consolidation,13%, 170 , 9.9 ,0,652, 330 , -   ,0,1,0,0,1
0,small_business,17%, 306 , 11.0 ,8.84,642, 720 ," 5,059 ",79,4,0,0,1
0,debt_consolidation,12%, 495 , 10.8 ,0,687, 300 , 557 ,22.3,1,0,0,0
0,debt_consolidation,15%, 98 , 10.3 ,21.28,652," 1,830 ", 509 ,72.7,3,0,0,0
0,home_improvement,14%, 192 , 9.6 ,2,642, 239 , 852 ,77.5,5,0,0,1
0,debt_consolidation,13%, 81 , 9.9 ,11.64,652," 2,820 ", 233 ,15.1,0,5,0,0
0,all_other,13%, 142 , 9.2 ,10.68,652, 390 ," 2,942 ",58.8,6,0,0,0
0,all_other,14%, 144 , 10.1 ,12.55,647," 2,220 ", -   ,0,9,0,0,1
0,debt_consolidation,18%, 433 , 10.6 ,12.83,652," 2,879 "," 4,157 ",96.7,12,0,1,1
0,all_other,11%, 173 , 11.2 ,25.78,722," 4,080 "," 17,844 ",31.1,0,0,0,0
0,debt_consolidation,18%, 159 , 11.7 ,25.77,662," 7,980 "," 68,438 ",96.2,0,1,1,0
0,debt_consolidation,14%, 204 , 9.9 ,8.4,652, 544 ," 1,421 ",71.7,3,0,0,0
0,all_other,9%, 158 , 10.2 ,1.8,722, 900 , 827 ,51.7,2,0,0,1
0,all_other,15%, 317 , 10.5 ,0.33,692, 360 , 136 ,1.1,8,0,0,1
0,all_other,17%, 510 , 11.0 ,24.45,662," 1,260 "," 15,783 ",74.5,4,0,0,0
0,all_other,15%, 146 , 11.1 ,10.69,647," 2,969 "," 3,028 ",9.8,10,1,0,0
0,debt_consolidation,15%, 333 , 11.4 ,15.33,652," 6,419 "," 22,158 ",80.7,10,2,1,0
0,all_other,13%, 278 , 11.0 ,7.99,667," 6,210 "," 2,303 ",32.9,4,2,0,0
0,credit_card,14%, 102 , 10.5 ,23.61,672," 1,050 "," 15,123 ",54.4,2,0,0,0
0,small_business,18%, 291 , 10.9 ,9.98,642," 3,450 "," 18,865 ",60.8,0,0,0,1
0,debt_consolidation,14%, 170 , 9.9 ,0.6,642," 1,290 ", 77 ,11,18,1,0,0
0,credit_card,13%, 118 , 10.5 ,3.94,647," 1,740 "," 2,680 ",57,0,2,0,0
0,educational,11%, 163 , 10.3 ,1.8,682, 420 , 829 ,21.8,2,0,0,0
0,debt_consolidation,16%, 299 , 10.3 ,11.42,667," 4,050 "," 3,879 ",71.8,8,0,1,1
0,debt_consolidation,14%, 360 , 11.0 ,4.26,647," 2,010 "," 14,000 ",55.8,12,0,0,0
0,debt_consolidation,18%, 376 , 10.3 ,22.37,642," 4,470 "," 10,713 ",82.4,4,0,0,1
0,educational,11%, 265 , 11.9 ,6.7,687," 6,359 "," 7,260 ",41.7,8,0,0,0
0,small_business,15%, 871 , 12.0 ,13.35,687," 6,659 "," 18,538 ",47.3,8,1,1,1
0,all_other,14%, 205 , 10.5 ,0,647," 5,879 ", -   ,0,0,2,0,1
0,debt_consolidation,14%, 149 , 9.9 ,13.45,642," 1,139 "," 2,422 ",105.3,3,0,0,0
0,all_other,13%, 169 , 9.7 ,5.36,652, 300 ," 2,486 ",82.9,0,0,0,1
0,all_other,9%, 16 , 7.6 ,0,702, 239 , -   ,0,6,0,0,1
0,all_other,13%, 334 , 10.2 ,1.42,667, 300 , 938 ,47.6,4,0,0,0
0,debt_consolidation,12%, 132 , 9.8 ,1.3,667," 2,910 ", 258 ,86,2,0,0,1
0,small_business,14%, 768 , 12.3 ,14.5,692," 7,387 "," 81,330 ",77.5,4,0,0,0
0,credit_card,16%, 424 , 10.8 ,11.53,652, 900 ," 11,134 ",77.5,6,0,0,1
0,debt_consolidation,10%, 259 , 9.8 ,6.97,697, 630 ," 4,380 ",49.2,0,0,0,0
0,all_other,11%, 131 , 9.6 ,1.67,672," 1,290 ", 74 ,37,4,0,0,0
0,credit_card,13%, 169 , 10.6 ,2.48,652," 7,529 "," 2,636 ",32.9,1,0,0,0
0,debt_consolidation,14%, 360 , 11.2 ,13.07,657," 2,430 "," 22,764 ",39.7,1,0,0,0
0,debt_consolidation,13%, 230 , 11.4 ,9.63,692," 2,490 "," 5,537 ",79.1,6,0,0,0
0,small_business,12%, 660 , 13.3 ,2.33,692," 4,006 ", -   ,0,5,0,0,1
0,home_improvement,10%, 295 , 10.4 ,10.66,687, 600 ," 1,521 ",27.7,12,0,0,1
0,debt_consolidation,12%, 200 , 10.3 ,2.2,662, 659 ," 2,468 ",79.6,1,0,0,0
0,debt_consolidation,11%, 131 , 10.4 ,15.27,672," 2,700 "," 3,323 ",32.6,4,0,0,0
0,debt_consolidation,14%, 124 , 10.4 ,18.51,642," 3,390 ", 869 ,96.6,2,0,0,0
0,home_improvement,10%, 321 , 10.0 ,18.55,722, 540 , 63 ,4.2,2,0,0,0
0,debt_consolidation,16%, 100 , 11.0 ,4.22,622, 479 ," 2,581 ",64.5,10,0,0,0
0,debt_consolidation,12%, 23 , 10.1 ,11.33,657," 2,880 "," 4,479 ",101.8,1,0,0,1
0,educational,12%, 300 , 10.0 ,3.27,667, 709 , -   ,0,1,0,0,0
0,small_business,15%, 347 , 10.3 ,23.34,667," 2,190 "," 3,283 ",63.1,7,0,0,0
0,debt_consolidation,18%, 500 , 10.7 ,23.65,652," 2,670 "," 81,695 ",92.9,0,0,0,0
0,educational,14%, 171 , 9.5 ,13.38,642, 810 ," 5,908 ",34.8,2,0,0,0
0,debt_consolidation,18%, 706 , 10.7 ,25.63,667," 2,670 "," 35,460 ",86.7,19,0,0,0
0,small_business,12%, 836 , 11.3 ,15.13,702," 11,430 "," 43,302 ",53.8,4,0,0,1
0,small_business,16%, 878 , 11.6 ,26.55,707," 6,630 "," 78,203 ",90,0,0,0,0
0,credit_card,14%, 360 , 11.2 ,9.98,642," 4,680 "," 15,918 ",101.4,6,0,0,1
0,all_other,9%, 288 , 9.6 ,13.36,717," 3,269 "," 2,588 ",103.5,0,0,0,1
0,debt_consolidation,10%, 162 , 11.2 ,0.26,687, 345 ," 1,169 ",48.7,0,0,0,0
0,debt_consolidation,14%, 228 , 10.7 ,15.63,642," 2,100 "," 5,575 ",66.4,0,1,0,1
0,credit_card,12%, 468 , 11.2 ,20.68,682," 4,350 "," 8,009 ",74.2,4,0,1,0
0,all_other,12%, 99 , 11.2 ,18.26,672," 2,670 "," 1,393 ",43.5,7,0,0,0
0,home_improvement,16%, 59 , 11.4 ,26.52,652," 3,960 "," 51,914 ",88.5,0,0,0,1
0,debt_consolidation,13%, 186 , 10.5 ,16.03,652," 2,160 "," 3,132 ",97.9,4,0,0,0
0,all_other,12%, 165 , 10.6 ,10.36,672," 6,840 "," 15,301 ",46.8,7,1,0,0
0,debt_consolidation,16%, 337 , 11.1 ,23.27,657," 7,594 "," 25,348 ",91.6,1,0,0,0
0,small_business,9%, 179 , 11.5 ,0.13,702, 210 , 327 ,21.8,1,0,0,0
0,all_other,10%, 181 , 8.5 ,0,682, 239 , -   ,0,3,0,0,1
0,debt_consolidation,14%, 241 , 10.3 ,4.04,642, 450 ," 2,288 ",53.2,2,0,0,1
0,debt_consolidation,11%, 246 , 9.9 ,5.46,677," 1,260 "," 4,310 ",50.7,7,0,0,1
0,educational,11%, 82 , 10.3 ,0.4,672," 1,590 ", 174 ,9.2,7,1,0,0
0,credit_card,14%, 275 , 11.0 ,23.86,677," 7,259 "," 14,301 ",60.2,4,0,0,1
0,debt_consolidation,14%, 136 , 10.7 ,13.51,642," 1,709 "," 4,033 ",53.1,8,0,0,0
0,debt_consolidation,10%, 193 , 11.6 ,15.49,707," 5,280 "," 33,985 ",85,11,0,0,0
0,credit_card,12%, 17 , 9.8 ,19.2,657," 5,130 "," 9,231 ",44,1,4,0,0
0,all_other,16%, 294 , 10.5 ,21.5,642," 1,830 "," 3,896 ",34.2,3,0,0,1
0,debt_consolidation,13%, 67 , 9.9 ,2.58,652," 1,830 "," 1,123 ",23.1,4,2,0,1
0,debt_consolidation,13%, 336 , 10.9 ,5.04,662," 1,050 "," 11,766 ",72.6,0,0,0,1
0,all_other,14%, 239 , 10.7 ,14.92,652," 3,720 ", -   ,0,1,2,0,0
0,home_improvement,10%, 385 , 10.4 ,1.99,707," 2,310 "," 6,306 ",36.7,7,0,0,1
0,debt_consolidation,15%, 621 , 11.7 ,26.25,697," 5,909 "," 130,799 ",89.4,3,0,0,0
0,all_other,14%, 29 , 10.2 ,21.26,642," 2,339 "," 14,479 ",78.3,2,0,0,0
0,debt_consolidation,11%, 327 , 11.2 ,8,677," 2,190 "," 1,170 ",49.1,8,0,1,1
0,debt_consolidation,14%, 272 , 9.9 ,13.2,652," 1,110 "," 6,014 ",72.5,3,0,0,0
0,debt_consolidation,13%, 161 , 11.0 ,12.61,652," 2,609 "," 9,212 ",56.9,0,3,0,0
0,all_other,13%, 203 , 11.0 ,1.02,652, 539 ," 1,328 ",41.5,3,0,0,0
0,debt_consolidation,15%, 324 , 11.2 ,21.58,657," 2,984 "," 1,992 ",18.3,3,6,0,0
0,small_business,14%, 855 , 12.0 ,20.2,687," 5,774 "," 216,959 ",45.4,4,0,0,0
0,debt_consolidation,14%, 170 , 9.7 ,9.45,642, 841 ," 4,467 ",93.1,0,0,0,0
0,educational,9%, 320 , 11.3 ,16.29,717," 3,480 ", 2 ,0.1,16,0,0,0
0,all_other,14%, 51 , 9.3 ,22.95,642, 330 ," 1,201 ",75.1,3,0,0,1
0,debt_consolidation,18%, 88 , 10.9 ,9.62,612," 1,230 "," 1,190 ",119,15,0,0,0
0,all_other,14%, 82 , 11.0 ,18.51,647," 7,110 "," 21,899 ",69.1,4,2,0,0
0,small_business,13%, 168 , 11.5 ,9.98,652," 2,520 "," 40,238 ",63.2,10,0,0,0
0,credit_card,13%, 170 , 11.5 ,12.53,647," 2,850 "," 9,568 ",97.1,1,0,3,0
0,all_other,14%, 170 , 10.2 ,1.6,642, 450 ," 1,202 ",92.5,1,0,0,0
0,small_business,13%, 168 , 9.9 ,19.02,662, 959 , -   ,0,1,0,0,0
0,debt_consolidation,16%, 882 , 11.7 ,19.02,667," 6,390 "," 121,719 ",60,5,0,0,1
0,debt_consolidation,13%, 169 , 9.6 ,8.72,647," 1,530 "," 5,183 ",46.3,1,1,0,1
0,small_business,16%, 489 , 11.1 ,21.93,657," 6,030 ", 254 ,36.3,6,1,0,1
0,small_business,13%, 509 , 10.9 ,19.44,672," 4,860 "," 15,973 ",31.6,8,3,0,1
0,all_other,13%, 163 , 11.1 ,12.11,647," 5,489 "," 8,174 ",76.7,12,0,1,0
0,educational,11%, 327 , 10.7 ,4.19,682, 630 , 58 ,7.2,1,0,0,1
0,all_other,10%, 387 , 10.7 ,2.48,707," 2,981 "," 1,458 ",11,4,0,0,0
0,debt_consolidation,14%, 206 , 10.0 ,18.93,642, 570 ," 1,400 ",16.9,7,0,0,0
0,all_other,14%, 228 , 10.7 ,18.32,647," 1,140 "," 6,367 ",80.6,0,0,0,0
0,all_other,15%, 488 , 11.2 ,9.49,652," 2,789 "," 16,075 ",80.4,1,1,0,1
0,credit_card,15%, 336 , 11.0 ,17.03,642," 9,390 "," 15,780 ",20.2,4,3,0,0
0,educational,13%, 202 , 9.4 ,3,657, 479 , 884 ,55.2,1,0,0,0
0,small_business,15%, 520 , 10.5 ,4.64,657," 7,589 "," 4,727 ",89.2,2,0,0,0
0,debt_consolidation,12%, 233 , 10.7 ,11.58,662," 6,221 "," 2,778 ",99.2,6,0,0,0
0,all_other,12%, 20 , 8.5 ,4.8,662, 750 , 228 ,19,3,0,0,0
0,debt_consolidation,17%, 35 , 9.6 ,27.55,647," 2,819 "," 7,400 ",77.1,3,0,0,1
0,all_other,14%, 31 , 10.3 ,3.1,632, 420 , 997 ,7.3,4,0,0,1
0,debt_consolidation,11%, 164 , 11.4 ,7.4,672," 3,360 "," 2,695 ",29.9,8,0,0,1
0,debt_consolidation,10%, 258 , 9.9 ,1.5,697, 479 , 358 ,6,1,0,0,0
0,credit_card,14%, 137 , 9.6 ,16.32,647," 1,049 "," 4,364 ",101.5,5,0,0,1
0,debt_consolidation,17%, 358 , 12.1 ,26.13,657," 4,949 "," 69,407 ",78.6,2,0,0,0
0,debt_consolidation,13%, 161 , 10.0 ,10.29,652," 3,180 "," 5,070 ",72.4,3,1,0,0
0,debt_consolidation,14%, 286 , 10.4 ,14.29,652, 990 ," 4,206 ",75.1,1,0,0,0
0,debt_consolidation,14%, 360 , 10.9 ,4.33,642," 4,529 "," 21,964 ",83.5,4,0,0,1
0,small_business,13%, 844 , 12.4 ,25.03,762," 8,460 "," 401,941 ",20.7,1,0,0,1
0,all_other,9%, 177 , 9.1 ,17.52,727," 4,351 "," 9,419 ",26.5,1,0,0,0
0,small_business,14%, 412 , 11.5 ,11.4,647," 7,350 "," 37,367 ",66.5,15,0,0,0
0,debt_consolidation,11%, 625 , 10.5 ,0.33,712, 300 , 89 ,1.6,0,0,0,1
0,all_other,10%, 52 , 9.8 ,10.33,682," 2,910 "," 6,646 ",100.7,1,0,0,1
0,all_other,11%, 130 , 11.1 ,17.89,682," 5,279 "," 21,154 ",96.2,8,0,1,0
0,credit_card,8%, 189 , 10.8 ,4.51,727, 600 , 669 ,7,0,0,0,0
0,small_business,11%, 651 , 11.5 ,2.55,707," 1,590 "," 8,702 ",51.7,11,0,0,0
0,all_other,11%, 405 , 11.3 ,8.21,687, 299 , 693 ,53.3,1,0,0,0
0,debt_consolidation,11%, 325 , 10.8 ,0.54,687, 397 , 704 ,44,4,0,0,0
0,all_other,14%, 295 , 10.9 ,12.87,642," 3,242 "," 4,776 ",27.9,13,0,0,0
0,all_other,14%, 341 , 11.7 ,1.95,657," 5,100 "," 6,298 ",86.3,2,3,0,0
0,major_purchase,14%, 247 , 10.9 ,15.65,647," 2,040 "," 11,796 ",74.7,20,0,0,1
0,all_other,14%, 170 , 10.5 ,1.37,642, 212 ," 1,545 ",61.8,6,0,0,0
0,debt_consolidation,12%, 50 , 9.7 ,14.23,652," 1,230 "," 6,312 ",60.7,4,0,0,0
0,major_purchase,12%, 232 , 11.2 ,9.18,667," 4,110 ", -   ,0,18,0,0,0
0,debt_consolidation,18%, 557 , 11.8 ,24.04,652," 6,239 "," 128,850 ",89.6,2,0,0,1
0,debt_consolidation,12%, 60 , 10.6 ,1.71,657," 3,150 ", -   ,0,2,0,0,1
0,debt_consolidation,11%, 163 , 11.2 ,13.31,687," 7,950 "," 5,521 ",55.8,5,0,1,1
0,debt_consolidation,17%, 532 , 10.6 ,20.53,652," 2,880 "," 1,728 ",57.6,8,0,0,0
0,small_business,10%, 770 , 11.1 ,0,742," 1,620 ", -   ,0,9,0,0,0
0,small_business,13%, 504 , 11.0 ,22.44,687," 4,859 ", 23 ,1.3,5,2,0,1
0,debt_consolidation,11%, 325 , 10.1 ,10.22,687," 2,729 "," 6,552 ",95,4,0,0,0
0,debt_consolidation,13%, 142 , 10.3 ,13.16,647," 3,660 "," 2,153 ",86.1,3,0,0,0
0,major_purchase,9%, 158 , 10.2 ,0.93,717, 300 , 157 ,5.4,1,0,0,0
0,home_improvement,12%, 80 , 10.6 ,20.56,662," 2,070 "," 18,749 ",83,5,0,0,1
0,debt_consolidation,14%, 360 , 10.8 ,6.69,647," 12,150 "," 10,155 ",35,1,2,0,0
0,debt_consolidation,15%, 867 , 12.1 ,24.59,697," 6,510 "," 245,886 ",84.5,7,0,0,1
0,small_business,16%, 350 , 11.2 ,28.4,692," 4,470 "," 60,134 ",53,5,0,1,1
0,debt_consolidation,13%, 439 , 11.7 ,10.33,662, 660 , -   ,0,4,0,0,0
0,all_other,15%, 138 , 10.2 ,22.61,642," 1,320 "," 3,395 ",97,0,0,0,0
0,small_business,10%, 156 , 10.3 ,8.96,682, 719 ," 6,893 ",15.4,27,0,0,0
0,all_other,7%, 93 , 9.6 ,0,757, 300 , -   ,0,0,0,0,1
0,all_other,11%, 163 , 12.5 ,8.3,677," 7,080 "," 2,053 ",2.6,25,0,0,1
0,debt_consolidation,11%, 781 , 12.0 ,18.76,732," 8,310 "," 81,617 ",32.7,4,1,0,0
0,debt_consolidation,13%, 302 , 9.9 ,26.88,742," 3,960 "," 17,741 ",68.2,0,0,0,0
0,small_business,16%, 353 , 10.1 ,5.09,652," 3,659 "," 14,594 ",97.9,0,0,0,1
0,home_improvement,15%, 276 , 10.8 ,19.13,647, 240 , 289 ,28.9,15,0,0,1
0,debt_consolidation,17%, 286 , 10.5 ,23.47,657," 4,757 "," 10,130 ",45.6,2,1,0,0
0,debt_consolidation,14%, 102 , 10.6 ,16.71,642," 1,799 "," 9,135 ",76.8,28,0,0,0
0,debt_consolidation,14%, 400 , 10.6 ,11.26,652, 990 ," 8,963 ",99.6,2,0,0,0
0,debt_consolidation,16%, 506 , 11.3 ,13.78,652," 3,990 "," 9,942 ",87.2,2,2,0,0
0,major_purchase,12%, 33 , 10.6 ,3.42,657," 3,180 ", -   ,0,2,0,0,1
0,debt_consolidation,11%, 325 , 11.3 ,16.54,692," 4,889 "," 18,878 ",40.3,5,0,0,1
0,debt_consolidation,11%, 409 , 10.5 ,12.27,692," 1,770 "," 12,415 ",53.3,4,0,0,1
0,debt_consolidation,15%, 313 , 10.6 ,21.9,652," 6,180 "," 13,025 ",28.4,3,0,0,0
0,debt_consolidation,16%, 282 , 10.2 ,25,662," 2,010 "," 8,768 ",71.9,3,0,0,1
0,small_business,14%, 851 , 12.7 ,22.68,732," 8,490 "," 407,794 ",20.8,0,0,0,1
0,debt_consolidation,12%, 485 , 10.6 ,0.45,667, 810 , 336 ,33.6,1,0,0,0
0,debt_consolidation,14%, 675 , 11.3 ,21.03,672," 5,160 "," 52,316 ",83.7,11,1,1,0
0,all_other,12%, 100 , 10.2 ,14.85,662," 2,820 ", -   ,0,31,0,1,0
0,all_other,9%, 318 , 10.1 ,5,722," 2,009 "," 4,698 ",27.6,4,0,0,0
0,all_other,13%, 168 , 10.8 ,27.6,712," 5,580 "," 16,513 ",30.9,6,1,0,1
0,debt_consolidation,15%, 383 , 10.3 ,18.52,647," 1,110 "," 4,021 ",72.3,3,0,0,1
0,debt_consolidation,13%, 339 , 11.4 ,4.78,657," 3,720 "," 7,455 ",93.2,1,2,0,0
0,debt_consolidation,11%, 391 , 10.7 ,6.36,687, 517 ," 1,069 ",42.8,1,0,0,0
0,credit_card,14%, 97 , 10.6 ,28.68,692," 4,709 "," 21,290 ",78,1,0,0,0
0,all_other,14%, 21 , 10.3 ,20.54,642," 2,369 "," 14,670 ",79.3,3,0,0,0
0,small_business,10%, 806 , 11.4 ,0,727," 3,150 ", -   ,0,6,1,0,0
0,debt_consolidation,10%, 189 , 9.8 ,16.13,707, 502 , 466 ,46.6,0,0,0,1
0,all_other,12%, 199 , 10.5 ,4.54,667, 930 ," 6,232 ",60.5,0,0,0,0
0,small_business,11%, 328 , 10.6 ,0.94,697, 390 , 179 ,17.9,3,0,0,1
0,debt_consolidation,10%, 26 , 8.7 ,0,682, 480 , -   ,0,1,0,0,0
0,all_other,16%, 525 , 11.2 ,8.73,652," 4,229 "," 3,193 ",59.1,3,2,0,1
0,home_improvement,13%, 101 , 10.8 ,5.2,647," 1,200 "," 11,587 ",67,11,0,0,0
0,debt_consolidation,18%, 72 , 10.7 ,28.73,647," 4,709 "," 6,076 ",79.9,6,1,0,0
0,debt_consolidation,13%, 504 , 12.5 ,17.87,672," 6,989 "," 275,925 ",84.8,0,1,0,0
0,debt_consolidation,13%, 338 , 12.5 ,20.06,672," 6,989 "," 275,925 ",84.8,0,1,0,0
0,major_purchase,10%, 518 , 11.3 ,0.62,712, 630 ," 1,539 ",10.3,1,0,0,0
0,all_other,11%, 78 , 10.0 ,5.7,672," 3,150 "," 3,613 ",103.2,1,1,0,0
0,all_other,13%, 101 , 11.2 ,3.42,647," 3,330 ", 296 ,74,3,0,1,0
0,all_other,11%, 327 , 10.3 ,2.46,682," 2,609 "," 1,999 ",99.9,3,0,0,0
0,debt_consolidation,14%, 412 , 11.3 ,19.49,657," 2,340 "," 5,191 ",48.1,14,0,0,1
0,debt_consolidation,16%, 525 , 10.9 ,11.54,652," 1,920 "," 9,603 ",96.5,5,0,0,0
0,debt_consolidation,11%, 238 , 11.1 ,12.54,682," 2,370 "," 1,367 ",6.9,9,0,0,1
0,all_other,14%, 46 , 11.0 ,21.34,642," 5,880 "," 25,254 ",53.1,24,0,0,0
0,small_business,11%, 591 , 12.3 ,11.61,692," 1,470 ", 921 ,14.6,16,0,0,0
0,all_other,11%, 20 , 9.6 ,11.68,692, 480 , 441 ,73.5,0,0,0,0
0,educational,12%, 50 , 9.0 ,11.1,662," 1,049 ", -   ,0,2,0,0,0
0,credit_card,10%, 516 , 11.3 ,16.29,717," 2,640 "," 28,095 ",32.8,7,0,0,0
0,educational,9%, 32 , 9.9 ,0.92,692, 360 , 362 ,25.9,0,0,0,0
0,debt_consolidation,13%, 270 , 10.2 ,11.32,657," 1,410 "," 3,919 ",37.7,15,0,0,0
0,credit_card,11%, 391 , 12.3 ,11.78,692," 1,470 ", 921 ,14.6,16,0,0,0
0,home_improvement,18%, 902 , 12.8 ,17.64,657," 4,230 "," 44,827 ",80.4,14,0,0,1
0,debt_consolidation,14%, 515 , 10.5 ,26.53,697," 2,310 "," 13,764 ",75.2,5,0,0,0
0,debt_consolidation,15%, 276 , 10.9 ,18.52,647," 3,699 "," 20,383 ",67.9,2,0,0,0
0,educational,14%, 496 , 11.3 ,19.1,662," 6,660 "," 26,710 ",102.7,3,0,0,0
0,small_business,18%, 748 , 11.1 ,14.71,652," 5,099 "," 4,668 ",55.6,2,1,0,1
0,all_other,13%, 27 , 10.2 ,0,637, 540 , -   ,0,2,0,0,1
0,debt_consolidation,15%, 277 , 10.9 ,28.43,697," 4,079 "," 38,057 ",96.8,3,0,0,0
0,all_other,17%, 106 , 9.4 ,17.1,632," 1,199 "," 7,587 ",97.3,0,0,0,1
0,credit_card,11%, 473 , 11.4 ,15,687," 1,950 "," 11,220 ",72.4,4,0,0,0
0,debt_consolidation,16%, 350 , 10.2 ,29.41,692," 3,450 "," 10,565 ",56.8,2,0,0,0
0,all_other,13%, 203 , 11.6 ,6.95,652," 3,510 "," 1,189 ",79.3,0,0,0,0
0,all_other,11%, 230 , 11.6 ,21.97,692," 6,629 "," 7,258 ",42.7,7,0,0,1
0,all_other,12%, 528 , 12.0 ,6.23,682," 5,250 "," 16,161 ",78.1,4,0,0,1
0,all_other,14%, 342 , 10.7 ,25.91,697," 3,839 "," 14,554 ",52,3,0,0,0
0,debt_consolidation,16%, 565 , 10.9 ,7.96,652," 3,929 "," 13,614 ",70.9,3,0,0,0
0,all_other,12%, 84 , 11.5 ,16.19,657," 5,070 "," 16,027 ",64.6,5,0,0,0
0,all_other,10%, 54 , 8.9 ,17.33,687, 540 ," 2,469 ",29.7,1,0,0,1
0,small_business,13%, 810 , 11.0 ,25.08,757," 9,182 "," 53,461 ",50.8,0,0,0,0
0,all_other,9%, 254 , 10.8 ,8.3,717, 870 , -   ,0,1,0,0,0
0,educational,15%, 496 , 10.3 ,12.76,657," 3,270 "," 5,830 ",64.1,1,0,0,1
0,small_business,10%, 241 , 11.2 ,15.72,712," 4,950 "," 3,943 ",43.8,4,0,0,1
0,debt_consolidation,17%, 155 , 10.4 ,27.15,652," 3,450 "," 2,012 ",100.6,0,0,0,0
0,debt_consolidation,13%, 509 , 11.0 ,2.16,662," 3,360 "," 3,286 ",84.3,6,0,0,1
0,debt_consolidation,15%, 350 , 10.6 ,21.81,657," 3,180 "," 7,897 ",75.2,3,0,0,1
0,debt_consolidation,14%, 254 , 10.5 ,26.08,682," 3,180 ", 204 ,4.6,11,0,0,1
0,credit_card,11%, 246 , 10.4 ,6.62,677, 452 , -   ,0,0,0,0,0
0,debt_consolidation,17%, 662 , 10.5 ,9.76,642," 3,690 "," 8,731 ",38.1,0,0,0,0
0,small_business,11%, 325 , 10.8 ,13.9,697," 6,090 "," 4,115 ",11.6,5,0,0,1
0,small_business,9%, 317 , 10.5 ,0.6,727, 570 , 596 ,29.8,0,0,0,0
0,debt_consolidation,17%, 622 , 10.8 ,16.92,647," 5,490 "," 4,693 ",28.8,8,0,1,1
0,home_improvement,14%, 274 , 10.9 ,15.53,652," 8,699 "," 19,457 ",51.1,0,2,0,1
0,all_other,17%, 25 , 9.9 ,28.42,662," 1,208 "," 1,878 ",22.6,3,0,0,0
0,debt_consolidation,14%, 82 , 10.8 ,15.53,647," 1,470 "," 1,233 ",35.2,1,0,0,0
0,debt_consolidation,8%, 315 , 10.6 ,5.67,737," 2,925 "," 4,545 ",18.9,4,0,0,0
0,all_other,10%, 161 , 10.7 ,0.67,702," 2,977 ", 339 ,11.7,6,0,0,0
0,major_purchase,11%, 163 , 10.2 ,13.55,687," 4,109 "," 40,091 ",33.2,0,0,0,0
0,home_improvement,11%, 688 , 12.3 ,21.28,747," 8,730 "," 270,800 ",25.3,5,0,0,0
0,all_other,11%, 55 , 9.7 ,21.75,687, 360 ," 5,898 ",42.1,3,0,0,0
0,debt_consolidation,15%, 443 , 10.4 ,17.08,657," 5,280 "," 12,951 ",83,1,0,1,0
0,debt_consolidation,16%, 287 , 10.5 ,22.25,647," 4,440 ", 276 ,92,6,0,1,0
0,educational,13%, 254 , 10.3 ,14.08,662," 1,960 ", -   ,0,7,0,0,1
0,all_other,12%, 36 , 8.9 ,19.2,672," 1,200 "," 5,168 ",84.1,4,0,0,0
0,all_other,14%, 56 , 11.1 ,5.61,682," 1,470 "," 2,324 ",14,18,0,0,1
0,credit_card,12%, 233 , 11.1 ,14.55,672," 4,290 "," 7,180 ",34.4,4,0,0,1
0,home_improvement,11%, 245 , 11.1 ,5.13,687," 3,119 "," 12,123 ",21,5,0,0,1
0,debt_consolidation,14%, 188 , 10.4 ,19.34,657," 2,789 "," 3,266 ",46,6,0,0,0
0,debt_consolidation,14%, 163 , 11.0 ,21.03,662," 6,600 "," 16,140 ",81.8,13,0,1,0
0,debt_consolidation,11%, 66 , 10.6 ,9.98,672, 390 , -   ,0,0,0,0,0
0,debt_consolidation,13%, 169 , 10.3 ,16.88,657," 5,129 "," 2,229 ",51.8,1,7,0,0
0,debt_consolidation,13%, 406 , 11.3 ,8.64,662, 991 ," 15,636 ",73.4,1,0,0,0
0,all_other,11%, 326 , 10.4 ,13.01,702," 3,629 "," 2,294 ",22.9,5,0,0,1
0,debt_consolidation,13%, 406 , 10.5 ,12.77,662," 2,430 "," 8,480 ",19.1,4,2,0,0
0,all_other,15%, 248 , 11.3 ,26.49,692," 5,160 "," 18,943 ",55.2,6,0,1,0
0,all_other,13%, 17 , 10.2 ,10,652," 1,890 ", 182 ,60.7,6,0,0,0
0,credit_card,13%, 406 , 10.7 ,20.14,677," 5,100 "," 17,940 ",64.5,6,0,0,1
0,debt_consolidation,15%, 472 , 11.1 ,22.16,662," 6,840 "," 23,802 ",62.8,6,0,0,1
0,major_purchase,10%, 483 , 11.1 ,9.38,732, 960 , 664 ,1.6,2,0,0,0
0,debt_consolidation,11%, 148 , 10.3 ,13.88,677," 3,059 ", 844 ,46.9,9,0,0,0
0,major_purchase,10%, 193 , 9.7 ,7.07,702, 780 , -   ,0,6,0,0,0
0,debt_consolidation,16%, 701 , 11.2 ,13.94,672," 4,050 "," 11,346 ",103.1,6,0,0,1
0,credit_card,14%, 82 , 11.0 ,22.93,652," 6,090 "," 25,203 ",93,0,0,0,0
0,debt_consolidation,10%, 356 , 10.6 ,12.94,712," 1,470 "," 45,442 ",25.8,0,0,0,1
0,debt_consolidation,13%, 81 , 10.1 ,11.35,652," 2,460 "," 5,016 ",27.7,5,0,0,0
0,all_other,13%, 68 , 9.9 ,23.6,677," 1,560 ", 480 ,96,5,0,0,0
0,educational,11%, 66 , 8.4 ,4,667, 330 , 333 ,37,4,0,0,0
0,credit_card,12%, 200 , 11.1 ,14.51,667," 2,880 "," 12,508 ",34.7,5,0,0,1
0,debt_consolidation,10%, 325 , 11.3 ,16.67,722," 4,458 "," 6,673 ",32.6,4,0,0,0
0,debt_consolidation,16%, 451 , 10.9 ,20.2,657," 3,390 "," 18,511 ",72.6,0,0,0,0
0,small_business,12%, 794 , 11.8 ,8.39,707," 5,280 "," 16,298 ",80.7,8,0,0,1
0,small_business,18%, 683 , 11.7 ,19.33,647," 5,160 "," 5,094 ",71.7,3,1,0,1
0,credit_card,13%, 135 , 11.4 ,6.78,657," 7,020 ", -   ,0,0,2,0,0
0,debt_consolidation,13%, 203 , 10.6 ,5.13,657," 3,179 ", 75 ,37.5,8,0,0,1
0,all_other,16%, 106 , 11.0 ,28.16,672," 6,480 "," 7,846 ",25.8,4,1,0,0
0,all_other,10%, 68 , 10.4 ,10.04,682, 720 ," 1,856 ",26.5,0,0,0,0
0,small_business,11%, 816 , 11.4 ,0.75,717," 3,181 "," 2,718 ",19.3,8,1,0,0
0,debt_consolidation,11%, 459 , 11.3 ,15.63,702," 3,629 "," 42,619 ",2.6,4,0,0,0
0,debt_consolidation,15%, 209 , 10.5 ,18.53,642," 3,270 "," 6,970 ",76.6,4,1,0,1
0,debt_consolidation,10%, 372 , 9.9 ,14.58,737," 6,900 "," 20,245 ",50.1,1,0,0,1
0,debt_consolidation,16%, 233 , 10.4 ,29.07,687," 1,471 "," 10,503 ",51.7,1,0,0,0
0,all_other,11%, 99 , 9.5 ,10.43,672, 959 , 474 ,11.8,0,0,0,0
0,small_business,13%, 505 , 11.4 ,10.24,672," 2,250 "," 4,162 ",68.4,14,0,1,1
0,credit_card,16%, 265 , 10.7 ,23.04,652," 4,169 "," 7,091 ",89.8,0,1,0,0
0,educational,14%, 172 , 11.1 ,17.22,647," 4,199 "," 2,347 ",24.7,1,1,0,1
0,debt_consolidation,15%, 208 , 10.6 ,15.75,642," 2,279 "," 11,638 ",73.7,4,1,0,0
0,debt_consolidation,16%, 705 , 11.1 ,21.83,667," 5,220 "," 33,295 ",90.7,4,0,1,1
0,debt_consolidation,14%, 592 , 10.8 ,23.47,697," 7,440 "," 48,792 ",80.9,0,0,0,0
0,major_purchase,13%, 85 , 10.1 ,0.96,652, 180 , 177 ,88.5,1,0,0,1
0,debt_consolidation,16%, 419 , 11.0 ,15.38,647," 1,860 "," 11,214 ",70.1,0,0,0,0
0,debt_consolidation,16%, 438 , 11.2 ,19.73,657," 6,210 "," 26,066 ",98,13,0,1,1
0,all_other,13%, 809 , 12.4 ,9.67,682," 9,479 "," 66,919 ",61.3,5,0,0,0
0,home_improvement,18%, 203 , 10.7 ,25.84,647," 1,799 "," 10,147 ",89.8,0,0,0,1
0,major_purchase,10%, 78 , 10.2 ,19.29,697, 482 ," 1,364 ",34.1,2,0,0,0
0,debt_consolidation,13%, 204 , 10.7 ,22.77,692," 5,719 "," 22,191 ",85.3,6,0,1,1
0,all_other,9%, 191 , 11.5 ,19.6,737," 12,240 "," 40,904 ",34.4,12,0,0,0
0,debt_consolidation,16%, 526 , 11.0 ,17.28,657," 5,400 "," 11,096 ",92.2,2,0,1,1
0,debt_consolidation,12%, 300 , 11.8 ,16.9,672," 4,440 "," 45,428 ",82.3,5,0,1,0
0,debt_consolidation,15%, 517 , 10.8 ,25.4,707," 6,360 "," 11,937 ",52.8,0,0,0,1
0,debt_consolidation,14%, 102 , 9.4 ,3.9,642, 390 ," 1,437 ",79.8,0,0,0,1
0,credit_card,11%, 387 , 12.0 ,12.26,702," 6,960 "," 56,200 ",57.4,4,0,0,0
0,educational,8%, 76 , 9.7 ,3.82,722, 602 , -   ,0,0,0,0,0
0,major_purchase,14%, 69 , 11.1 ,14.45,642," 4,710 "," 29,452 ",65.4,2,1,0,0
0,all_other,7%, 50 , 8.2 ,5.14,752, 930 , 506 ,5.9,0,0,0,0
0,credit_card,12%, 534 , 11.3 ,16.27,682," 6,390 "," 33,859 ",88.7,4,0,0,1
0,debt_consolidation,16%, 230 , 12.0 ,25.11,692," 5,159 "," 127,093 ",76.6,2,0,0,0
0,all_other,15%, 470 , 10.8 ,26.08,687," 5,339 "," 32,005 ",70.4,1,0,0,0
0,debt_consolidation,16%, 176 , 10.9 ,24.36,652," 7,379 "," 10,402 ",81.9,3,0,0,1
0,debt_consolidation,14%, 172 , 10.5 ,21.5,657," 4,349 "," 4,473 ",106.5,7,0,1,1
0,all_other,12%, 66 , 9.8 ,0.96,662," 1,109 ", 182 ,18.2,2,0,1,0
0,debt_consolidation,14%, 343 , 10.5 ,17.55,657," 2,850 "," 6,370 ",87.3,2,0,0,0
0,all_other,11%, 343 , 10.9 ,4.95,682," 3,365 "," 1,963 ",56.1,4,1,0,0
0,all_other,9%, 255 , 10.9 ,11.08,732," 6,870 "," 5,255 ",46.1,5,1,0,0
0,debt_consolidation,16%, 419 , 10.6 ,2.4,642," 2,490 "," 4,340 ",85.1,3,0,0,0
0,home_improvement,18%, 436 , 11.1 ,26.7,657," 3,330 "," 27,163 ",88.2,2,0,0,0
0,debt_consolidation,14%, 412 , 11.2 ,9.77,657," 3,509 "," 4,768 ",59.6,4,1,0,1
0,debt_consolidation,13%, 175 , 10.7 ,3.89,657, 180 ," 3,302 ",66,4,0,0,0
0,debt_consolidation,14%, 85 , 10.1 ,10.65,647," 11,190 "," 3,257 ",59.2,0,0,0,0
0,debt_consolidation,15%, 312 , 10.2 ,4.34,642," 1,380 "," 6,345 ",77.4,8,0,0,0
0,credit_card,11%, 294 , 11.9 ,11.57,687," 3,450 "," 31,629 ",101.4,2,0,0,1
0,all_other,15%, 277 , 10.9 ,5.34,642," 2,430 "," 1,697 ",60.6,2,1,0,0
0,credit_card,14%, 239 , 11.2 ,23.21,677," 11,820 "," 59,023 ",79.5,5,0,0,0
0,debt_consolidation,15%, 277 , 10.4 ,16.91,647," 3,750 "," 13,128 ",25.6,10,0,0,0
0,small_business,12%, 831 , 11.6 ,3.73,702, 780 ," 1,554 ",9.1,2,0,1,1
0,all_other,9%, 96 , 10.6 ,0.99,707, 779 ," 1,676 ",64.5,1,0,0,0
0,debt_consolidation,18%, 630 , 11.9 ,29.96,667," 13,979 "," 212,629 ",87.4,3,0,0,1
0,debt_consolidation,18%, 683 , 11.1 ,22.01,657," 2,399 "," 16,265 ",76.7,1,0,0,0
0,all_other,12%, 18 , 9.8 ,5.22,662," 1,109 ", 182 ,18.2,2,0,1,0
0,all_other,11%, 395 , 10.7 ,14.9,692, 720 , 20 ,0.4,2,0,0,1
0,home_improvement,16%, 397 , 10.8 ,15.93,642," 4,200 "," 18,382 ",79.6,3,0,0,0
0,debt_consolidation,16%, 526 , 12.0 ,13.52,657," 6,780 "," 198,023 ",61.3,2,1,0,1
0,debt_consolidation,15%, 209 , 10.3 ,19.96,642," 1,980 "," 6,083 ",23.9,1,0,0,1
0,debt_consolidation,18%, 533 , 11.3 ,20.96,657," 6,360 "," 24,391 ",98.4,3,2,0,0
0,debt_consolidation,11%, 231 , 10.4 ,17.04,682," 2,310 "," 7,291 ",98.5,6,0,0,0
0,small_business,11%, 395 , 10.9 ,19.46,697," 3,570 "," 1,827 ",33.2,5,0,0,1
0,small_business,10%, 97 , 10.9 ,4.34,682," 3,120 "," 8,414 ",105.2,4,0,0,0
0,small_business,18%, 727 , 12.0 ,25.27,667," 8,190 "," 210,887 ",35.5,3,0,0,1
0,debt_consolidation,16%, 330 , 10.8 ,26.86,662," 3,600 "," 18,579 ",82.9,0,0,0,1
0,all_other,14%, 103 , 11.0 ,22.17,657," 4,949 "," 6,710 ",54.6,1,0,0,0
0,credit_card,11%, 165 , 10.3 ,0.39,677, 183 , 397 ,39.7,1,0,0,0
0,debt_consolidation,18%, 683 , 11.4 ,16.28,647," 1,590 "," 2,253 ",62.6,4,0,0,0
0,debt_consolidation,16%, 262 , 11.2 ,27.2,677," 3,900 "," 14,273 ",50.1,2,1,1,0
0,debt_consolidation,17%, 212 , 10.8 ,26.52,657," 7,470 "," 18,941 ",98.7,1,0,0,1
0,debt_consolidation,18%, 360 , 11.3 ,25.91,657," 2,430 "," 41,603 ",81.1,0,0,0,1
0,debt_consolidation,14%, 224 , 10.5 ,14.34,657," 2,549 "," 11,541 ",63.4,0,0,0,0
0,debt_consolidation,18%, 448 , 10.9 ,14.82,647," 5,884 "," 8,079 ",45.4,3,2,0,0
0,debt_consolidation,15%, 350 , 10.7 ,27.99,692," 4,440 "," 14,998 ",80.9,0,0,1,0
0,all_other,9%, 57 , 10.5 ,10.94,707," 3,419 "," 10,008 ",84.8,6,0,0,1
0,all_other,12%, 529 , 11.2 ,1.06,692," 5,480 ", 821 ,6.1,4,2,0,0
0,major_purchase,13%, 168 , 9.9 ,9.78,657," 1,949 ", 504 ,63,2,0,0,0
0,debt_consolidation,15%, 417 , 10.5 ,5.81,647," 2,489 "," 7,600 ",84.4,2,0,0,0
0,debt_consolidation,11%, 261 , 10.0 ,7.83,687," 4,413 "," 7,846 ",56.9,4,0,1,0
0,all_other,10%, 81 , 10.7 ,17.95,687," 6,660 "," 3,092 ",14.9,6,0,2,0
0,debt_consolidation,15%, 186 , 10.0 ,8.73,642," 9,719 "," 9,930 ",55.2,0,1,0,0
0,small_business,14%, 170 , 10.2 ,19.42,657," 4,589 "," 3,959 ",100,2,2,0,0
0,all_other,11%, 263 , 11.0 ,3.48,702, 180 , -   ,0,8,0,0,0
0,debt_consolidation,14%, 281 , 11.9 ,19.13,687," 5,100 "," 62,705 ",78.5,5,0,0,0
0,credit_card,14%, 61 , 10.3 ,22.13,657," 5,970 "," 9,821 ",56.8,5,0,2,1
0,debt_consolidation,18%, 628 , 11.7 ,21.03,652," 7,140 "," 73,941 ",63.5,2,0,0,0
0,debt_consolidation,14%, 273 , 10.2 ,11.02,652," 2,632 "," 2,359 ",57.5,0,2,0,0
0,debt_consolidation,13%, 188 , 10.3 ,8.2,662," 1,019 "," 18,718 ",68.1,2,0,0,1
0,major_purchase,11%, 85 , 9.8 ,0.64,682, 209 , 287 ,28.7,4,0,0,0
0,home_improvement,10%, 30 , 12.2 ,11.85,732," 9,779 "," 133,963 ",16.8,15,0,0,1
0,debt_consolidation,17%, 533 , 11.5 ,29.04,692," 13,530 "," 71,002 ",75.6,1,0,0,1
0,all_other,11%, 196 , 10.6 ,12.28,687," 2,550 ", 364 ,28,5,0,0,0
0,credit_card,15%, 138 , 11.5 ,24.79,662," 7,621 "," 41,190 ",75.2,4,0,0,0
0,debt_consolidation,15%, 415 , 11.4 ,3.49,652," 5,190 "," 8,016 ",61.7,11,8,0,0
0,small_business,18%, 756 , 12.8 ,8.52,652," 5,039 "," 165,108 ",92.3,4,0,0,1
0,debt_consolidation,15%, 346 , 11.6 ,25.47,692," 8,789 "," 22,470 ",45.9,0,0,0,0
0,small_business,16%, 300 , 10.5 ,22.53,647," 2,609 "," 2,066 ",18.1,4,0,0,0
0,small_business,11%, 328 , 11.5 ,13.43,737," 3,600 "," 37,055 ",46.5,8,0,0,1
0,debt_consolidation,14%, 72 , 10.4 ,18.37,657," 3,720 "," 1,935 ",77.4,2,0,0,0
0,credit_card,14%, 272 , 10.9 ,27.05,717," 2,700 "," 11,023 ",59.9,2,0,0,0
0,home_improvement,15%, 419 , 10.9 ,9.74,647," 4,860 "," 13,665 ",49.9,3,0,0,1
0,debt_consolidation,14%, 82 , 10.2 ,7.98,647," 1,889 ", 182 ,60.7,6,0,0,0
0,all_other,12%, 66 , 10.5 ,17.29,672," 3,389 "," 42,969 ",83.1,4,0,0,0
0,debt_consolidation,14%, 57 , 10.3 ,17.47,642," 2,909 "," 4,138 ",94,2,0,0,1
0,debt_consolidation,14%, 616 , 10.9 ,21.27,677," 4,829 "," 22,037 ",58.9,4,0,0,0
0,credit_card,15%, 260 , 11.2 ,15.99,642," 3,001 "," 26,933 ",65.2,5,0,0,0
0,credit_card,18%, 849 , 11.2 ,8.54,657," 9,361 ", -   ,0,2,0,0,0
0,debt_consolidation,19%, 465 , 11.2 ,29.47,662," 3,990 "," 22,038 ",78.7,8,0,0,1
0,debt_consolidation,15%, 289 , 10.8 ,16.68,657," 3,360 "," 11,783 ",94.3,0,0,0,0
0,all_other,18%, 650 , 11.2 ,15.97,647," 6,242 "," 64,851 ",78.4,2,0,0,0
0,debt_consolidation,18%, 352 , 10.9 ,25.5,657," 3,420 "," 13,243 ",98.1,0,0,0,0
0,small_business,15%, 401 , 10.8 ,7.9,662, 727 ," 1,509 ",30.8,7,0,0,1
0,debt_consolidation,16%, 625 , 11.2 ,29.16,707," 5,219 "," 4,863 ",18.1,1,0,1,0
0,debt_consolidation,14%, 475 , 10.8 ,25.66,717," 4,860 "," 33,377 ",49,2,0,0,1
0,debt_consolidation,14%, 395 , 10.5 ,21.22,677," 5,579 "," 30,402 ",71.5,4,0,0,0
0,small_business,14%, 403 , 11.1 ,8.8,677," 2,909 "," 8,045 ",49.7,4,1,0,1
0,debt_consolidation,11%, 819 , 12.3 ,12.66,712," 4,409 "," 242,194 ",56,0,0,0,1
0,debt_consolidation,13%, 670 , 11.4 ,14.92,692," 2,639 "," 78,284 ",37.6,5,1,0,0
0,debt_consolidation,10%, 129 , 10.8 ,0.75,702, 869 ," 3,403 ",74,0,0,0,1
0,debt_consolidation,18%, 436 , 11.0 ,25.26,657," 4,590 "," 13,560 ",57.2,3,0,0,0
0,debt_consolidation,15%, 451 , 11.3 ,29.28,717," 3,330 "," 61,057 ",80.7,3,0,0,0
0,small_business,14%, 849 , 11.2 ,2.02,687, 377 ," 7,522 ",36,1,0,0,0
0,debt_consolidation,18%, 621 , 11.0 ,20.44,657," 6,899 "," 28,776 ",51.9,7,0,0,1
0,debt_consolidation,11%, 197 , 10.4 ,21.9,702," 2,760 "," 7,152 ",100.7,0,0,0,0
0,all_other,18%, 129 , 10.4 ,27.42,647," 3,750 "," 13,156 ",25.6,10,0,0,0
0,debt_consolidation,12%, 133 , 10.0 ,22.5,692," 2,249 "," 3,451 ",39.2,4,0,0,0
0,all_other,10%, 65 , 10.8 ,0,697, 809 , -   ,0,1,0,0,1
0,credit_card,12%, 481 , 11.8 ,10.85,682," 5,071 ", 966 ,13.1,5,0,0,0
0,debt_consolidation,16%, 526 , 10.6 ,7.86,657," 3,449 "," 7,827 ",59.7,1,0,0,0
0,debt_consolidation,12%, 280 , 11.0 ,14.65,677," 2,490 "," 6,978 ",64,5,0,0,0
0,debt_consolidation,13%, 229 , 11.1 ,23.62,712," 7,440 "," 92,929 ",97.7,0,0,0,0
0,all_other,11%, 176 , 11.2 ,1.01,702, 930 ," 3,782 ",23.3,3,0,0,0
0,all_other,15%, 333 , 11.2 ,16.35,647," 3,059 "," 29,314 ",89.9,3,0,0,1
0,credit_card,15%, 645 , 11.2 ,28.78,717," 7,529 "," 69,744 ",76.1,1,0,0,0
0,small_business,14%, 853 , 12.0 ,20.79,712," 7,260 "," 188,854 ",0,0,1,1,1
0,all_other,15%, 386 , 11.0 ,5.74,657," 1,830 "," 8,181 ",87,0,0,0,1
0,debt_consolidation,15%, 172 , 10.9 ,4.54,642," 5,190 ", 333 ,33.3,7,0,0,1
0,debt_consolidation,13%, 338 , 10.4 ,26.12,727," 6,030 "," 10,994 ",30.5,0,0,1,0
0,debt_consolidation,15%, 122 , 10.5 ,28.66,697," 5,580 "," 22,670 ",77.5,1,0,0,0
0,all_other,12%, 53 , 11.4 ,16.64,672," 5,040 "," 59,672 ",40.9,4,0,0,0
0,credit_card,13%, 50 , 10.1 ,1.87,657, 883 ," 1,140 ",47.5,0,0,0,0
0,debt_consolidation,15%, 71 , 10.0 ,27.73,682," 2,880 "," 1,597 ",88.7,1,0,0,0
0,small_business,18%, 871 , 12.0 ,7.86,657," 4,979 "," 26,429 ",30.9,3,0,0,1
0,all_other,12%, 80 , 9.2 ,0,662, 539 , -   ,0,5,0,0,0
0,debt_consolidation,16%, 282 , 10.8 ,28.47,687," 4,740 "," 6,277 ",64.7,0,0,0,0
0,all_other,14%, 51 , 10.4 ,16.36,642," 7,920 ", -   ,0,0,1,0,0
0,debt_consolidation,12%, 100 , 9.7 ,10.91,667, 720 ," 4,223 ",38.3,3,0,0,1
0,all_other,14%, 343 , 11.2 ,0.74,657," 4,260 ", 449 ,37.4,0,0,0,0
0,all_other,12%, 50 , 10.3 ,14.12,662, 660 , 669 ,7.5,1,0,0,0
0,major_purchase,10%, 113 , 10.4 ,0.56,702," 1,049 "," 1,085 ",28.6,0,0,0,0
0,debt_consolidation,17%, 688 , 11.2 ,12.74,652," 6,583 "," 20,767 ",81.1,0,0,3,0
0,small_business,11%, 790 , 11.5 ,18.38,722," 5,100 "," 148,540 ",74,1,0,0,1
0,debt_consolidation,15%, 207 , 11.0 ,19.92,652," 5,400 "," 12,094 ",45.1,6,0,0,0
0,credit_card,9%, 192 , 11.1 ,0.92,712," 3,240 ", 318 ,5.2,5,0,0,0
0,educational,11%, 197 , 9.8 ,3.67,687, 567 , 745 ,22.4,3,0,0,1
0,small_business,14%, 68 , 10.6 ,18.06,657," 5,340 "," 5,594 ",25.3,8,0,0,0
0,debt_consolidation,18%, 185 , 10.5 ,25.67,642," 2,880 "," 5,004 ",60.3,6,0,2,0
0,debt_consolidation,15%, 349 , 10.8 ,13.38,642," 2,400 "," 24,979 ",94.6,4,0,0,0
0,major_purchase,14%, 122 , 10.8 ,12.05,652," 4,139 "," 4,397 ",84.6,1,0,1,0
0,all_other,16%, 409 , 10.9 ,25.55,677," 2,430 "," 6,473 ",39.7,5,0,0,1
0,major_purchase,15%, 122 , 10.4 ,26.15,677," 3,390 "," 9,580 ",84,3,0,0,0
0,debt_consolidation,14%, 119 , 10.1 ,3.94,652," 2,202 "," 2,728 ",48.7,3,0,0,0
0,small_business,14%, 136 , 11.3 ,15.06,657," 2,880 "," 42,670 ",65.5,3,1,0,0
0,major_purchase,15%, 248 , 9.9 ,6.3,652," 2,070 "," 9,978 ",83.8,1,2,0,0
0,all_other,16%, 106 , 10.7 ,29.24,677," 3,060 "," 17,419 ",94.2,0,0,0,0
0,debt_consolidation,15%, 243 , 11.6 ,27.63,682," 6,690 "," 7,384 ",43.4,9,0,0,1
0,debt_consolidation,12%, 116 , 10.4 ,16.23,677," 1,320 "," 5,593 ",25.4,5,0,0,1
0,credit_card,15%, 516 , 11.7 ,24.95,677," 13,979 "," 204,954 ",81.4,0,0,0,0
0,all_other,13%, 20 , 9.5 ,22.03,662, 750 , 195 ,65,0,0,0,0
0,home_improvement,12%, 810 , 11.9 ,18.43,722," 13,499 "," 247,970 ",93.6,12,0,0,1
0,credit_card,13%, 269 , 11.3 ,27.45,737," 5,609 "," 47,593 ",62.4,1,0,0,0
0,debt_consolidation,16%, 112 , 10.5 ,26.03,667," 2,507 "," 19,636 ",103.9,12,0,0,0
0,all_other,16%, 282 , 11.7 ,25.27,672," 3,930 "," 41,040 ",85.3,0,0,0,0
0,credit_card,13%, 541 , 11.5 ,21.9,687," 4,110 "," 52,201 ",84.3,7,0,0,0
0,debt_consolidation,15%, 360 , 11.2 ,3.82,647," 4,080 "," 10,074 ",59.6,0,4,0,0
0,debt_consolidation,13%, 300 , 10.3 ,15.87,672," 1,590 "," 4,139 ",63.7,8,0,0,0
0,debt_consolidation,10%, 161 , 10.2 ,2.37,712, 690 ," 1,394 ",8.8,0,0,0,0
0,debt_consolidation,15%, 251 , 10.8 ,25.25,677," 3,479 "," 3,336 ",90.2,3,0,0,0
0,major_purchase,10%, 386 , 11.2 ,0.4,727, 900 ," 2,130 ",17.9,1,0,0,0
0,home_improvement,12%, 448 , 11.3 ,6.39,682, 390 , 570 ,24.8,3,0,0,0
0,small_business,16%, 796 , 11.2 ,29.21,732," 8,250 "," 57,143 ",52.7,2,0,0,1
0,debt_consolidation,13%, 157 , 11.3 ,18.1,667," 3,750 ", 133 ,11.1,6,2,0,0
0,debt_consolidation,14%, 493 , 10.5 ,17.93,662, 929 ," 11,569 ",64.3,1,0,0,1
0,credit_card,14%, 288 , 11.4 ,1.49,652," 3,779 "," 2,885 ",15.8,12,0,5,0
0,all_other,15%, 243 , 11.5 ,5.93,642," 2,501 "," 16,914 ",55.2,3,0,0,0
0,small_business,10%, 325 , 10.8 ,20.09,737," 5,039 "," 117,814 ",49.4,0,0,0,0
0,debt_consolidation,17%, 535 , 11.5 ,10.85,642," 4,139 "," 15,827 ",76.1,1,2,0,1
0,debt_consolidation,18%, 685 , 12.3 ,12.05,642," 6,330 "," 120,830 ",90.5,2,0,0,0
0,debt_consolidation,15%, 138 , 10.6 ,22.05,657," 3,269 "," 8,623 ",71,3,0,0,0
0,debt_consolidation,13%, 269 , 11.1 ,12.07,667," 3,664 "," 7,661 ",67.7,5,0,1,0
0,debt_consolidation,19%, 451 , 11.5 ,29.7,662," 5,760 "," 35,447 ",96.9,8,0,0,0
0,home_improvement,19%, 242 , 12.0 ,28.17,657," 7,380 "," 28,519 ",89.1,4,0,1,1
0,all_other,10%, 65 , 9.9 ,6.94,697, 300 , -   ,0,0,0,0,0
0,all_other,12%, 167 , 11.3 ,8.15,667," 2,819 "," 4,476 ",59.7,6,1,0,1
0,all_other,16%, 186 , 10.7 ,22.75,647," 4,143 "," 6,970 ",62.8,0,2,0,1
0,debt_consolidation,12%, 339 , 11.1 ,16.66,682," 4,320 "," 8,712 ",72,5,0,0,1
0,home_improvement,13%, 121 , 10.6 ,7.94,662," 4,169 "," 5,316 ",48.3,13,0,0,0
0,debt_consolidation,18%, 216 , 11.2 ,28.56,667," 3,781 "," 13,393 ",28.4,8,0,0,0
0,debt_consolidation,13%, 203 , 10.6 ,25.14,717," 5,970 "," 19,937 ",90.6,0,0,0,0
0,educational,15%, 42 , 8.7 ,3,637, 900 , 932 ,66.6,1,1,0,0
0,all_other,13%, 471 , 11.7 ,22.71,692," 3,479 "," 10,388 ",60.4,4,0,0,1
0,debt_consolidation,16%, 530 , 10.5 ,13.71,652," 2,640 "," 9,955 ",58.9,2,0,0,0
0,home_improvement,14%, 514 , 10.9 ,10.47,662," 2,610 "," 1,298 ",12.1,4,1,0,0
0,debt_consolidation,15%, 244 , 10.3 ,18.8,647," 1,950 "," 4,587 ",41,2,0,0,0
0,all_other,14%, 343 , 10.4 ,7.76,657," 1,860 "," 4,105 ",82.1,11,0,0,0
0,debt_consolidation,17%, 645 , 11.4 ,10.73,652," 4,230 "," 12,781 ",46,0,4,0,1
0,all_other,10%, 80 , 10.4 ,2.63,702," 4,589 "," 2,399 ",96,0,0,0,0
0,debt_consolidation,17%, 536 , 10.8 ,16.22,647," 6,870 "," 36,469 ",77.8,3,0,0,1
0,all_other,18%, 436 , 11.5 ,14.8,652," 4,148 "," 52,775 ",69.7,1,0,0,1
0,all_other,11%, 652 , 11.3 ,0.21,717," 1,650 ", 39 ,0.3,11,0,0,0
0,debt_consolidation,15%, 279 , 10.3 ,15.48,642," 1,620 "," 8,372 ",77.5,0,0,0,0
0,all_other,11%, 50 , 8.2 ,11.33,682," 1,068 "," 3,757 ",52.9,1,0,0,1
0,debt_consolidation,15%, 255 , 10.3 ,16.78,652," 1,199 "," 5,880 ",52.4,1,0,0,1
0,credit_card,13%, 107 , 11.3 ,16.72,667," 10,320 "," 80,837 ",58,4,0,0,1
0,educational,10%, 161 , 10.7 ,0,717, 420 , -   ,0,4,0,0,1
0,credit_card,15%, 192 , 11.5 ,22.46,647," 9,089 "," 70,533 ",79.4,6,0,0,0
0,all_other,13%, 169 , 10.2 ,19.54,667," 3,960 "," 13,542 ",56.4,5,1,0,1
0,all_other,11%, 782 , 11.5 ,0.35,732, 780 ," 1,344 ",7.7,1,0,0,0
0,credit_card,14%, 110 , 10.1 ,22.32,657," 1,290 "," 5,993 ",52.1,1,0,0,0
0,major_purchase,10%, 322 , 11.1 ,11.34,722," 2,970 "," 4,945 ",2.7,5,0,0,0
0,debt_consolidation,11%, 491 , 11.2 ,6.5,707, 990 ," 10,935 ",27.3,1,0,0,0
0,debt_consolidation,14%, 266 , 10.8 ,23.01,677," 9,660 "," 7,073 ",60.5,7,0,0,0
0,all_other,10%, 811 , 13.5 ,0.81,737," 3,630 "," 200,583 ",23.1,1,0,0,1
0,debt_consolidation,15%, 386 , 11.2 ,20.02,667," 3,780 "," 7,327 ",50.9,6,0,1,1
0,credit_card,14%, 350 , 11.7 ,4.94,657," 4,139 "," 5,854 ",46.5,5,0,2,1
0,all_other,9%, 320 , 11.4 ,4.36,727," 4,679 "," 8,271 ",47.8,17,0,0,0
0,credit_card,13%, 184 , 10.2 ,6.46,667, 960 ," 5,153 ",65.2,1,0,0,0
0,debt_consolidation,10%, 241 , 11.3 ,7.03,737," 2,580 "," 37,241 ",14.8,6,0,0,1
0,all_other,13%, 202 , 10.0 ,6.94,662," 1,800 "," 6,934 ",75.4,12,0,1,1
0,all_other,13%, 169 , 10.5 ,25.47,717," 7,620 "," 21,991 ",102.8,0,0,0,1
0,debt_consolidation,15%, 335 , 11.1 ,21.6,657," 2,729 "," 6,324 ",95.8,4,0,0,0
0,debt_consolidation,15%, 390 , 10.7 ,18.81,657," 3,480 "," 15,284 ",76,15,0,0,0
0,debt_consolidation,16%, 297 , 10.8 ,27.7,672," 1,949 "," 27,750 ",66.5,5,0,0,0
0,educational,13%, 670 , 11.6 ,15.88,687," 1,259 "," 12,154 ",29.4,5,0,0,0
0,credit_card,13%, 101 , 10.6 ,15.73,662," 1,904 "," 7,784 ",65.4,24,0,0,0
0,all_other,16%, 283 , 12.1 ,23.84,657," 4,740 "," 65,626 ",99.6,3,0,0,1
0,debt_consolidation,15%, 335 , 10.5 ,27.04,692," 3,900 "," 26,221 ",78.6,5,0,0,0
0,all_other,19%, 419 , 10.9 ,1.66,652," 2,280 "," 2,097 ",17,4,1,0,1
0,debt_consolidation,14%, 136 , 10.9 ,6.9,647," 2,669 "," 5,272 ",78.7,0,0,0,0
0,debt_consolidation,17%, 710 , 11.1 ,20.83,662," 3,269 "," 11,881 ",50.8,4,0,0,1
0,educational,12%, 830 , 12.1 ,22.72,727," 5,699 "," 226,567 ",0.7,4,0,0,1
0,debt_consolidation,11%, 130 , 10.5 ,3.85,687, 810 ," 6,283 ",57.1,0,0,0,0
0,all_other,9%, 32 , 11.0 ,18.03,737," 4,019 "," 80,006 ",54.9,2,1,0,0
0,debt_consolidation,9%, 316 , 11.4 ,6.74,737," 4,140 "," 17,794 ",34.8,4,0,0,1
0,debt_consolidation,19%, 438 , 11.6 ,28.21,662," 8,760 "," 88,391 ",89.9,1,0,0,0
0,home_improvement,14%, 69 , 11.0 ,10.08,642," 4,649 "," 2,840 ",38.4,4,0,0,0
0,home_improvement,18%, 756 , 11.2 ,11.15,647," 2,129 "," 6,637 ",72.9,7,0,0,1
0,credit_card,17%, 573 , 10.9 ,10.82,647," 2,399 "," 13,967 ",68.3,8,0,0,0
0,debt_consolidation,15%, 62 , 10.3 ,2.84,642," 1,200 "," 1,429 ",84.1,2,0,0,0
0,debt_consolidation,16%, 294 , 10.8 ,21.24,647," 2,070 "," 13,565 ",79.3,1,0,0,0
0,credit_card,18%, 685 , 11.8 ,11.68,642," 4,200 "," 35,087 ",96.7,2,0,0,0
0,debt_consolidation,14%, 170 , 11.0 ,4.88,652," 6,300 "," 3,341 ",19.8,3,1,0,0
0,debt_consolidation,13%, 676 , 11.5 ,22.25,697," 6,456 "," 115,602 ",29.7,5,0,0,0
0,credit_card,14%, 55 , 10.3 ,1.92,642," 2,760 "," 1,583 ",79.1,1,0,0,0
0,home_improvement,10%, 649 , 11.5 ,2.94,727," 3,300 "," 5,207 ",5.2,8,0,0,1
0,home_improvement,9%, 128 , 11.0 ,6.31,722," 4,170 "," 7,587 ",11.8,4,0,0,0
0,all_other,15%, 208 , 10.6 ,13.5,652," 6,318 "," 1,184 ",29.6,5,3,1,0
0,home_improvement,16%, 154 , 10.5 ,24.71,652," 3,300 "," 12,160 ",48.6,14,0,0,0
0,debt_consolidation,14%, 171 , 10.6 ,6.69,652," 1,889 "," 6,782 ",78.9,2,0,0,0
0,home_improvement,16%, 884 , 11.5 ,3.12,662," 4,590 "," 7,005 ",38.9,9,0,1,1
0,debt_consolidation,14%, 188 , 11.2 ,19.46,657," 2,010 "," 12,053 ",28.5,0,0,0,1
0,debt_consolidation,15%, 391 , 11.0 ,14.36,647," 2,490 "," 7,897 ",28.7,6,1,0,0
0,major_purchase,13%, 536 , 11.6 ,19.23,687," 5,040 "," 111,115 ",40.8,4,1,0,0
0,credit_card,15%, 332 , 11.1 ,15.73,652," 2,730 "," 21,712 ",73.9,12,0,0,0
0,debt_consolidation,18%, 365 , 10.8 ,23.53,642," 4,252 "," 10,226 ",63.9,1,1,0,0
0,debt_consolidation,14%, 272 , 11.2 ,4.22,662," 4,559 "," 1,053 ",40.5,7,3,0,0
0,debt_consolidation,15%, 259 , 10.4 ,15.38,652," 4,319 "," 4,474 ",71,2,1,0,0
0,debt_consolidation,11%, 368 , 10.7 ,6.92,687, 930 ," 13,215 ",58.2,0,0,0,0
0,credit_card,13%, 172 , 9.7 ,6.99,657, 780 ," 5,734 ",59.1,32,0,0,1
0,credit_card,15%, 192 , 10.7 ,21.23,647," 4,140 "," 6,397 ",96.9,0,1,0,0
0,debt_consolidation,15%, 417 , 11.2 ,15.73,652," 5,490 "," 22,917 ",38.6,3,1,0,0
0,debt_consolidation,15%, 335 , 11.4 ,21.91,657," 3,839 "," 10,665 ",94.4,3,0,0,0
0,debt_consolidation,10%, 630 , 10.5 ,12.72,727," 4,529 "," 35,403 ",49.9,0,0,0,0
0,credit_card,15%, 124 , 10.0 ,21.04,647," 1,289 "," 2,140 ",28.6,5,1,0,0
0,all_other,10%, 113 , 9.4 ,3,707, 930 , 447 ,7.8,1,0,0,1
0,all_other,13%, 804 , 12.4 ,16.84,707," 7,320 "," 220,710 ",54.5,1,1,0,1
0,all_other,13%, 201 , 10.7 ,2.22,662, 450 , 689 ,68.9,0,0,0,1
0,all_other,13%, 724 , 11.7 ,16.94,687," 4,020 "," 167,006 ",53.5,3,0,0,1
0,debt_consolidation,18%, 226 , 10.6 ,28.29,662," 4,188 "," 28,432 ",57.1,3,1,0,1
0,all_other,11%, 229 , 10.3 ,14.09,697, 780 ," 1,819 ",26,0,0,0,0
0,all_other,15%, 277 , 10.4 ,25.99,687," 7,710 "," 4,975 ",68.2,0,1,0,0
0,debt_consolidation,16%, 413 , 10.9 ,18.96,652," 5,850 "," 15,827 ",82,1,0,0,0
0,credit_card,19%, 242 , 11.7 ,25.33,642," 9,390 "," 37,839 ",54.4,2,0,0,0
0,credit_card,19%, 759 , 11.5 ,18.89,652," 2,460 "," 66,900 ",94,7,0,0,0
0,debt_consolidation,11%, 230 , 10.7 ,4.2,682," 3,241 "," 7,931 ",27.7,8,0,0,0
0,debt_consolidation,14%, 154 , 9.9 ,6.06,652, 900 ," 3,714 ",86.4,1,0,0,0
0,credit_card,13%, 101 , 11.0 ,3.37,652, 750 ," 8,035 ",82.8,0,0,0,0
0,credit_card,15%, 112 , 10.8 ,22.92,642," 2,550 "," 8,132 ",71.3,3,1,0,0
0,educational,15%, 277 , 11.4 ,15.95,652, 720 ," 4,682 ",72,0,1,0,0
0,all_other,12%, 463 , 12.4 ,15.27,697," 17,640 "," 161,129 ",57,6,0,0,0
0,debt_consolidation,19%, 186 , 11.1 ,29.2,652," 8,760 "," 18,545 ",86.3,1,0,0,1
0,debt_consolidation,14%, 51 , 10.3 ,14.2,647," 7,020 ", -   ,0,0,3,0,0
0,debt_consolidation,13%, 503 , 10.9 ,19.96,682," 2,640 "," 11,460 ",101.4,1,0,0,0
0,debt_consolidation,13%, 168 , 10.6 ,19.02,667," 4,470 "," 2,594 ",24.9,5,0,1,1
0,debt_consolidation,18%, 108 , 10.7 ,26.77,647," 2,887 "," 14,978 ",53.1,1,0,0,0
0,educational,15%, 123 , 10.2 ,21.33,657," 2,190 "," 20,952 ",63.3,6,0,0,1
0,all_other,13%, 34 , 11.1 ,0.85,657, 540 ," 1,496 ",71.2,1,0,0,0
0,educational,8%, 16 , 8.1 ,0,747, 570 , -   ,0,0,0,0,0
0,debt_consolidation,11%, 426 , 11.0 ,13.18,712," 1,620 "," 9,664 ",63.2,4,0,0,0
0,all_other,13%, 20 , 10.1 ,28.61,752," 7,140 "," 45,623 ",36.8,2,0,0,0
0,credit_card,15%, 138 , 10.3 ,24.08,662," 3,990 "," 5,729 ",100.5,0,0,0,0
0,credit_card,16%, 193 , 10.7 ,29.95,692," 2,790 "," 26,313 ",58.5,9,0,2,0
0,debt_consolidation,15%, 249 , 10.9 ,9.67,647," 4,170 "," 6,572 ",80.1,1,1,0,1
0,debt_consolidation,15%, 379 , 10.8 ,25.65,702," 3,810 "," 13,055 ",43.5,1,1,0,0
0,debt_consolidation,13%, 335 , 10.5 ,20.1,687, 990 ," 3,590 ",65.3,6,0,0,0
0,debt_consolidation,13%, 101 , 10.6 ,13.92,657," 3,600 "," 2,131 ",96.9,0,0,0,0
0,all_other,19%, 688 , 12.3 ,16.47,642," 5,986 "," 64,744 ",72,4,1,0,0
0,all_other,12%, 83 , 10.4 ,20.33,687," 2,370 ", 15 ,0.4,6,0,0,0
0,credit_card,14%, 69 , 11.3 ,14.85,647," 5,220 "," 21,180 ",77.9,1,0,0,0
0,all_other,14%, 857 , 12.4 ,19.09,692," 10,260 "," 214,559 ",63.5,1,0,0,0
0,debt_consolidation,15%, 297 , 10.7 ,4.54,647," 3,090 "," 4,181 ",97.2,2,0,0,0
0,debt_consolidation,15%, 293 , 11.4 ,15.71,642," 4,200 "," 14,578 ",99.2,3,2,0,0
0,debt_consolidation,14%, 486 , 10.3 ,12.91,667," 4,080 "," 10,442 ",52.2,15,0,0,1
0,debt_consolidation,16%, 490 , 10.6 ,18.94,652," 4,140 "," 17,059 ",82.4,1,0,0,0
0,debt_consolidation,12%, 133 , 10.6 ,3.39,677, 630 ," 4,152 ",62.9,2,0,0,0
0,all_other,11%, 49 , 10.4 ,13.5,682," 1,980 ", -   ,0,4,0,0,0
0,debt_consolidation,15%, 207 , 10.6 ,13.34,647," 2,640 "," 23,544 ",94.9,3,0,0,0
0,debt_consolidation,13%, 304 , 11.1 ,18.51,672," 3,330 "," 7,920 ",76.9,10,0,0,0
0,debt_consolidation,15%, 172 , 11.4 ,16.57,647," 5,130 "," 21,251 ",80.8,0,0,0,0
0,all_other,15%, 71 , 9.2 ,13.8,642, 900 ," 3,646 ",91.1,2,0,0,0
0,all_other,12%, 667 , 11.3 ,2.38,692," 1,650 "," 4,361 ",42.3,5,1,0,0
0,debt_consolidation,16%, 282 , 11.4 ,21.91,647," 4,950 "," 13,446 ",94,3,0,1,0
0,all_other,15%, 258 , 10.8 ,19.63,657," 4,380 "," 45,076 ",56.8,6,0,0,1
0,credit_card,13%, 185 , 10.1 ,19.87,667, 570 ," 6,156 ",50.5,0,0,0,0
0,all_other,17%, 375 , 11.0 ,29.3,677," 7,920 "," 2,737 ",9.6,6,0,0,1
0,home_improvement,14%, 272 , 10.4 ,21.28,672," 1,081 "," 7,184 ",66.5,3,0,0,0
0,debt_consolidation,14%, 445 , 10.5 ,18.93,667," 1,298 "," 17,784 ",52,5,0,0,1
0,debt_consolidation,16%, 246 , 11.1 ,22.74,647," 5,520 "," 13,910 ",77.7,0,1,0,0
0,debt_consolidation,19%, 214 , 10.8 ,27.33,642," 1,718 "," 5,660 ",75.8,3,0,0,0
0,debt_consolidation,14%, 171 , 10.7 ,10.38,647," 4,410 "," 9,168 ",89,1,0,0,0
0,educational,11%, 158 , 10.2 ,5.14,677, 817 , 40 ,3.3,1,0,0,0
0,debt_consolidation,13%, 38 , 10.5 ,16.81,652," 3,900 "," 1,097 ",58.1,6,0,1,1
0,all_other,13%, 497 , 10.1 ,2.7,672," 1,800 ", 923 ,21.5,7,0,0,1
0,all_other,12%, 331 , 11.4 ,19.93,717," 5,355 "," 35,140 ",43.3,8,0,0,0
0,major_purchase,12%, 267 , 11.3 ,14.2,677," 5,610 "," 1,921 ",23.7,9,0,1,0
0,major_purchase,12%, 770 , 10.9 ,17.03,707," 2,580 "," 15,455 ",22.4,11,0,0,1
0,credit_card,11%, 180 , 11.2 ,15.51,692," 6,630 "," 8,333 ",57.5,5,0,1,0
0,credit_card,15%, 121 , 10.7 ,20.76,657," 3,600 "," 9,366 ",85.1,0,0,0,0
0,debt_consolidation,15%, 413 , 10.8 ,3.8,657," 3,390 "," 4,554 ",44.6,0,0,0,0
0,debt_consolidation,15%, 398 , 10.5 ,13.89,647," 2,501 "," 15,168 ",35.3,3,0,0,0
0,all_other,14%, 204 , 11.5 ,9.28,662," 7,110 "," 33,351 ",99,4,2,0,0
0,debt_consolidation,10%, 193 , 10.5 ,17.87,717," 4,860 "," 12,736 ",59.2,4,0,0,0
0,all_other,9%, 96 , 9.2 ,3.6,707, 510 , 814 ,10.7,1,0,0,0
0,debt_consolidation,17%, 372 , 10.7 ,22.55,642," 1,380 "," 11,967 ",84.9,2,0,0,1
0,debt_consolidation,15%, 278 , 11.5 ,6.73,642," 3,420 "," 23,522 ",60.2,0,0,0,0
0,credit_card,15%, 207 , 10.8 ,22.13,657," 8,100 "," 22,512 ",57.9,6,0,0,0
0,debt_consolidation,15%, 349 , 11.0 ,15.1,642," 2,670 "," 4,344 ",54.3,3,0,0,0
0,major_purchase,13%, 338 , 11.1 ,9.13,672," 2,821 "," 6,673 ",40.9,4,1,0,1
0,all_other,12%, 664 , 11.4 ,18.96,707," 2,550 "," 17,212 ",39.7,7,0,0,0
0,major_purchase,13%, 149 , 10.5 ,18.04,662," 3,900 "," 1,085 ",57.5,6,0,1,1
0,all_other,15%, 83 , 10.3 ,28.06,702," 3,390 "," 4,253 ",16.3,5,0,0,0
0,credit_card,15%, 248 , 10.4 ,17.78,652," 3,630 "," 8,382 ",64.5,1,2,0,1
0,debt_consolidation,16%, 438 , 11.5 ,11.84,652," 4,080 "," 21,861 ",88.1,2,0,0,0
0,debt_consolidation,11%, 489 , 11.5 ,8.65,712," 8,220 "," 114,516 ",37.1,7,1,0,0
0,credit_card,12%, 200 , 11.3 ,17.69,672," 10,530 "," 57,578 ",76.9,5,0,0,0
0,credit_card,14%, 273 , 11.3 ,11.1,657," 8,070 "," 9,034 ",64.5,0,0,0,0
0,debt_consolidation,13%, 84 , 10.7 ,22.32,672," 6,390 "," 4,744 ",32.1,9,0,0,1
0,all_other,15%, 349 , 12.0 ,25.72,682," 3,750 "," 205,347 ",90.3,4,0,0,0
0,all_other,14%, 170 , 10.4 ,16.62,657," 1,632 "," 7,966 ",106.2,0,0,0,0
0,credit_card,15%, 85 , 10.1 ,28.15,697," 1,500 "," 4,708 ",72.4,2,0,0,0
0,debt_consolidation,16%, 280 , 10.8 ,25.4,677," 1,980 "," 6,814 ",34.9,8,0,0,1
0,debt_consolidation,14%, 341 , 10.8 ,19.73,662," 11,940 "," 61,882 ",60.6,0,0,0,0
0,all_other,12%, 116 , 10.0 ,26.84,772," 12,990 "," 1,511 ",11.4,2,0,0,0
0,credit_card,14%, 69 , 10.5 ,17.17,647, 720 ," 5,065 ",84.4,3,0,0,0
0,credit_card,14%, 343 , 11.4 ,12.99,657," 3,066 "," 7,053 ",44.1,0,2,0,1
0,debt_consolidation,17%, 90 , 10.6 ,25.77,652," 5,610 "," 28,446 ",64.1,10,3,0,0
0,all_other,14%, 408 , 10.6 ,3.9,662," 3,270 "," 6,560 ",37.9,10,0,0,1
0,debt_consolidation,19%, 536 , 11.0 ,24.29,657," 3,180 "," 28,890 ",72,1,0,0,0
0,credit_card,11%, 316 , 11.6 ,18.54,707," 9,900 "," 45,303 ",46,6,0,0,0
0,debt_consolidation,12%, 249 , 11.2 ,5.7,682," 9,120 "," 10,832 ",32,5,0,0,0
0,major_purchase,11%, 164 , 10.5 ,0.47,682, 450 ," 4,254 ",33.2,5,0,0,0
0,debt_consolidation,14%, 343 , 10.5 ,7.63,657," 4,320 "," 5,957 ",82.7,0,0,1,0
0,debt_consolidation,15%, 415 , 10.5 ,9.76,652," 2,610 "," 5,628 ",54.6,0,0,0,0
0,debt_consolidation,13%, 177 , 9.9 ,13.38,667, 900 ," 3,987 ",97.2,1,0,0,1
0,debt_consolidation,18%, 808 , 12.0 ,26.97,682," 9,600 "," 119,451 ",95,0,0,0,0
0,debt_consolidation,15%, 688 , 11.3 ,25.4,717," 6,570 "," 26,938 ",75.9,0,0,0,1
0,debt_consolidation,17%, 573 , 10.7 ,16.44,652," 1,860 "," 12,700 ",92,3,0,0,0
0,debt_consolidation,15%, 344 , 10.5 ,6.13,657," 13,740 "," 9,060 ",78.1,1,0,0,0
0,credit_card,17%, 374 , 10.7 ,23.22,652," 3,006 "," 19,508 ",68,1,0,0,0
0,debt_consolidation,18%, 361 , 11.3 ,29.72,672," 8,490 "," 25,879 ",77.2,2,3,0,0
0,all_other,9%, 285 , 11.1 ,0.29,737, 360 , 76 ,7.6,1,0,0,0
0,debt_consolidation,18%, 412 , 11.5 ,20.48,652," 7,207 "," 10,705 ",44.6,7,1,1,0
0,credit_card,17%, 183 , 10.7 ,26.78,657," 1,980 "," 12,061 ",89.3,8,0,0,0
0,all_other,9%, 179 , 11.8 ,3.06,722," 4,560 "," 1,743 ",19.4,8,0,0,1
0,educational,14%, 123 , 10.6 ,19.81,652," 5,220 "," 1,682 ",46.7,7,2,0,1
0,credit_card,15%, 346 , 11.5 ,9.73,647," 4,800 "," 19,717 ",95.7,1,0,1,1
0,debt_consolidation,12%, 166 , 10.3 ,20.76,687," 4,080 "," 14,536 ",68.9,4,0,0,0
0,credit_card,14%, 228 , 10.9 ,23.04,687," 4,080 "," 17,568 ",66,4,0,0,0
0,debt_consolidation,14%, 85 , 10.1 ,4.18,647, 510 ," 2,634 ",38.2,4,0,0,0
0,credit_card,18%, 503 , 11.1 ,24.71,657," 6,870 "," 28,570 ",93.7,7,0,0,1
0,all_other,18%, 117 , 10.7 ,26.84,647," 16,260 "," 31,416 ",97.6,4,1,0,0
0,educational,13%, 84 , 10.1 ,3.78,677, 660 ," 1,548 ",70.4,3,0,0,1
0,credit_card,17%, 645 , 11.1 ,25.68,677," 5,580 "," 6,461 ",64.6,2,1,0,0
0,all_other,14%, 183 , 10.4 ,3.11,657," 5,880 "," 4,383 ",54.8,5,0,0,1
0,credit_card,15%, 415 , 11.2 ,10.24,652," 1,890 "," 19,512 ",38.3,1,1,0,0
0,all_other,16%, 354 , 12.4 ,12.37,652," 5,851 ", 188 ,37.6,1,5,0,0
0,debt_consolidation,11%, 163 , 11.3 ,12.08,702," 6,090 "," 14,434 ",56.4,9,0,1,0
0,all_other,18%, 22 , 10.1 ,26.89,642, 720 , 495 ,99,2,0,0,1
0,credit_card,16%, 211 , 12.0 ,28.34,682," 3,750 "," 205,347 ",90.3,4,0,0,0
0,all_other,12%, 248 , 11.2 ,21.22,702," 3,690 "," 87,698 ",33.6,1,0,0,0
0,credit_card,15%, 310 , 10.8 ,27.84,692," 3,450 "," 39,486 ",86.4,1,0,0,0
0,debt_consolidation,17%, 645 , 11.4 ,25.59,687," 4,680 "," 61,915 ",86.2,1,0,0,0
0,all_other,9%, 224 , 11.5 ,7.6,717," 4,560 "," 32,145 ",83.1,8,0,0,1
0,debt_consolidation,12%, 197 , 11.4 ,20.84,687," 5,190 "," 44,040 ",83.3,17,0,1,1
0,all_other,14%, 45 , 11.1 ,11.65,647," 4,620 "," 11,518 ",94.3,0,0,0,1
0,debt_consolidation,16%, 530 , 11.4 ,18.12,657," 6,390 "," 13,605 ",70.9,2,1,0,0
0,all_other,11%, 164 , 11.6 ,5,682," 9,900 "," 30,461 ",37,4,0,0,0
0,all_other,19%, 292 , 12.3 ,6.87,647," 4,050 ", 378 ,5,0,11,1,0
0,all_other,8%, 16 , 11.5 ,14.02,747," 1,020 ", 56 ,5.6,1,0,0,0
0,all_other,15%, 242 , 10.6 ,11.14,642," 1,260 "," 14,902 ",80.1,1,0,0,0
0,debt_consolidation,14%, 144 , 10.4 ,9.2,647," 4,800 "," 5,509 ",96.6,1,1,1,1
0,debt_consolidation,17%, 279 , 10.9 ,28.36,672," 4,470 "," 17,905 ",92.3,1,0,1,0
0,credit_card,18%, 182 , 11.0 ,27.14,642," 2,370 "," 37,962 ",85.1,1,0,0,0
0,debt_consolidation,11%, 98 , 10.2 ,18.89,697," 3,812 ", -   ,81.3,0,0,0,0
0,debt_consolidation,10%, 165 , 9.6 ,11.12,707," 6,210 "," 9,115 ",37.8,11,0,0,1
0,all_other,13%, 308 , 11.5 ,27.4,747," 6,960 "," 66,423 ",40.5,7,0,0,1
0,credit_card,14%, 136 , 10.1 ,29.7,727," 5,640 "," 9,862 ",16.4,0,1,0,0
0,debt_consolidation,15%, 454 , 10.6 ,14.52,657," 3,810 "," 8,545 ",82.2,3,0,0,0
0,debt_consolidation,13%, 30 , 9.5 ,25.11,717," 3,180 "," 3,584 ",50.6,0,0,0,0
0,credit_card,18%, 399 , 11.6 ,11.09,657," 2,130 "," 40,915 ",2.4,1,0,0,1
0,all_other,10%, 289 , 11.1 ,17.12,727," 4,560 "," 44,248 ",22.8,4,0,0,0
0,all_other,14%, 204 , 10.5 ,25.93,707," 6,915 "," 39,481 ",92.9,0,0,0,1
0,debt_consolidation,13%, 134 , 10.6 ,20.07,677," 4,410 "," 15,721 ",85.4,4,0,0,0
0,all_other,15%, 194 , 11.2 ,20.6,657," 3,330 "," 2,166 ",83.3,2,0,0,1
0,credit_card,13%, 216 , 10.5 ,25.07,717," 4,590 "," 13,913 ",43,0,0,0,0
0,debt_consolidation,15%, 168 , 10.9 ,10.4,647," 3,600 "," 6,171 ",67.1,1,3,1,1
0,debt_consolidation,15%, 314 , 10.9 ,17.24,657," 2,700 "," 10,643 ",71.9,1,0,0,0
0,all_other,15%, 259 , 11.2 ,25.68,692," 6,960 "," 64,723 ",69.9,0,0,0,0
0,all_other,14%, 271 , 10.8 ,15.1,657," 4,710 "," 5,192 ",78.7,0,1,0,1
0,debt_consolidation,14%, 164 , 10.7 ,22.72,662," 2,010 ", -   ,71.7,6,0,0,0
0,credit_card,13%, 202 , 10.6 ,25.48,732," 3,611 "," 13,047 ",43.5,0,0,0,0
0,debt_consolidation,15%, 165 , 11.1 ,11.39,642," 4,020 "," 11,823 ",54.2,2,0,0,0
0,educational,14%, 190 , 10.6 ,6.77,657, 725 ," 4,885 ",57.5,0,0,0,0
0,debt_consolidation,13%, 101 , 10.5 ,19.52,672," 4,530 "," 8,443 ",33.2,4,1,0,0
0,credit_card,16%, 148 , 10.8 ,21.5,652," 5,520 "," 17,817 ",55.5,1,0,0,1
0,credit_card,11%, 59 , 11.7 ,11.55,682," 4,950 "," 15,853 ",63.4,6,0,0,0
0,debt_consolidation,12%, 107 , 10.9 ,9.1,667," 3,480 "," 1,062 ",59,12,0,0,1
0,home_improvement,18%, 164 , 10.8 ,24.46,647," 5,790 "," 16,723 ",70.6,0,0,0,0
0,debt_consolidation,17%, 179 , 10.5 ,26.78,652," 4,230 "," 5,101 ",92.7,5,1,1,1
0,debt_consolidation,11%, 119 , 10.8 ,13,687," 5,520 "," 82,141 ",91.8,3,0,0,1
0,debt_consolidation,14%, 120 , 10.6 ,10.91,657," 5,040 "," 3,513 ",92.4,1,0,0,0
0,debt_consolidation,15%, 123 , 11.4 ,9.37,647," 2,850 "," 20,827 ",74.4,1,0,0,0
0,debt_consolidation,16%, 324 , 10.6 ,22.58,652," 4,890 "," 29,629 ",75.8,3,0,0,0
0,all_other,15%, 267 , 11.8 ,18.08,647," 2,760 "," 12,578 ",76.7,0,0,0,1
0,home_improvement,19%, 228 , 11.0 ,26.08,642," 5,790 "," 57,415 ",83.1,1,0,0,0
0,all_other,13%, 74 , 10.6 ,10.53,667," 3,570 "," 4,832 ",25,5,1,0,0
0,debt_consolidation,15%, 74 , 10.5 ,13.68,642," 3,900 "," 4,207 ",79.4,4,0,0,1
0,all_other,15%, 80 , 11.2 ,16.05,652," 3,030 ", 894 ,89.4,1,0,0,1
0,debt_consolidation,15%, 151 , 11.4 ,26.24,697," 3,450 "," 150,334 ",87.7,0,0,0,0
0,debt_consolidation,15%, 76 , 10.8 ,7.27,647," 4,410 "," 6,417 ",71.3,0,0,0,0
0,home_improvement,15%, 173 , 10.9 ,14.17,642," 7,440 "," 5,355 ",43.5,1,2,0,0
0,debt_consolidation,17%, 143 , 10.3 ,28.56,667," 2,670 "," 14,951 ",82.1,5,1,0,0
0,debt_consolidation,14%, 207 , 10.6 ,26.88,702," 3,096 "," 12,531 ",71.6,0,0,0,1
0,debt_consolidation,11%, 197 , 10.6 ,13.44,692," 3,480 "," 19,372 ",73.9,4,0,0,0
0,debt_consolidation,16%, 218 , 10.8 ,27.41,677," 5,190 "," 20,582 ",96.2,0,0,0,0
0,all_other,11%, 191 , 10.7 ,22.45,712," 5,130 "," 18,933 ",60.3,9,0,0,1
0,debt_consolidation,18%, 180 , 11.9 ,27.86,652," 6,000 "," 110,498 ",99.7,7,0,0,1
0,debt_consolidation,14%, 136 , 10.8 ,18.74,667," 3,540 "," 16,195 ",88.5,4,1,0,0
0,all_other,15%, 42 , 10.6 ,24.81,657," 3,870 "," 7,809 ",85.8,5,1,1,1
0,debt_consolidation,14%, 205 , 11.2 ,25.84,702," 3,248 "," 30,509 ",69.2,0,0,0,0
0,credit_card,14%, 104 , 11.2 ,10.14,647," 7,260 "," 17,142 ",54.6,2,0,0,0
0,credit_card,11%, 59 , 11.3 ,18.24,687," 10,380 "," 80,490 ",55.2,1,0,0,1
0,debt_consolidation,15%, 207 , 11.2 ,12.65,642," 7,890 "," 4,208 ",89.5,1,0,2,0
0,credit_card,14%, 103 , 10.4 ,22.79,657," 1,650 "," 7,958 ",106.1,0,0,0,0
0,all_other,13%, 105 , 10.7 ,12,657," 8,940 "," 2,829 ",108.8,0,0,0,0
0,credit_card,13%, 108 , 11.3 ,19.96,662," 3,210 "," 14,188 ",71.3,5,0,0,0
0,debt_consolidation,13%, 61 , 10.6 ,8.34,657," 1,621 ", 442 ,12.6,3,0,0,0
0,debt_consolidation,15%, 104 , 10.5 ,15.87,642," 2,127 "," 2,779 ",86.8,1,1,0,1
0,debt_consolidation,9%, 115 , 11.4 ,10.43,717," 7,260 "," 13,544 ",48.9,4,0,1,0
0,home_improvement,12%, 117 , 11.0 ,26.74,737," 5,430 "," 9,366 ",40.7,6,0,0,1
0,home_improvement,11%, 202 , 11.2 ,10.63,697," 3,900 "," 5,031 ",59.2,4,0,0,1
0,debt_consolidation,15%, 242 , 11.4 ,16.3,647," 3,180 "," 9,600 ",72.7,4,0,0,1
0,all_other,12%, 91 , 10.5 ,10.15,677, 900 ," 2,315 ",77.2,1,0,0,0
0,all_other,14%, 171 , 11.2 ,16.16,652," 3,030 ", 894 ,89.4,1,0,0,1
0,credit_card,13%, 84 , 11.0 ,24.17,702," 8,460 "," 30,734 ",83.6,4,0,1,0
0,debt_consolidation,15%, 258 , 11.3 ,18.37,657," 2,190 "," 18,158 ",55.8,1,0,0,0
0,home_improvement,14%, 256 , 11.0 ,24.59,687," 3,090 "," 29,828 ",83.6,7,0,0,0
0,debt_consolidation,17%, 107 , 11.4 ,28.3,667," 7,710 "," 42,876 ",79.1,5,0,0,0
0,debt_consolidation,19%, 185 , 11.2 ,28.66,652," 6,150 "," 24,671 ",72.3,3,0,0,0
0,major_purchase,8%, 125 , 10.3 ,12.2,752, 540 , 70 ,2.9,0,0,0,0
0,all_other,15%, 69 , 11.1 ,24.16,662," 5,370 "," 10,498 ",100,1,0,0,1
0,all_other,11%, 211 , 10.6 ,5.6,682," 1,200 "," 4,713 ",61.2,6,0,0,1
0,debt_consolidation,15%, 260 , 11.0 ,17.59,647," 3,480 "," 8,135 ",79,3,0,0,1
0,all_other,15%, 138 , 10.1 ,3.55,642, 510 ," 2,387 ",88.4,3,0,0,0
0,debt_consolidation,15%, 176 , 10.7 ,26.4,697," 3,840 "," 5,132 ",41.4,2,0,0,0
0,debt_consolidation,13%, 57 , 10.2 ,11.72,652," 2,520 "," 6,962 ",31.2,2,1,0,0
0,credit_card,14%, 163 , 10.5 ,4.65,652," 2,040 "," 4,684 ",80.8,1,1,0,0
0,major_purchase,13%, 47 , 9.7 ,20.4,672, 990 ," 3,368 ",42.1,6,0,0,0
0,all_other,11%, 230 , 11.4 ,11.93,677," 3,030 "," 12,965 ",96.8,4,0,0,1
0,all_other,14%, 103 , 10.7 ,6.69,652," 4,260 "," 12,862 ",66.6,1,0,0,1
0,all_other,11%, 211 , 10.9 ,2.71,682, 720 ," 5,815 ",49.3,1,0,0,0
0,home_improvement,10%, 189 , 10.6 ,17.43,727," 4,560 ", 33 ,0.1,4,0,1,1
0,major_purchase,8%, 94 , 9.5 ,1.29,737, 390 , 100 ,1,2,0,0,0
0,debt_consolidation,13%, 85 , 10.0 ,3.94,662, 720 ," 3,402 ",64.2,1,0,0,1
0,credit_card,15%, 165 , 11.4 ,19.75,647," 3,210 "," 9,976 ",75.6,3,0,0,1
0,all_other,16%, 265 , 11.3 ,28.35,682," 3,300 "," 61,422 ",85.1,0,0,0,0
0,all_other,19%, 244 , 11.8 ,28.26,642," 3,810 "," 205,016 ",88.3,3,0,0,0
0,debt_consolidation,15%, 62 , 11.0 ,21.86,647," 2,790 "," 47,253 ",89.2,3,0,0,0
0,debt_consolidation,12%, 248 , 11.2 ,20.67,707," 4,230 "," 75,661 ",58.6,2,0,0,0
0,educational,14%, 136 , 10.7 ,17.63,657," 1,050 "," 12,514 ",53,1,0,0,0
0,home_improvement,8%, 63 , 10.6 ,0.29,727, 570 , 305 ,8,2,0,0,0
0,debt_consolidation,12%, 248 , 11.1 ,17.5,682," 3,540 "," 2,535 ",19.1,6,0,0,0
0,major_purchase,12%, 33 , 9.7 ,1.62,662, 540 , 984 ,98.4,1,0,0,0
0,all_other,11%, 34 , 9.4 ,20.4,697, 990 , 440 ,11.9,3,0,0,1
0,debt_consolidation,13%, 252 , 10.8 ,18.87,672," 4,560 "," 5,559 ",54.5,5,2,0,0
0,debt_consolidation,15%, 70 , 10.8 ,17.85,642," 4,590 "," 1,690 ",4.3,1,2,0,0
0,educational,12%, 250 , 11.6 ,21.34,687," 4,230 "," 20,947 ",51.8,7,0,0,1
0,all_other,15%, 259 , 11.2 ,24.73,672," 5,880 "," 34,872 ",75.7,4,0,0,0
0,all_other,14%, 256 , 12.0 ,20.95,672," 6,390 "," 14,289 ",34.3,5,1,0,0
0,all_other,9%, 127 , 9.9 ,0.9,732, 570 , 37 ,1.5,3,0,0,0
0,credit_card,14%, 75 , 10.6 ,10.35,642," 1,590 "," 11,606 ",77.9,1,0,0,1
0,all_other,13%, 65 , 10.3 ,21.65,667," 1,050 "," 11,806 ",42.9,8,0,0,1
0,debt_consolidation,13%, 252 , 12.1 ,14.78,667," 7,530 "," 84,355 ",95.9,4,0,0,0
0,debt_consolidation,9%, 160 , 10.6 ,10.53,722," 3,240 "," 17,755 ",30.7,4,0,0,0
0,all_other,11%, 98 , 10.6 ,3.09,677," 1,292 "," 3,127 ",104.2,0,0,0,0
0,all_other,14%, 164 , 10.5 ,2.37,647," 3,630 "," 2,161 ",61.7,2,0,0,0
0,all_other,8%, 220 , 10.1 ,2.21,732," 2,032 "," 1,568 ",9.1,4,0,0,0
0,all_other,14%, 239 , 10.3 ,10.8,657," 2,325 "," 5,710 ",48.8,0,1,0,0
0,all_other,10%, 243 , 12.1 ,15.69,712," 4,410 "," 161,337 ",62.9,3,0,0,0
0,debt_consolidation,16%, 265 , 11.2 ,24.01,657," 1,590 "," 8,772 ",52.5,4,0,0,0
0,all_other,8%, 157 , 10.8 ,0.6,737, 609 , 973 ,8.3,0,0,0,0
0,all_other,9%, 240 , 11.7 ,19.46,752," 10,770 "," 190,486 ",80.8,1,0,0,1
0,credit_card,13%, 235 , 11.2 ,25.78,742," 12,219 "," 52,964 ",71.1,3,0,0,0
0,home_improvement,9%, 143 , 11.1 ,9.17,722," 5,790 "," 4,764 ",58.1,8,0,0,0
0,debt_consolidation,14%, 204 , 11.5 ,12.15,657," 3,241 "," 8,918 ",70.2,3,0,0,1
0,all_other,14%, 119 , 11.3 ,8.86,647," 2,910 "," 5,376 ",71.7,8,1,0,1
0,debt_consolidation,14%, 136 , 10.9 ,10.99,652," 6,990 "," 11,587 ",54,3,0,1,1
0,credit_card,15%, 258 , 11.0 ,16.04,652," 3,514 ", 939 ,11.7,1,0,1,1
0,all_other,19%, 58 , 11.7 ,28.29,642," 6,360 "," 73,943 ",98.1,0,0,0,0
0,debt_consolidation,11%, 247 , 11.8 ,21.32,712," 12,450 "," 76,428 ",68.8,14,0,1,1
0,credit_card,14%, 218 , 10.6 ,17.37,657," 1,710 "," 8,312 ",85.7,0,1,0,0
0,credit_card,14%, 221 , 11.3 ,10.95,657," 4,620 "," 4,037 ",21.1,0,0,0,0
0,all_other,13%, 61 , 10.3 ,10.85,652," 1,170 ", 162 ,54,1,0,0,0
0,all_other,12%, 160 , 10.9 ,14.64,667," 4,230 "," 20,749 ",89.1,6,1,0,1
0,all_other,8%, 57 , 10.7 ,0.65,732, 810 , 309 ,9.1,1,0,0,0
0,major_purchase,10%, 129 , 10.8 ,7.29,707, 990 , -   ,19.3,0,0,0,0
0,debt_consolidation,15%, 189 , 10.6 ,4.89,642," 4,680 "," 4,030 ",62,0,0,0,0
0,credit_card,10%, 49 , 8.9 ,4.96,687, 600 ," 1,954 ",43.4,1,0,0,0
0,all_other,17%, 125 , 11.2 ,25.51,662," 5,190 "," 7,461 ",90.5,8,0,0,1
0,debt_consolidation,10%, 242 , 11.6 ,13.37,712," 5,280 "," 5,495 ",13.1,6,0,0,0
0,all_other,12%, 40 , 10.2 ,7.64,662," 1,020 "," 2,391 ",99.6,0,0,0,0
0,debt_consolidation,12%, 208 , 10.6 ,9.71,682," 3,600 "," 29,116 ",78.1,5,0,0,0
0,debt_consolidation,6%, 184 , 10.4 ,7.49,647," 2,370 "," 7,884 ",63.1,1,0,0,0
0,debt_consolidation,12%, 182 , 9.9 ,9.9,677," 1,471 "," 5,111 ",104.3,4,0,0,0
0,debt_consolidation,10%, 96 , 9.5 ,5.45,702, 660 ," 1,470 ",21.6,0,0,0,1
0,all_other,8%, 94 , 9.9 ,7.66,732," 1,080 ", 814 ,9.5,0,0,0,0
0,major_purchase,10%, 97 , 9.7 ,1.73,707, 755 , 758 ,47.4,1,0,0,0
0,debt_consolidation,16%, 198 , 11.1 ,26.46,662," 2,310 "," 14,343 ",42.1,2,0,0,0
0,debt_consolidation,16%, 123 , 11.0 ,28.7,692," 3,870 "," 9,662 ",50.9,5,0,0,0
0,home_improvement,15%, 260 , 11.2 ,17.76,647," 5,850 "," 12,902 ",70.1,0,0,0,0
0,credit_card,13%, 115 , 10.3 ,23.44,687, 990 ," 3,451 ",30.3,2,0,0,0
0,home_improvement,14%, 255 , 10.9 ,15.1,662," 3,900 "," 17,599 ",41.7,11,0,0,0
0,debt_consolidation,11%, 129 , 10.6 ,14.46,692," 4,110 "," 3,083 ",16.3,4,1,0,0
0,all_other,8%, 182 , 10.3 ,0.42,782," 2,580 ", 449 ,15,1,0,0,0
0,all_other,14%, 136 , 10.9 ,8.98,652," 3,630 "," 1,254 ",96.5,2,0,0,0
0,debt_consolidation,12%, 249 , 11.9 ,18.16,682," 6,690 "," 105,863 ",49.3,8,0,0,1
0,debt_consolidation,16%, 64 , 9.9 ,25.07,667," 1,320 "," 5,411 ",35.6,3,0,0,0
0,all_other,13%, 169 , 10.8 ,9.22,657," 4,950 "," 3,024 ",65.7,1,0,2,0
0,all_other,15%, 41 , 10.8 ,22.2,652," 3,000 "," 12,759 ",78.8,2,0,0,0
0,all_other,14%, 82 , 10.2 ,22.94,662, 480 , 558 ,22.3,4,0,0,0
0,all_other,13%, 75 , 11.7 ,11.74,667," 3,360 ", 210 ,70,11,1,0,0
0,all_other,11%, 33 , 10.0 ,14.7,687," 3,120 "," 6,720 ",101.8,2,0,0,1
0,credit_card,11%, 246 , 11.1 ,6.38,692," 3,630 "," 23,192 ",85.6,4,0,0,0
0,credit_card,11%, 214 , 11.4 ,2.78,682," 3,870 "," 32,776 ",65,4,0,0,0
0,debt_consolidation,13%, 68 , 10.4 ,6.94,652," 3,180 "," 2,324 ",12.9,1,2,2,0
0,all_other,16%, 150 , 10.5 ,26.36,667," 6,960 "," 6,644 ",35.9,12,0,0,0
0,debt_consolidation,13%, 134 , 10.0 ,23.02,702," 1,050 "," 2,740 ",21.1,6,0,0,0
0,all_other,13%, 122 , 11.2 ,9.14,657," 3,180 "," 3,453 ",53.1,0,0,0,0
0,major_purchase,10%, 114 , 11.2 ,12.86,692," 3,840 "," 6,469 ",8.7,15,0,0,1
0,debt_consolidation,12%, 199 , 10.8 ,15.38,677," 4,230 "," 4,956 ",40,4,0,0,0
0,home_improvement,17%, 107 , 11.2 ,25.03,657," 7,950 "," 43,878 ",94.8,0,0,0,0
0,educational,13%, 67 , 12.0 ,17.69,662," 4,410 "," 32,135 ",91.1,11,0,0,0
0,all_other,14%, 61 , 11.0 ,11.22,652," 4,920 "," 4,334 ",98.5,4,0,0,0
0,debt_consolidation,14%, 96 , 10.8 ,8.5,642," 3,840 "," 4,151 ",45.6,2,0,0,0
0,debt_consolidation,13%, 252 , 10.4 ,8.93,667," 1,719 "," 5,528 ",87.7,4,0,0,1
0,all_other,15%, 187 , 10.8 ,19.4,652," 4,620 "," 21,093 ",85.1,3,1,0,1
0,all_other,8%, 141 , 10.2 ,1.43,767, 930 ," 1,057 ",23.5,0,0,0,0
0,major_purchase,15%, 243 , 10.7 ,18.91,652," 2,730 "," 12,634 ",76.6,0,0,0,0
0,debt_consolidation,12%, 194 , 11.6 ,11.62,677," 4,290 "," 15,038 ",93.3,4,0,0,0
0,debt_consolidation,15%, 258 , 11.9 ,26.27,697," 5,070 "," 91,148 ",95.4,2,0,0,0
0,debt_consolidation,14%, 182 , 10.9 ,10.04,657," 5,100 "," 3,729 ",70.4,3,0,0,0
0,educational,13%, 42 , 9.8 ,4.67,652, 870 ," 1,157 ",0,1,0,0,1
0,credit_card,11%, 246 , 10.7 ,11.41,687," 4,830 "," 5,148 ",12.7,7,0,0,0
0,debt_consolidation,14%, 103 , 10.0 ,15.44,647," 1,500 "," 7,872 ",66.2,1,2,0,1
0,all_other,12%, 231 , 11.1 ,10.63,687," 3,150 "," 5,260 ",24.2,10,0,0,1
0,debt_consolidation,13%, 251 , 10.7 ,11.72,667," 1,020 ", 1 ,0,0,0,0,0
0,all_other,14%, 136 , 10.3 ,10.21,647," 3,660 "," 1,485 ",74.2,5,0,1,0
0,credit_card,15%, 262 , 10.9 ,24.94,667," 5,190 "," 41,705 ",95.2,8,0,0,1
0,all_other,10%, 242 , 11.7 ,18.85,737," 6,570 "," 276,911 ",23.9,1,0,0,0
0,credit_card,15%, 202 , 10.5 ,25.09,687," 1,978 "," 5,748 ",25.4,0,0,0,0
0,debt_consolidation,12%, 193 , 10.2 ,20.88,687," 6,120 "," 8,883 ",78.6,4,0,0,0
0,all_other,19%, 146 , 11.0 ,28.41,657," 1,740 "," 18,242 ",70.2,0,0,0,0
0,credit_card,12%, 250 , 11.1 ,12.11,677," 5,070 "," 5,319 ",106.4,0,0,0,0
0,all_other,15%, 260 , 11.7 ,14.84,652," 7,260 "," 21,881 ",82.5,2,4,0,1
0,all_other,9%, 114 , 10.4 ,0.71,717, 600 , 372 ,7.4,0,0,0,0
0,all_other,14%, 170 , 10.3 ,17.88,657, 510 ," 2,229 ",34.8,2,0,0,0
0,all_other,13%, 81 , 9.9 ,24.51,687, 930 , -   ,0,0,0,0,1
0,all_other,15%, 139 , 10.5 ,17.47,642," 3,660 "," 1,085 ",77.5,3,0,0,0
0,all_other,14%, 205 , 10.8 ,9.01,657," 5,220 "," 4,050 ",34.6,4,3,0,1
0,credit_card,16%, 264 , 10.7 ,22.83,652," 3,540 "," 15,056 ",99.1,1,0,0,0
0,all_other,15%, 87 , 10.0 ,24.47,667," 2,491 "," 4,374 ",52.7,4,0,0,0
0,home_improvement,17%, 266 , 10.8 ,20.93,642," 5,041 "," 15,831 ",56.3,3,0,0,0
0,credit_card,14%, 240 , 11.2 ,6.24,657," 2,490 "," 8,558 ",80.7,3,0,0,0
0,credit_card,11%, 244 , 10.6 ,2.07,702," 11,730 ", 599 ,3.2,8,1,1,1
0,all_other,10%, 161 , 10.4 ,7.24,717," 1,050 "," 2,208 ",15.7,3,0,0,0
0,credit_card,13%, 151 , 10.9 ,10.89,662," 5,760 "," 20,578 ",29.7,11,0,0,0
0,credit_card,14%, 170 , 11.5 ,7.79,657," 1,965 "," 10,978 ",98.9,4,0,0,0
0,credit_card,12%, 365 , 11.1 ,13.9,687," 2,340 "," 22,954 ",66,4,0,0,0
0,debt_consolidation,15%, 307 , 10.4 ,7.86,647," 5,280 "," 7,424 ",73.7,1,0,0,0
0,debt_consolidation,16%, 245 , 10.3 ,24.12,662," 1,770 "," 12,814 ",69.6,4,0,0,0
0,all_other,12%, 116 , 11.6 ,8.44,672," 4,260 ", 390 ,32.5,4,0,0,0
0,debt_consolidation,16%, 235 , 10.4 ,8.7,647," 5,280 "," 16,690 ",91.2,4,0,0,1
0,credit_card,17%, 535 , 12.1 ,12.76,647," 2,190 "," 49,303 ",99.2,0,0,0,1
0,home_improvement,12%, 498 , 11.1 ,19.66,702," 1,950 "," 24,985 ",49.6,5,0,0,0
0,all_other,18%, 144 , 10.9 ,29.9,662," 3,120 "," 15,473 ",65.3,0,1,0,0
0,all_other,11%, 36 , 9.5 ,4.2,687," 3,210 "," 1,032 ",9.5,4,0,0,0
0,all_other,17%, 503 , 10.7 ,18.8,652," 2,523 "," 11,577 ",60.9,1,0,0,0
0,all_other,15%, 174 , 10.8 ,15.65,652," 4,020 ", 901 ,42.9,1,0,1,0
0,credit_card,9%, 171 , 10.7 ,10.18,742," 2,400 ", -   ,17.7,3,0,0,0
0,debt_consolidation,19%, 274 , 11.3 ,27.26,652," 3,544 "," 22,515 ",95.8,3,0,0,0
0,debt_consolidation,16%, 263 , 10.9 ,21.38,652," 4,650 "," 20,032 ",72.1,1,0,0,0
0,educational,16%, 158 , 10.7 ,23.89,662," 2,130 "," 5,361 ",42.2,12,0,0,1
0,all_other,14%, 140 , 11.2 ,1.57,652," 1,650 "," 3,842 ",27.4,3,2,0,0
0,credit_card,16%, 281 , 11.4 ,5.93,657," 2,820 "," 50,545 ",54.6,0,0,0,0
0,all_other,12%, 232 , 12.6 ,4.33,682," 2,250 "," 20,205 ",1.2,6,0,0,1
0,all_other,11%, 50 , 10.3 ,15.6,697," 6,390 "," 1,085 ",11.4,11,1,0,0
0,all_other,14%, 41 , 10.5 ,26.19,707," 2,100 "," 10,975 ",57.2,4,0,0,0
0,credit_card,14%, 134 , 11.3 ,12.37,657," 3,060 "," 11,162 ",40,3,0,0,0
0,educational,14%, 72 , 10.6 ,8.11,652," 2,850 "," 5,057 ",26.6,2,1,0,1
0,credit_card,13%, 233 , 11.9 ,8.6,697," 7,920 "," 21,293 ",3.4,7,0,0,1
0,credit_card,19%, 155 , 10.9 ,27.6,667," 4,260 "," 41,478 ",99.2,3,0,0,0
0,major_purchase,14%, 109 , 10.9 ,17.44,652," 3,930 "," 5,070 ",64.2,1,3,0,0
0,debt_consolidation,12%, 167 , 10.7 ,8,687," 5,310 "," 9,387 ",50.2,4,0,0,0
0,all_other,11%, 111 , 10.2 ,12.52,702," 1,710 "," 3,999 ",21.5,4,0,0,0
0,debt_consolidation,15%, 259 , 10.7 ,17.73,652," 5,002 "," 6,131 ",68.9,1,0,0,0
0,debt_consolidation,14%, 160 , 10.5 ,11.28,667," 3,513 ", 832 ,27.7,4,1,0,0
0,all_other,15%, 153 , 11.0 ,9.94,642," 6,690 "," 5,770 ",69.5,1,2,0,0
0,major_purchase,13%, 183 , 10.6 ,11.83,667," 2,790 ", -   ,0,4,0,0,0
0,educational,19%, 109 , 10.7 ,26.68,647," 9,840 "," 20,685 ",89.5,2,0,0,0
0,debt_consolidation,14%, 267 , 10.6 ,19.5,672," 3,750 "," 3,780 ",16.2,4,0,0,0
0,debt_consolidation,11%, 73 , 10.9 ,16.78,702," 5,160 "," 31,412 ",52.8,5,0,0,0
0,all_other,14%, 120 , 10.7 ,10.19,657," 3,210 "," 9,771 ",86.4,4,0,0,0
0,credit_card,18%, 270 , 10.9 ,27.47,672," 3,720 "," 23,618 ",62.3,6,1,0,1
0,debt_consolidation,15%, 42 , 10.6 ,18.27,652," 3,342 "," 9,408 ",93.1,3,0,0,0
0,credit_card,14%, 170 , 11.3 ,14.01,657," 2,880 "," 22,458 ",66.4,2,0,0,0
0,debt_consolidation,16%, 264 , 11.5 ,19.58,642," 5,520 "," 25,366 ",77.1,0,2,0,1
0,credit_card,13%, 235 , 10.2 ,26.62,792," 6,051 "," 8,220 ",10.1,0,0,0,0
0,educational,14%, 61 , 9.9 ,3.85,682, 960 ," 1,279 ",85.3,0,0,0,0
0,all_other,15%, 209 , 10.1 ,11.5,657," 8,070 "," 8,686 ",90.5,0,1,0,0
0,home_improvement,16%, 228 , 11.9 ,22.32,652," 6,810 "," 63,685 ",82.1,1,1,0,0
0,credit_card,19%, 245 , 10.7 ,25.76,647," 3,540 "," 31,939 ",82.7,4,0,0,0
0,debt_consolidation,15%, 55 , 11.6 ,16.97,652," 3,930 "," 31,140 ",52.6,1,1,0,0
0,debt_consolidation,17%, 224 , 11.3 ,19.89,642," 4,650 "," 16,012 ",44.2,6,1,0,0
0,home_improvement,13%, 192 , 11.8 ,10.85,687," 4,620 "," 79,395 ",73.8,6,0,0,1
0,credit_card,14%, 258 , 10.8 ,17.67,657," 3,690 "," 10,221 ",70,1,0,1,0
0,credit_card,13%, 186 , 11.0 ,13.79,677," 2,701 "," 25,457 ",70.7,5,0,0,0
0,credit_card,12%, 202 , 11.0 ,21.82,712," 3,274 "," 32,573 ",65,4,0,0,1
0,all_other,13%, 253 , 11.6 ,1.03,677," 3,660 "," 3,607 ",44,4,0,0,1
0,debt_consolidation,14%, 166 , 10.4 ,28.76,727," 3,240 "," 11,285 ",46.6,0,0,0,0
0,all_other,17%, 125 , 11.2 ,21.1,642," 6,240 "," 55,147 ",91.9,3,0,0,1
0,all_other,16%, 175 , 10.3 ,25.63,677," 7,170 "," 9,267 ",16,0,3,0,0
0,debt_consolidation,13%, 41 , 10.7 ,16.67,677," 4,500 "," 21,022 ",93,4,0,0,0
0,all_other,15%, 51 , 10.6 ,21.66,647," 3,510 "," 3,975 ",81.1,4,0,0,0
0,debt_consolidation,17%, 230 , 11.2 ,21.02,642," 2,250 "," 14,157 ",60.2,1,0,0,0
0,all_other,17%, 153 , 11.0 ,23.28,642," 9,450 "," 18,641 ",70.6,2,1,1,0
0,debt_consolidation,18%, 87 , 11.1 ,2.45,647, 720 ," 1,601 ",50,3,0,0,0
0,debt_consolidation,13%, 193 , 11.5 ,12.33,677," 6,000 "," 26,390 ",43,4,0,0,0
0,debt_consolidation,17%, 170 , 10.8 ,24.8,657," 4,892 "," 30,177 ",63.7,0,0,0,0
0,all_other,14%, 138 , 11.3 ,20.37,662," 8,280 "," 27,954 ",66.9,4,2,0,1
0,credit_card,17%, 266 , 12.2 ,17.92,667," 6,960 "," 149,621 ",64.3,8,0,0,0
0,all_other,15%, 104 , 10.6 ,5.23,652," 1,800 "," 2,060 ",12.7,0,4,0,0
0,credit_card,16%, 246 , 11.4 ,16.83,647," 1,740 "," 46,670 ",87.8,1,0,0,0
0,educational,15%, 52 , 9.0 ,10,652," 1,020 "," 1,764 ",53.5,2,1,0,0
0,credit_card,15%, 85 , 11.2 ,5.48,662," 1,080 "," 2,199 ",56.4,2,0,0,0
0,debt_consolidation,15%, 227 , 11.4 ,18.2,652," 2,880 "," 55,753 ",79.8,1,0,0,0
0,credit_card,13%, 199 , 10.7 ,8.21,697," 2,280 ", 397 ,3.1,6,1,0,0
0,all_other,14%, 69 , 11.5 ,27.18,697," 4,050 "," 53,440 ",88.2,3,0,0,1
0,credit_card,12%, 198 , 10.8 ,6.5,682," 2,640 "," 9,797 ",54.4,4,0,0,0
0,all_other,16%, 113 , 11.1 ,27.21,667," 3,630 "," 7,087 ",74.8,2,1,0,0
0,debt_consolidation,14%, 60 , 11.6 ,17.7,657," 3,990 "," 30,734 ",55.7,1,1,0,0
0,educational,18%, 108 , 10.8 ,29.74,662," 4,500 "," 2,663 ",20.3,0,1,0,0
0,educational,19%, 81 , 10.3 ,23.34,667," 2,040 "," 6,020 ",65.4,9,0,1,1
0,all_other,12%, 251 , 11.5 ,15.88,692," 4,650 "," 24,868 ",60.7,5,0,0,1
0,debt_consolidation,19%, 276 , 11.9 ,25.47,667," 6,991 "," 152,189 ",66.3,7,0,0,0
0,credit_card,14%, 221 , 11.9 ,14.8,672," 6,512 "," 88,223 ",89.4,4,0,0,1
0,debt_consolidation,16%, 140 , 10.3 ,21.45,652," 2,613 "," 11,157 ",54.7,2,0,0,0
0,debt_consolidation,13%, 337 , 11.0 ,15.92,692," 9,390 "," 8,968 ",31.6,6,2,0,0
0,home_improvement,11%, 277 , 10.9 ,7.29,707," 2,670 "," 6,178 ",25.8,5,0,0,1
0,small_business,11%, 659 , 11.5 ,15.75,717," 7,050 "," 106,366 ",56.7,3,0,0,0
0,debt_consolidation,14%, 85 , 11.1 ,4.19,667," 11,940 "," 2,368 ",21.5,4,1,1,0
0,debt_consolidation,15%, 276 , 10.8 ,16.12,662," 2,760 "," 3,982 ",48,5,1,0,0
0,debt_consolidation,17%, 116 , 10.1 ,22.32,672," 2,520 "," 13,430 ",79.5,9,0,0,0
0,credit_card,11%, 262 , 12.6 ,17.54,732," 5,130 "," 255,001 ",91.8,4,0,0,0
0,small_business,13%, 674 , 11.8 ,4.89,697," 6,150 "," 26,761 ",47.1,4,0,0,0
0,home_improvement,13%, 202 , 11.2 ,10.77,677," 3,120 ", 244 ,8.7,6,0,0,0
0,debt_consolidation,13%, 542 , 11.1 ,16.69,702," 4,710 "," 19,516 ",68,6,0,0,1
0,debt_consolidation,17%, 857 , 12.3 ,12.7,672," 3,180 "," 40,099 ",52.8,6,0,0,0
0,debt_consolidation,11%, 262 , 10.7 ,6.93,722," 7,170 "," 26,610 ",65.4,4,1,0,0
0,small_business,13%, 677 , 11.8 ,15.16,682," 7,830 "," 134,025 ",67.9,0,0,0,0
0,all_other,12%, 266 , 11.3 ,9.87,702," 3,420 "," 1,077 ",15.8,5,0,0,0
0,debt_consolidation,15%, 870 , 12.2 ,9.49,682," 4,680 "," 54,003 ",48.4,5,0,0,1
0,small_business,14%, 850 , 11.6 ,23.05,702," 3,990 "," 238,903 ",80.5,1,0,0,0
0,all_other,16%, 702 , 11.3 ,0.98,697," 1,140 "," 3,401 ",5.8,7,0,0,0
0,debt_consolidation,17%, 302 , 11.0 ,14.68,682," 11,520 ", -   ,0,9,1,0,0
0,small_business,15%, 870 , 11.8 ,11.74,707," 2,220 "," 20,794 ",57.1,7,0,0,0
0,debt_consolidation,18%, 901 , 11.3 ,12.99,672," 5,610 "," 35,251 ",83.5,6,1,0,0
0,home_improvement,9%, 128 , 11.7 ,6.46,727," 5,101 "," 138,492 ",49.4,1,0,0,0
0,debt_consolidation,13%, 169 , 10.3 ,20.38,672," 2,370 "," 4,546 ",56.1,4,0,0,1
0,all_other,13%, 268 , 10.5 ,14.4,707," 2,280 "," 2,479 ",45.1,6,0,0,0
0,debt_consolidation,13%, 539 , 11.2 ,6.11,697," 2,430 "," 16,917 ",71.1,5,0,0,0
0,debt_consolidation,12%, 166 , 10.0 ,2.07,702," 3,720 "," 1,312 ",17,4,0,0,0
0,home_improvement,12%, 665 , 12.6 ,10.06,712," 8,310 "," 211,463 ",0,4,0,0,0
0,small_business,14%, 257 , 10.8 ,22.85,677," 4,770 "," 29,895 ",54.3,6,0,0,1
0,all_other,13%, 337 , 10.8 ,12.8,707," 4,200 "," 3,359 ",12.9,5,1,0,0
0,credit_card,15%, 312 , 10.3 ,10.72,662," 1,950 "," 11,255 ",73.6,5,0,0,0
0,credit_card,13%, 268 , 10.8 ,18.5,677," 1,830 "," 7,368 ",82.8,4,0,0,1
0,small_business,13%, 845 , 12.0 ,7.91,712," 3,060 "," 16,716 ",22.4,5,0,0,0
0,debt_consolidation,12%, 265 , 10.7 ,11.74,702," 1,980 "," 6,290 ",33.1,4,0,0,0
0,credit_card,13%, 542 , 11.9 ,24.55,682," 7,290 "," 146,579 ",85.4,3,0,0,1
0,debt_consolidation,15%, 870 , 10.7 ,13.73,697," 7,860 "," 18,840 ",54.8,6,0,0,1
0,educational,16%, 559 , 10.6 ,6.83,707," 10,410 "," 8,044 ",30.7,8,0,0,0
0,debt_consolidation,14%, 154 , 10.4 ,19.5,687, 840 ," 2,967 ",42.4,2,0,0,1
0,small_business,9%, 96 , 11.2 ,1.36,727," 7,650 "," 3,484 ",29,4,0,0,1
0,credit_card,12%, 334 , 10.6 ,9.51,692," 6,690 "," 23,534 ",45.8,4,0,0,0
0,debt_consolidation,11%, 366 , 12.8 ,9.43,717," 8,640 "," 228,727 ",77.5,4,0,0,1
0,debt_consolidation,15%, 190 , 10.1 ,20.45,672," 1,350 "," 4,609 ",83.8,4,0,0,0
0,educational,16%, 114 , 9.8 ,20.2,662," 1,517 "," 1,748 ",83.2,6,0,0,0
0,home_improvement,14%, 252 , 11.1 ,8.22,667," 4,650 "," 13,081 ",83.9,5,0,0,0
0,debt_consolidation,13%, 773 , 11.5 ,22.77,712," 5,280 "," 29,716 ",80.5,4,0,0,0
0,credit_card,12%, 187 , 10.9 ,4.36,702," 11,070 "," 6,788 ",26.7,5,1,1,0
0,credit_card,9%, 319 , 11.0 ,19.58,757," 10,950 "," 164,974 ",24.6,0,0,0,0
0,debt_consolidation,19%, 480 , 11.4 ,24.4,662," 6,030 "," 58,439 ",70.8,9,0,0,0
0,home_improvement,16%, 350 , 11.2 ,8.83,677," 1,050 "," 9,700 ",36.7,2,0,0,1
0,credit_card,15%, 539 , 11.2 ,24.89,672," 6,390 "," 67,901 ",79.6,2,0,0,1
0,credit_card,12%, 398 , 11.3 ,19.63,722," 8,910 "," 36,719 ",61.5,4,0,0,0
0,debt_consolidation,17%, 534 , 11.5 ,5.02,677, 780 ," 1,513 ",30.9,1,0,0,0
0,small_business,13%, 139 , 10.2 ,22.7,677," 8,970 "," 27,535 ",54.4,1,0,0,1
0,all_other,13%, 269 , 10.8 ,22.22,697," 7,440 "," 49,391 ",90.3,2,0,0,1
0,debt_consolidation,14%, 341 , 10.9 ,21.99,682," 3,030 "," 6,641 ",31.6,4,0,0,1
0,debt_consolidation,15%, 207 , 10.6 ,22.17,702," 4,590 "," 17,295 ",74.5,8,0,0,0
0,all_other,15%, 278 , 10.9 ,14.91,667," 6,122 "," 26,814 ",57.7,5,5,0,0
0,debt_consolidation,16%, 236 , 10.9 ,21.53,727," 5,951 "," 9,007 ",33.2,9,0,0,0
0,debt_consolidation,12%, 265 , 11.0 ,19.52,702," 4,891 "," 83,434 ",69,3,0,0,0
0,debt_consolidation,15%, 330 , 11.0 ,12.31,707," 10,140 "," 25,506 ",98.9,4,0,0,0
0,debt_consolidation,12%, 183 , 10.2 ,5.53,722," 1,800 "," 4,405 ",23.4,5,0,0,0
0,small_business,11%, 393 , 13.0 ,8.49,737," 5,130 "," 224,090 ",40.1,3,0,0,0
0,home_improvement,15%, 104 , 10.1 ,14.16,712," 6,420 "," 7,162 ",44.8,8,0,0,0
0,debt_consolidation,13%, 182 , 10.1 ,23.36,692," 1,470 "," 3,039 ",50.6,5,0,0,0
0,debt_consolidation,13%, 170 , 10.1 ,9.65,687," 1,860 "," 6,608 ",60.1,4,0,0,0
0,credit_card,15%, 375 , 11.3 ,12.79,697," 5,370 "," 26,598 ",97.1,6,0,0,1
0,all_other,15%, 139 , 10.1 ,18.35,682, 870 ," 1,272 ",38.5,0,0,0,0
0,all_other,17%, 178 , 10.2 ,2.91,667," 1,290 "," 8,136 ",36.5,7,0,0,0
0,small_business,17%, 250 , 10.4 ,12.26,667," 2,520 "," 26,726 ",98.3,4,0,0,1
0,debt_consolidation,13%, 335 , 11.6 ,15.39,722," 11,010 "," 141,532 ",97.2,0,0,0,0
0,all_other,14%, 511 , 12.7 ,9.98,722," 9,960 "," 13,739 ",67.7,7,0,0,0
0,debt_consolidation,15%, 242 , 10.5 ,19.38,672," 3,810 "," 6,907 ",51.9,5,0,0,0
0,credit_card,8%, 282 , 11.5 ,23.9,777," 6,660 "," 212,878 ",5.8,2,0,0,0
0,debt_consolidation,13%, 170 , 9.4 ,9.9,697," 1,110 "," 2,905 ",25.5,4,0,0,1
0,all_other,17%, 532 , 11.6 ,21.95,672," 5,250 "," 107,611 ",89.1,6,0,0,1
0,credit_card,17%, 426 , 11.3 ,9.62,672," 3,850 "," 7,672 ",78.3,7,0,0,0
0,home_improvement,12%, 497 , 11.4 ,17.11,712," 8,040 "," 96,473 ",48.1,1,0,0,0
0,debt_consolidation,13%, 338 , 11.2 ,19.7,692," 4,110 "," 27,200 ",69.2,4,0,0,1
0,credit_card,13%, 189 , 10.5 ,22.6,712," 5,393 "," 40,553 ",82,1,0,0,1
0,debt_consolidation,15%, 520 , 10.6 ,12.42,677," 3,006 "," 8,193 ",33.6,5,0,0,0
0,major_purchase,13%, 268 , 10.8 ,21.29,697," 3,060 "," 34,938 ",59.6,4,1,0,0
0,all_other,16%, 176 , 10.7 ,13.12,682, 810 ," 2,754 ",34.4,2,0,0,0
0,debt_consolidation,13%, 336 , 10.8 ,21.64,712," 3,000 "," 10,227 ",92.1,4,0,0,1
0,educational,15%, 173 , 10.7 ,9.52,697," 1,057 "," 4,840 ",35.6,2,0,0,0
0,debt_consolidation,15%, 518 , 11.3 ,22.42,687," 9,600 "," 2,009 ",19.9,5,0,0,0
0,small_business,12%, 497 , 10.7 ,17.65,727," 3,150 "," 5,665 ",26.6,4,0,0,1
0,credit_card,13%, 294 , 11.6 ,18.01,682," 3,210 "," 112,549 ",82.7,0,0,0,0
0,debt_consolidation,13%, 407 , 11.5 ,17.36,702," 3,210 "," 30,250 ",35.9,4,1,0,0
0,debt_consolidation,14%, 413 , 10.8 ,13.79,717," 5,010 "," 2,976 ",96,4,0,0,0
0,small_business,11%, 123 , 11.2 ,11.6,712," 5,550 "," 10,673 ",21.4,4,0,0,0
0,all_other,16%, 210 , 11.4 ,7.85,677," 1,380 "," 3,735 ",66.7,6,0,0,0
0,small_business,14%, 511 , 11.2 ,14.64,712," 3,780 "," 1,914 ",32.4,7,0,0,0
0,small_business,16%, 84 , 11.2 ,0.93,702, 721 ," 2,024 ",14.6,1,0,0,0
0,small_business,12%, 398 , 11.4 ,7.31,722," 4,380 "," 29,669 ",56.8,5,0,0,1
0,debt_consolidation,12%, 497 , 11.2 ,19.17,717," 5,940 "," 125,642 ",82.2,0,1,0,1
0,debt_consolidation,12%, 495 , 11.7 ,14.65,732," 9,990 "," 182,274 ",48.9,0,1,0,0
0,debt_consolidation,13%, 102 , 11.0 ,17.68,692," 4,860 ", 198 ,3.1,4,2,0,0
0,credit_card,19%, 546 , 12.0 ,11.27,677," 5,438 "," 15,814 ",83.2,6,0,0,0
0,educational,18%, 508 , 11.3 ,16.45,662," 4,531 "," 95,801 ",82.8,7,0,0,1
0,debt_consolidation,19%, 295 , 10.8 ,18.18,667," 7,920 "," 11,537 ",98.6,5,0,1,1
0,home_improvement,16%, 169 , 11.0 ,13.8,667," 3,600 "," 9,761 ",54.2,6,0,1,1
0,debt_consolidation,16%, 336 , 10.3 ,10.12,672," 1,920 "," 9,611 ",40.6,5,0,0,1
0,debt_consolidation,15%, 345 , 11.0 ,7.6,682," 5,940 "," 32,153 ",63.3,5,2,0,0
0,home_improvement,18%, 363 , 10.9 ,13.46,687," 2,610 "," 3,802 ",9,9,0,0,0
0,credit_card,13%, 336 , 11.5 ,2.9,722," 2,250 "," 10,338 ",23.3,5,0,0,0
0,all_other,14%, 275 , 11.1 ,5.65,707," 2,400 "," 3,606 ",43.4,6,0,0,0
0,debt_consolidation,20%, 261 , 10.3 ,10.44,667, 540 ," 6,402 ",80,4,0,1,1
0,all_other,10%, 385 , 11.3 ,7.41,767," 11,764 "," 199,390 ",23.2,1,0,0,0
0,small_business,17%, 891 , 12.2 ,4.33,762," 13,170 "," 12,352 ",17.1,9,0,0,0
0,all_other,14%, 204 , 11.6 ,12.02,682," 4,350 "," 48,818 ",72.1,4,1,0,0
0,debt_consolidation,13%, 509 , 11.3 ,6.71,717," 3,720 "," 20,490 ",86.1,4,0,0,0
0,debt_consolidation,14%, 342 , 11.3 ,9.34,692," 4,860 "," 30,585 ",79.6,4,0,0,0
0,debt_consolidation,18%, 539 , 10.7 ,9.91,677, 931 ," 18,208 ",51,3,0,0,0
0,all_other,18%, 345 , 11.0 ,23.11,677," 3,540 "," 4,656 ",27.1,8,0,0,0
0,credit_card,19%, 551 , 11.5 ,2.96,717," 7,770 "," 5,212 ",13.2,10,1,0,1
0,small_business,13%, 270 , 10.8 ,4.42,707," 5,130 "," 5,684 ",83.6,5,0,1,1
0,all_other,14%, 171 , 10.1 ,5.62,682," 2,250 "," 4,974 ",24.6,5,0,0,0
0,educational,17%, 532 , 10.7 ,4.45,677," 7,410 "," 14,625 ",54.2,6,0,0,1
0,home_improvement,9%, 128 , 11.5 ,10.78,737," 2,310 "," 116,648 ",15.6,1,0,0,0
0,all_other,16%, 315 , 10.2 ,8.53,682," 1,567 "," 8,052 ",57.1,5,0,0,0
0,all_other,15%, 174 , 11.0 ,18.99,677," 1,590 "," 8,310 ",52.3,5,0,0,0
0,debt_consolidation,12%, 333 , 11.6 ,7.02,732," 4,830 "," 12,279 ",36.4,5,0,0,0
0,credit_card,14%, 483 , 11.2 ,19.05,692," 3,960 "," 34,491 ",44.8,4,0,0,0
0,small_business,15%, 694 , 11.0 ,6.68,717," 2,283 "," 7,657 ",21.2,7,0,0,0
0,debt_consolidation,19%, 110 , 10.3 ,23.36,662," 1,590 "," 2,994 ",99.8,5,0,0,1
0,all_other,13%, 54 , 12.6 ,6.72,677," 7,680 "," 27,197 ",46.6,4,1,0,0
0,all_other,14%, 171 , 10.6 ,13.71,692," 4,650 "," 1,064 ",11.1,5,1,1,0
0,debt_consolidation,14%, 144 , 11.1 ,14.24,682," 6,930 "," 17,126 ",81.6,5,0,0,0
0,all_other,12%, 73 , 10.3 ,17,717," 2,042 "," 1,243 ",12.9,4,1,0,0
0,all_other,17%, 179 , 10.1 ,3.27,697, 690 ," 2,526 ",32.4,2,0,0,0
0,all_other,16%, 105 , 10.0 ,13.2,677," 1,170 "," 1,270 ",70.6,4,0,0,0
0,all_other,13%, 281 , 10.8 ,9.53,717," 3,870 "," 53,243 ",71.8,4,0,0,0
0,educational,19%, 183 , 11.4 ,4.57,687, 630 ," 1,897 ",29.2,1,0,0,0
0,debt_consolidation,14%, 170 , 10.1 ,22.18,692," 4,320 "," 5,040 ",45.2,5,0,1,0
0,all_other,14%, 685 , 11.5 ,4.34,727," 3,750 "," 92,549 ",51.6,6,0,0,0
0,home_improvement,15%, 207 , 10.9 ,18.98,717," 5,254 "," 2,725 ",38.9,7,0,1,0
0,all_other,15%, 104 , 9.9 ,2.21,702, 816 , 915 ,20.3,0,0,0,0
0,all_other,17%, 89 , 10.5 ,1.51,707, 690 , 946 ,15.8,0,0,0,1
0,home_improvement,17%, 342 , 11.2 ,15.24,667," 3,901 "," 3,491 ",64.6,7,0,2,0
0,all_other,15%, 70 , 10.0 ,3.22,702," 1,050 "," 2,503 ",27.5,0,0,0,0
0,all_other,15%, 66 , 9.3 ,20.33,687, 930 ," 1,909 ",14,2,0,0,0
0,debt_consolidation,16%, 700 , 11.9 ,12.61,737," 5,310 "," 116,893 ",62.4,8,0,0,0
0,debt_consolidation,19%, 332 , 10.5 ,12.27,662," 3,450 ", 434 ,72.3,7,0,0,0
0,debt_consolidation,14%, 344 , 10.8 ,22.22,702," 5,070 "," 5,558 ",23.9,4,0,1,1
0,debt_consolidation,14%, 137 , 10.8 ,9.96,677," 3,330 "," 10,046 ",77.3,4,0,0,0
0,major_purchase,17%, 99 , 9.6 ,16.48,667," 1,020 "," 6,399 ",50,1,0,0,0
0,all_other,17%, 214 , 10.5 ,4.8,692, 840 ," 6,030 ",27.9,5,0,0,0
0,all_other,16%, 210 , 10.8 ,5.64,742," 4,350 "," 9,400 ",25.8,9,0,0,0
0,debt_consolidation,14%, 376 , 10.6 ,19.29,692," 1,500 "," 2,216 ",11.5,4,0,0,0
0,small_business,14%, 241 , 11.5 ,3.18,732," 4,830 "," 15,222 ",44.5,6,0,0,0
0,home_improvement,10%, 514 , 13.0 ,9.66,777," 6,780 "," 255,805 ",20.5,2,0,0,0
0,major_purchase,14%, 72 , 10.0 ,0,727, 870 , 312 ,4.2,3,0,0,0
0,debt_consolidation,15%, 312 , 10.4 ,16.45,682," 2,640 "," 11,614 ",66,6,0,0,0
0,educational,13%, 504 , 10.6 ,22.71,717," 7,140 "," 60,267 ",60.6,0,0,0,0
0,credit_card,18%, 217 , 10.8 ,6.6,677, 900 ," 3,433 ",79.8,1,0,0,0
0,major_purchase,17%, 267 , 10.6 ,21.57,672," 1,080 "," 3,132 ",78.3,2,0,0,0
0,credit_card,14%, 302 , 11.4 ,24.99,692," 2,641 "," 122,464 ",87.7,1,0,0,0
0,all_other,16%, 210 , 11.4 ,8.28,667," 3,720 "," 13,841 ",44.9,5,1,0,0
0,major_purchase,13%, 119 , 9.6 ,17.28,727, 930 , -   ,0,0,0,0,1
0,all_other,16%, 335 , 11.1 ,9.43,712," 1,920 "," 7,081 ",39.1,8,0,0,0
0,debt_consolidation,17%, 287 , 10.9 ,22.71,667," 6,071 "," 16,194 ",84.8,5,0,0,1
0,credit_card,12%, 240 , 10.3 ,15.77,722," 5,370 "," 15,557 ",24.5,4,0,0,0
0,small_business,13%, 377 , 11.0 ,21.27,737," 8,070 "," 37,589 ",72,7,0,0,1
0,all_other,17%, 337 , 11.1 ,9.25,682, 840 ," 3,050 ",24.2,3,0,0,0
0,major_purchase,16%, 176 , 11.5 ,22.22,672," 4,770 "," 37,335 ",55.7,6,0,0,0
0,debt_consolidation,15%, 291 , 11.2 ,7.12,687," 2,010 ", 7 ,0.2,5,0,0,0
0,credit_card,14%, 82 , 10.9 ,11.28,677," 1,560 "," 7,718 ",65.4,4,0,0,0
0,credit_card,15%, 523 , 11.4 ,4.04,702," 9,181 "," 12,415 ",47.6,7,0,0,0
0,educational,17%, 177 , 9.9 ,17.68,662," 2,640 ", 679 ,18.9,6,0,0,1
0,major_purchase,20%, 91 , 9.3 ,3.16,667, 570 , 242 ,9.7,6,0,0,0
0,all_other,17%, 36 , 9.9 ,3,682, 570 ," 1,131 ",49.2,0,0,0,0
0,all_other,18%, 171 , 9.6 ,11.68,707," 1,650 ", -   ,0,9,0,0,0
0,debt_consolidation,18%, 542 , 11.5 ,0.8,687, 780 ," 3,118 ",52,3,0,0,0
0,all_other,16%, 280 , 11.4 ,12.08,677," 7,170 "," 22,187 ",45.5,6,0,0,0
0,debt_consolidation,14%, 86 , 9.9 ,24,672," 2,520 "," 5,475 ",48.8,4,0,0,0
0,debt_consolidation,18%, 542 , 11.1 ,17.17,702," 5,130 ", 608 ,5.7,8,0,0,1
0,debt_consolidation,14%, 171 , 10.0 ,22.76,717," 1,080 ", 362 ,8.4,2,0,0,1
0,all_other,12%, 800 , 12.2 ,17.97,722," 6,720 "," 351,453 ",95.1,0,0,0,1
0,home_improvement,13%, 202 , 11.4 ,12.16,707," 3,600 "," 24,364 ",63.8,4,0,0,0
0,debt_consolidation,15%, 503 , 10.1 ,5.75,697," 2,820 "," 3,695 ",46.2,6,0,1,1
0,all_other,16%, 350 , 11.9 ,1.26,692," 4,956 "," 11,105 ",43.5,7,2,0,0
0,all_other,14%, 341 , 11.1 ,13.82,707," 14,550 "," 56,903 ",54.2,5,1,0,0
0,debt_consolidation,13%, 577 , 11.0 ,22.32,717," 3,360 "," 4,583 ",73.9,5,0,0,0
0,small_business,20%, 65 , 9.9 ,2.4,667, 540 , 806 ,17.1,5,0,0,0
0,all_other,14%, 86 , 10.3 ,7.37,732, 780 , -   ,0,0,0,0,0
0,all_other,15%, 207 , 10.3 ,1.34,707, 902 ," 1,185 ",19.4,1,0,0,0
0,educational,19%, 184 , 9.2 ,0,682, 541 , -   ,0,0,0,0,0
0,all_other,17%, 54 , 9.6 ,5.27,687," 2,310 "," 2,308 ",69.9,8,0,0,0
0,small_business,13%, 241 , 10.8 ,0.6,717," 5,010 "," 1,306 ",14.4,5,0,0,0
0,small_business,19%, 294 , 10.6 ,13.19,677, 870 , 634 ,42.3,3,0,0,1
0,all_other,16%, 671 , 10.6 ,17.16,692," 1,680 "," 10,022 ",24.7,6,0,0,0
0,small_business,13%, 504 , 11.4 ,4.29,727," 6,000 "," 19,601 ",56.2,4,0,0,0
0,small_business,17%, 716 , 11.4 ,17.08,727," 5,250 "," 28,268 ",53.9,9,0,0,1
0,all_other,16%, 88 , 8.7 ,5.13,672, 930 , 727 ,72.7,3,0,0,0
0,debt_consolidation,18%, 184 , 10.1 ,6.85,672, 810 ," 5,204 ",86.7,0,0,0,0
0,all_other,15%, 348 , 11.1 ,11.01,687," 5,370 "," 10,631 ",35.3,6,0,0,0
0,home_improvement,15%, 520 , 10.7 ,11.58,687," 2,850 "," 4,490 ",43.6,4,0,0,1
0,small_business,14%, 426 , 11.2 ,16.73,697," 8,550 "," 74,042 ",41.9,1,2,0,0
0,major_purchase,18%, 899 , 10.9 ,3.56,697," 1,110 "," 5,341 ",24,5,0,0,1
0,all_other,16%, 116 , 10.8 ,0.89,662," 2,670 ", 113 ,8.7,4,2,0,0
0,home_improvement,16%, 352 , 11.6 ,2.9,707," 4,800 ", 726 ,1,8,0,0,0
0,major_purchase,16%, 176 , 10.0 ,14,682, 870 ," 6,348 ",52,2,0,0,0
0,credit_card,16%, 42 , 10.6 ,20.58,662," 1,440 "," 1,498 ",78.8,4,0,0,0
0,debt_consolidation,13%, 119 , 10.1 ,24.24,692," 2,250 "," 2,146 ",13.1,4,0,0,0
0,all_other,8%, 338 , 11.6 ,16.13,792," 8,370 "," 186,072 ",17.9,0,0,0,0
0,debt_consolidation,17%, 178 , 10.8 ,20.86,667," 4,830 "," 8,652 ",80.1,7,1,1,0
0,debt_consolidation,17%, 514 , 11.4 ,23.01,667," 7,140 "," 22,720 ",86.1,4,1,0,1
0,small_business,15%, 871 , 12.0 ,0.61,707," 7,230 "," 4,066 ",46.3,4,0,1,0
0,debt_consolidation,15%, 553 , 11.4 ,3.63,732," 5,550 "," 15,306 ",51.2,7,0,0,0
0,all_other,15%, 48 , 10.2 ,3.42,682," 2,880 ", 124 ,41.3,5,0,0,1
0,debt_consolidation,18%, 791 , 12.3 ,20.46,667," 5,250 "," 40,604 ",65,4,0,0,1
0,all_other,8%, 262 , 11.8 ,14.2,712," 5,640 "," 164,861 ",35.2,0,0,0,0
0,all_other,8%, 374 , 11.2 ,20.74,727," 3,090 "," 94,064 ",57.6,0,0,0,0
0,debt_consolidation,13%, 251 , 10.0 ,16.17,702," 2,760 "," 27,216 ",58.5,0,0,0,0
0,debt_consolidation,14%, 413 , 11.2 ,15.31,692," 5,742 "," 13,084 ",89,4,0,1,0
0,all_other,15%, 35 , 11.0 ,1.49,702," 1,080 "," 1,914 ",44.5,0,0,0,1
0,debt_consolidation,14%, 516 , 11.8 ,12.82,697," 4,140 "," 20,761 ",71.1,5,0,0,0
0,small_business,20%, 735 , 13.3 ,14.39,672," 7,620 "," 952,013 ",99,6,0,0,0
0,small_business,15%, 330 , 11.7 ,7.3,672," 3,150 "," 3,951 ",16.5,4,0,0,0
0,home_improvement,16%, 127 , 9.8 ,1.13,702, 690 , 707 ,17.7,0,0,0,0
0,all_other,7%, 279 , 10.7 ,15.95,737," 5,071 "," 4,964 ",47.7,4,0,0,0
0,all_other,15%, 518 , 11.2 ,15.49,677," 2,430 "," 7,151 ",45,4,0,0,0
0,credit_card,13%, 339 , 11.3 ,14.2,692," 4,560 "," 126,402 ",68.9,2,0,0,0
0,educational,13%, 168 , 10.8 ,8.66,737," 4,170 ", -   ,0,6,0,0,1
0,all_other,20%, 130 , 10.8 ,15.65,672, 600 , 390 ,26,4,0,0,1
0,small_business,17%, 115 , 9.0 ,6.3,707, 660 , -   ,0,2,0,0,0
0,all_other,17%, 249 , 10.6 ,11.22,682," 1,080 "," 6,246 ",29.4,6,0,0,0
0,debt_consolidation,15%, 259 , 9.9 ,15.54,692," 1,320 "," 3,642 ",30.3,5,0,0,0
0,all_other,13%, 186 , 10.0 ,19.2,677," 10,898 "," 9,369 ",76.2,4,0,0,0
0,small_business,20%, 371 , 11.9 ,11.58,662, 722 ," 3,823 ",26.3,2,0,0,0
0,home_improvement,15%, 435 , 11.2 ,18.77,687," 2,130 "," 2,680 ",11.8,5,0,0,0
0,educational,10%, 225 , 10.1 ,21.36,732," 7,410 "," 11,786 ",60.4,4,0,0,0
0,educational,16%, 70 , 10.1 ,18.72,687," 3,660 "," 3,811 ",15.6,8,0,0,0
0,all_other,14%, 204 , 10.6 ,0.3,722," 1,036 "," 1,472 ",6.1,1,0,0,0
0,major_purchase,15%, 180 , 10.1 ,5.95,692," 2,280 ", 225 ,5,4,0,0,0
0,home_improvement,13%, 149 , 11.3 ,15.83,697," 3,360 "," 38,558 ",64.7,4,0,0,0
0,debt_consolidation,10%, 209 , 10.8 ,14.81,737," 3,840 "," 3,633 ",9.1,4,0,0,0
0,debt_consolidation,19%, 233 , 9.8 ,0.99,667," 1,050 "," 6,758 ",90.1,0,0,0,0
0,educational,20%, 186 , 11.0 ,11.01,677," 1,560 ", -   ,0,8,0,0,0
0,debt_consolidation,13%, 271 , 11.3 ,7.84,697," 3,990 "," 6,700 ",45,4,0,0,0
0,debt_consolidation,17%, 213 , 11.4 ,9.17,662," 4,530 "," 6,155 ",35.1,4,0,0,0
0,debt_consolidation,18%, 75 , 9.9 ,18.36,677, 665 , 661 ,44.1,4,0,0,1
0,home_improvement,15%, 863 , 11.7 ,24.18,697," 3,900 "," 311,616 ",80.2,3,0,0,0
0,small_business,15%, 132 , 10.6 ,12.19,712," 1,590 ", 639 ,6.8,5,0,0,0
0,home_improvement,11%, 147 , 11.1 ,7.52,732," 3,600 "," 1,596 ",22.2,4,0,0,1
0,debt_consolidation,13%, 336 , 10.8 ,20,702," 2,760 "," 10,639 ",54.6,5,0,0,0
0,all_other,8%, 405 , 10.7 ,23.64,712," 3,240 "," 58,996 ",55.7,3,0,0,1
0,debt_consolidation,14%, 246 , 10.4 ,19.91,702," 1,800 "," 4,009 ",27.3,7,0,0,0
0,all_other,14%, 860 , 12.5 ,5.58,737," 7,890 "," 290,291 ",82.9,1,0,0,0
0,debt_consolidation,13%, 186 , 10.6 ,20.79,687," 1,620 "," 42,411 ",67.7,2,0,0,0
0,all_other,11%, 164 , 11.2 ,17.94,717," 4,290 ", 260 ,7.6,4,0,1,0
0,credit_card,13%, 141 , 10.7 ,18.37,702," 1,890 "," 2,215 ",41.8,5,0,0,0
0,all_other,12%, 185 , 11.2 ,3.4,712," 4,080 "," 5,266 ",9,4,0,0,0
0,educational,12%, 267 , 11.3 ,6.03,712," 6,780 "," 11,754 ",41,5,0,1,0
0,all_other,13%, 288 , 10.2 ,20,687," 1,740 "," 8,537 ",30.7,5,0,0,0
0,educational,13%, 135 , 9.9 ,24.25,682," 1,680 "," 15,360 ",56.5,4,0,0,1
0,credit_card,13%, 221 , 10.1 ,19.44,722," 6,000 "," 25,283 ",99.1,0,0,0,0
0,credit_card,16%, 160 , 11.2 ,14.31,682," 4,339 "," 82,586 ",43.6,2,0,0,0
0,all_other,19%, 146 , 10.9 ,17.16,682," 3,450 "," 1,682 ",39.1,10,0,0,0
0,debt_consolidation,14%, 330 , 11.1 ,17.34,687," 6,030 "," 10,754 ",32.6,5,0,0,1
0,debt_consolidation,9%, 224 , 11.0 ,22.04,737," 11,820 "," 125,743 ",32.9,0,0,0,0
0,all_other,16%, 211 , 10.5 ,15.62,662," 2,580 ", 829 ,69.1,4,0,0,1
0,all_other,13%, 169 , 10.7 ,14.15,677," 5,370 "," 43,075 ",70.7,1,0,0,1
0,all_other,13%, 135 , 10.5 ,3.67,677," 3,870 "," 1,048 ",49.9,4,0,0,0
0,educational,12%, 333 , 11.2 ,15.82,707," 5,314 "," 107,643 ",81,3,0,0,0
0,debt_consolidation,13%, 540 , 12.7 ,1.72,722," 3,750 "," 66,442 ",93.7,4,0,0,0
0,all_other,13%, 363 , 11.4 ,7.45,702," 7,020 "," 16,652 ",12.2,4,1,0,0
0,all_other,13%, 174 , 11.2 ,9.48,692," 2,790 "," 4,096 ",48.2,4,1,0,0
0,debt_consolidation,14%, 138 , 10.6 ,22.32,707," 7,410 "," 12,121 ",89.8,7,1,0,1
0,credit_card,11%, 108 , 11.3 ,23.17,722," 4,680 "," 31,890 ",48.1,4,0,0,0
0,all_other,13%, 269 , 11.2 ,13.83,722," 4,770 "," 4,505 ",25.3,5,0,0,0
0,all_other,13%, 502 , 11.1 ,14.7,722," 3,510 "," 39,458 ",38,5,0,0,0
0,small_business,13%, 361 , 11.4 ,1.37,732," 4,560 "," 3,532 ",18.1,5,0,0,0
0,all_other,12%, 79 , 10.1 ,19.54,727," 3,210 ", 268 ,26.8,5,0,0,0
0,small_business,14%, 464 , 11.7 ,23.39,682," 6,720 "," 107,404 ",54.5,4,0,0,1
0,debt_consolidation,15%, 691 , 12.0 ,12.38,682," 3,990 "," 16,244 ",59.5,5,0,0,1
0,all_other,15%, 104 , 11.0 ,22.08,662," 4,920 "," 25,277 ",77.8,5,0,0,0
0,all_other,14%, 85 , 10.5 ,19,707," 3,180 "," 8,035 ",96.8,5,0,0,0
0,credit_card,13%, 210 , 11.5 ,7.13,707," 5,988 "," 12,616 ",78.2,5,0,0,0
0,all_other,14%, 239 , 10.9 ,22.28,732," 4,740 "," 3,205 ",47.1,8,0,0,0
0,educational,17%, 36 , 10.1 ,3.02,672," 1,422 "," 1,559 ",97.4,4,0,0,0
0,debt_consolidation,14%, 240 , 10.8 ,21.67,677," 6,330 "," 60,550 ",95.4,3,0,0,1
0,debt_consolidation,14%, 103 , 9.4 ,5.1,672," 10,290 ", 256 ,4.2,4,0,0,0
0,credit_card,14%, 327 , 11.0 ,15.07,672," 4,771 "," 8,333 ",52.7,5,0,1,1
0,credit_card,15%, 167 , 11.2 ,12.77,672," 3,750 "," 14,063 ",68.6,7,0,0,1
0,debt_consolidation,13%, 602 , 11.5 ,3.66,717," 4,080 "," 12,220 ",76.8,5,0,0,1
0,credit_card,13%, 268 , 10.9 ,16.25,717," 5,550 "," 55,821 ",95.8,0,0,0,1
0,debt_consolidation,13%, 743 , 11.8 ,20.61,717," 8,730 "," 54,294 ",72.4,4,0,0,0
0,educational,8%, 31 , 11.8 ,14.31,792," 6,540 "," 167,381 ",0,0,0,0,0
0,major_purchase,13%, 221 , 10.6 ,17.69,727," 1,200 ", -   ,0,5,0,0,0
0,major_purchase,11%, 164 , 11.5 ,11.27,727," 4,927 "," 5,572 ",13.9,4,0,0,0
0,educational,13%, 149 , 10.5 ,19.11,672," 4,140 "," 2,166 ",54.1,4,0,0,0
0,debt_consolidation,12%, 100 , 10.8 ,24.59,702," 6,660 "," 62,265 ",68.5,1,0,1,1
0,educational,12%, 50 , 10.3 ,16.29,692," 3,810 "," 5,906 ",44.4,4,0,0,0
0,small_business,13%, 336 , 11.5 ,8,707," 8,700 "," 56,283 ",80.5,5,0,0,0
0,credit_card,14%, 685 , 11.3 ,13.21,697," 7,950 "," 30,058 ",73.7,5,1,1,0
0,debt_consolidation,13%, 136 , 10.9 ,16.71,677," 5,070 "," 11,346 ",72.7,5,0,0,1
0,debt_consolidation,12%, 60 , 10.4 ,1.93,687," 8,280 "," 1,469 ",22.3,4,1,0,0
0,home_improvement,13%, 488 , 11.5 ,8.63,687," 3,510 "," 6,023 ",20.9,4,0,0,0
0,home_improvement,12%, 167 , 11.5 ,6.4,707," 6,450 ", 731 ,14.6,4,0,0,1
0,all_other,12%, 314 , 11.0 ,7.14,732," 3,810 "," 5,928 ",28.6,5,0,0,1
0,credit_card,12%, 99 , 10.9 ,7.55,712," 11,310 "," 2,245 ",11.5,5,0,1,0
0,educational,12%, 99 , 9.8 ,22.27,727," 1,114 "," 18,517 ",58.8,0,0,0,0
0,all_other,15%, 70 , 9.6 ,1.28,672," 1,110 "," 1,658 ",10.4,5,0,0,0
0,debt_consolidation,13%, 286 , 10.6 ,18.65,707," 3,210 "," 8,730 ",79.1,6,0,0,0
0,credit_card,14%, 774 , 12.3 ,15.11,702," 5,790 "," 229,400 ",94.4,0,0,0,1
0,all_other,12%, 240 , 10.3 ,0.46,722," 3,510 ", 495 ,8.2,5,1,0,0
0,debt_consolidation,14%, 860 , 11.2 ,14.61,712," 5,580 "," 32,168 ",48.5,4,0,0,0
0,home_improvement,13%, 40 , 11.6 ,5.05,707," 6,030 "," 15,433 ",39.3,6,0,1,0
0,home_improvement,13%, 339 , 12.5 ,16.82,702," 7,290 "," 70,524 ",48.2,6,0,0,0
0,major_purchase,15%, 235 , 10.6 ,24.6,672," 2,760 "," 8,348 ",42.2,6,0,0,0
0,all_other,16%, 193 , 10.5 ,16.61,667," 6,360 "," 11,049 ",57.5,7,0,0,1
0,debt_consolidation,13%, 168 , 10.3 ,12.8,717," 1,201 ", 877 ,8.7,5,0,0,0
0,credit_card,10%, 128 , 11.6 ,24.5,722," 7,410 "," 139,544 ",70.1,1,0,0,0
0,credit_card,12%, 531 , 11.1 ,21.62,727," 5,490 "," 9,998 ",30.3,4,0,0,0
0,debt_consolidation,14%, 41 , 11.1 ,14.49,672," 1,740 ", 690 ,6.8,6,0,0,0
0,debt_consolidation,14%, 137 , 11.1 ,16.63,687," 3,480 "," 6,685 ",59.2,7,0,0,1
0,credit_card,12%, 200 , 12.4 ,13.13,692," 5,889 "," 394,107 ",77.6,0,0,0,0
0,all_other,14%, 69 , 10.3 ,1.61,697," 1,110 "," 1,806 ",34.7,6,0,0,0
0,all_other,12%, 200 , 10.8 ,0.79,737," 1,440 "," 2,768 ",23.3,4,0,0,0
0,small_business,20%, 787 , 11.3 ,19.2,692," 5,640 "," 40,407 ",63.5,6,0,0,0
0,all_other,14%, 52 , 11.0 ,13.54,697," 4,110 "," 25,466 ",32.4,4,0,0,0
0,all_other,16%, 176 , 10.8 ,5.82,677," 3,030 "," 49,082 ",0,0,0,0,1
0,small_business,19%, 501 , 11.0 ,3.84,677," 6,511 "," 12,679 ",33,4,2,0,1
0,all_other,14%, 513 , 12.2 ,23.46,697," 13,920 "," 508,961 ",91.7,0,0,0,1
0,all_other,13%, 168 , 10.3 ,13.8,687," 3,210 "," 7,880 ",70.8,5,0,0,1
0,debt_consolidation,13%, 368 , 10.9 ,11.36,712," 7,803 "," 11,216 ",20.1,5,0,0,0
0,credit_card,14%, 471 , 11.6 ,13.97,687," 4,140 "," 17,219 ",94.6,4,0,0,0
0,home_improvement,13%, 803 , 11.6 ,3.79,727," 2,610 "," 10,293 ",19,4,0,0,1
0,debt_consolidation,12%, 330 , 10.7 ,21.87,712," 2,610 "," 9,131 ",24.7,4,0,0,0
0,small_business,20%, 296 , 11.4 ,9.94,692," 1,800 "," 7,491 ",29,6,0,0,1
0,small_business,12%, 825 , 12.2 ,4.85,762," 14,010 "," 276,570 ",6,2,0,0,0
0,all_other,18%, 174 , 10.6 ,13.27,667," 2,550 "," 6,395 ",59.2,9,0,0,1
0,credit_card,13%, 837 , 11.4 ,18.43,727," 3,180 "," 40,918 ",35.5,4,0,0,0
0,debt_consolidation,13%, 269 , 10.8 ,14.17,687," 3,390 "," 9,058 ",44.3,4,0,0,0
0,debt_consolidation,14%, 411 , 11.3 ,9.97,672," 3,270 "," 78,250 ",54.2,0,0,0,0
0,debt_consolidation,14%, 51 , 10.5 ,6.1,677," 1,440 "," 5,247 ",47.1,5,0,0,0
0,home_improvement,15%, 321 , 11.6 ,5.48,692," 3,192 "," 43,141 ",62.3,4,0,0,0
0,debt_consolidation,15%, 250 , 10.6 ,18.98,677," 2,940 "," 5,125 ",64.1,7,1,0,0
0,debt_consolidation,16%, 424 , 10.7 ,13.6,667," 1,680 "," 13,740 ",89.8,4,0,0,1
0,debt_consolidation,18%, 359 , 11.6 ,15.89,662," 3,180 "," 9,705 ",78.9,5,0,1,1
0,home_improvement,13%, 406 , 10.9 ,20.91,697," 3,371 "," 4,114 ",36.4,4,0,0,0
0,debt_consolidation,16%, 671 , 11.5 ,20.7,667," 7,353 "," 32,218 ",82.6,4,2,0,0
0,home_improvement,15%, 867 , 11.4 ,1.69,737," 5,944 "," 3,073 ",10.3,8,1,0,1
0,credit_card,14%, 344 , 10.6 ,11.91,682," 1,350 "," 14,528 ",53.4,4,0,0,0
0,debt_consolidation,14%, 275 , 10.5 ,8.4,692," 5,161 "," 3,037 ",66,7,0,1,1
0,home_improvement,13%, 167 , 10.8 ,15.58,707," 2,280 "," 1,464 ",22.5,4,2,0,1
0,major_purchase,13%, 169 , 11.3 ,11.85,687," 3,950 "," 2,023 ",18.9,4,1,0,0
0,debt_consolidation,10%, 90 , 10.6 ,21.17,717," 6,930 "," 56,579 ",34.9,0,0,0,1
0,debt_consolidation,15%, 173 , 11.6 ,8.2,662," 14,529 "," 8,209 ",50,5,0,0,0
0,credit_card,15%, 333 , 11.3 ,24.27,667," 4,320 "," 121,352 ",94.2,0,0,0,0
0,debt_consolidation,12%, 497 , 12.2 ,16.26,767," 6,695 "," 273,853 ",37.5,5,0,0,0
0,credit_card,14%, 171 , 10.5 ,16.87,677," 3,780 "," 2,488 ",62.2,5,0,0,0
0,debt_consolidation,18%, 647 , 10.8 ,13.82,677," 1,890 "," 9,611 ",93.3,7,0,0,0
0,home_improvement,14%, 545 , 11.6 ,18.34,692," 5,460 "," 10,196 ",68,4,0,0,0
0,small_business,20%, 556 , 12.9 ,8.76,682," 5,010 "," 374,487 ",89.6,1,0,0,0
0,debt_consolidation,14%, 153 , 11.0 ,18.83,667," 5,310 "," 10,333 ",77.1,4,0,0,0
0,small_business,18%, 253 , 9.9 ,14.08,677," 9,451 "," 30,760 ",82.2,2,0,0,0
0,all_other,14%, 103 , 9.4 ,4.7,702," 2,070 "," 1,639 ",21.9,8,0,0,0
0,credit_card,16%, 879 , 12.4 ,17.93,692," 5,610 "," 181,638 ",70.7,6,0,0,0
0,major_purchase,13%, 336 , 12.2 ,3.74,697," 5,100 "," 28,454 ",60.3,4,0,0,0
0,educational,11%, 250 , 11.4 ,2.98,727," 2,790 "," 13,810 ",17.3,4,0,0,0
0,all_other,14%, 109 , 11.0 ,15.16,682," 2,220 ", 249 ,16.6,5,0,0,0
0,debt_consolidation,13%, 365 , 10.2 ,16.54,697," 1,470 "," 8,738 ",52,4,0,0,1
0,credit_card,15%, 690 , 11.9 ,16.8,722," 6,482 "," 41,959 ",66.6,7,0,0,0
0,all_other,15%, 132 , 10.2 ,4.44,702," 1,354 "," 2,885 ",48.1,4,0,0,0
0,debt_consolidation,12%, 400 , 10.8 ,24.74,737," 15,090 "," 49,025 ",33.7,0,0,0,0
0,debt_consolidation,11%, 164 , 9.7 ,11.93,717," 7,020 "," 4,821 ",32.4,4,0,1,0
0,credit_card,17%, 143 , 10.3 ,8.96,717," 1,980 "," 8,315 ",27.7,10,0,0,0
0,debt_consolidation,16%, 367 , 11.1 ,8.87,667," 2,910 "," 13,991 ",96.2,4,0,0,0
0,debt_consolidation,16%, 875 , 11.9 ,12.96,717," 6,300 "," 14,672 ",97.8,6,0,0,1
0,small_business,20%, 903 , 11.9 ,15.19,687," 3,240 "," 9,943 ",80.8,4,0,0,1
0,debt_consolidation,12%, 320 , 11.5 ,23.72,712," 5,640 "," 116,325 ",3.7,0,0,0,0
0,debt_consolidation,12%, 348 , 11.1 ,11.2,722," 3,510 "," 11,371 ",54.1,4,0,0,0
0,educational,14%, 112 , 11.1 ,24.73,682," 4,290 "," 3,777 ",16.2,7,0,0,0
0,debt_consolidation,13%, 336 , 10.8 ,20.69,702," 3,150 "," 61,053 ",40.7,4,0,0,0
0,debt_consolidation,11%, 418 , 10.6 ,16.07,737," 4,500 "," 19,093 ",43.9,4,0,0,1
0,all_other,20%, 56 , 10.6 ,17.32,677," 1,710 "," 1,513 ",37.8,10,0,0,0
0,debt_consolidation,12%, 167 , 11.9 ,20.18,702," 6,900 "," 163,522 ",85.4,1,0,0,1
0,debt_consolidation,13%, 466 , 10.7 ,21.14,702," 3,600 "," 42,470 ",82.6,2,0,0,0
0,all_other,14%, 512 , 11.3 ,11.95,702," 4,650 "," 1,635 ",4.6,5,0,0,0
0,educational,9%, 63 , 10.0 ,5.63,737," 3,660 "," 5,563 ",53.5,4,0,0,0
0,debt_consolidation,13%, 476 , 11.6 ,23.71,692," 5,910 "," 156,752 ",79.9,0,0,0,0
0,debt_consolidation,20%, 167 , 10.9 ,23.52,682," 4,290 "," 5,444 ",37.3,10,0,0,0
0,credit_card,13%, 673 , 11.6 ,23.4,717," 5,430 "," 122,620 ",0,0,0,0,1
0,debt_consolidation,15%, 550 , 10.8 ,21.45,687," 10,252 "," 19,469 ",34.3,5,0,0,0
0,debt_consolidation,12%, 315 , 10.9 ,13.7,732," 5,880 "," 14,676 ",61.7,4,0,0,0
0,debt_consolidation,15%, 388 , 10.8 ,16.09,687," 3,907 "," 11,005 ",37.2,6,0,0,1
0,debt_consolidation,12%, 331 , 11.3 ,22.98,717," 4,231 "," 21,114 ",80.9,4,0,0,0
0,debt_consolidation,14%, 245 , 10.5 ,16.31,682," 2,580 "," 2,967 ",39,4,0,0,0
0,debt_consolidation,17%, 249 , 11.0 ,0.21,672," 2,071 ", 178 ,8.5,7,0,0,0
0,small_business,19%, 691 , 11.7 ,20.82,682," 9,720 "," 164,324 ",92.3,1,2,0,1
0,home_improvement,16%, 264 , 11.5 ,11.53,672," 5,010 "," 10,692 ",41.3,5,0,0,0
0,debt_consolidation,14%, 343 , 11.6 ,15.92,687," 5,370 "," 28,282 ",85.4,5,0,0,0
0,educational,17%, 120 , 10.1 ,22.75,677," 1,770 "," 5,521 ",54.7,8,0,0,0
0,debt_consolidation,13%, 669 , 11.4 ,18.36,727," 12,600 "," 25,076 ",57.7,4,0,0,0
0,debt_consolidation,15%, 348 , 10.6 ,17.45,687," 6,390 "," 11,747 ",49.3,7,0,0,1
0,debt_consolidation,16%, 315 , 10.5 ,16.35,677," 5,700 "," 9,771 ",36.3,6,0,0,1
0,debt_consolidation,12%, 180 , 11.1 ,18.42,712," 4,530 "," 6,638 ",24.8,5,0,0,1
0,debt_consolidation,13%, 669 , 10.8 ,21.06,727," 4,260 "," 36,089 ",69.4,4,0,0,0
0,major_purchase,13%, 669 , 11.0 ,6.89,732," 5,430 "," 17,079 ",38.3,4,0,0,0
0,home_improvement,17%, 717 , 11.8 ,17.68,672," 4,950 "," 27,572 ",81.1,4,0,0,0
0,all_other,14%, 170 , 10.6 ,18.53,712," 4,994 "," 2,575 ",7.9,7,0,0,0
0,debt_consolidation,14%, 172 , 10.6 ,19.99,707," 1,110 ", 682 ,20.1,4,0,0,0
0,small_business,15%, 624 , 12.6 ,16.76,767," 5,380 "," 210,913 ",0,1,0,0,0
0,all_other,13%, 202 , 11.4 ,9.09,712," 4,530 "," 3,236 ",29.2,6,0,0,0
0,credit_card,11%, 403 , 11.4 ,23.1,762," 11,790 "," 190,153 ",39.8,4,0,0,0
0,all_other,15%, 97 , 9.7 ,16.18,677," 2,132 ", 807 ,23.1,4,1,0,1
0,credit_card,15%, 172 , 10.3 ,20.21,667," 4,380 "," 2,986 ",38.8,4,0,1,0
0,home_improvement,18%, 180 , 11.0 ,2.05,687," 4,950 "," 2,401 ",47.1,9,1,0,0
0,all_other,15%, 122 , 11.2 ,17.52,682," 1,740 "," 1,357 ",23,7,0,0,0
0,home_improvement,14%, 171 , 10.5 ,3.22,682," 3,990 ", 412 ,41.2,4,0,0,0
0,debt_consolidation,14%, 683 , 11.5 ,24.97,712," 4,050 "," 120,718 ",93.7,0,0,0,0
0,all_other,11%, 98 , 10.6 ,20.94,732," 2,580 "," 2,961 ",12.2,5,0,0,0
0,debt_consolidation,15%, 693 , 11.2 ,0.98,682," 10,290 "," 9,306 ",48,4,1,0,0
0,debt_consolidation,14%, 410 , 10.5 ,18.74,682," 3,933 "," 7,780 ",41.6,4,2,0,0
0,all_other,16%, 42 , 10.6 ,12.33,667," 3,270 "," 18,641 ",96.6,4,0,0,1
0,debt_consolidation,14%, 512 , 11.2 ,16.68,697," 3,840 "," 21,063 ",59.2,5,0,0,0
0,all_other,18%, 727 , 11.8 ,1.77,752," 4,034 "," 3,765 ",21,10,0,0,0
0,all_other,18%, 291 , 11.5 ,24.55,672," 4,530 "," 34,474 ",89.8,8,0,0,0
0,debt_consolidation,12%, 200 , 10.6 ,6.54,702," 3,574 "," 9,382 ",52.7,4,0,0,0
0,all_other,17%, 215 , 12.2 ,3.04,687," 3,480 "," 2,474 ",31.7,9,0,0,1
0,all_other,15%, 122 , 11.6 ,19.19,662," 5,940 "," 15,357 ",76,5,1,0,0
0,home_improvement,21%, 681 , 13.0 ,14.1,697," 3,540 "," 27,286 ",56.5,10,1,0,0
0,small_business,18%, 543 , 11.3 ,20.42,712," 3,750 "," 20,583 ",71.7,7,0,0,0
0,all_other,13%, 41 , 10.1 ,8.78,682," 2,160 "," 1,328 ",83,4,1,0,0
0,debt_consolidation,14%, 512 , 12.0 ,13.47,692," 2,370 "," 15,407 ",42,4,0,0,0
0,educational,13%, 101 , 9.6 ,13.58,712," 4,891 ", -   ,62.1,7,0,0,1
0,all_other,15%, 379 , 10.1 ,10.03,677," 1,860 "," 8,245 ",33.1,4,0,0,1
0,debt_consolidation,12%, 663 , 11.7 ,19.22,737," 8,880 "," 121,874 ",54.1,1,0,0,0
0,debt_consolidation,14%, 120 , 11.4 ,17.89,672," 2,910 "," 8,973 ",68,5,0,0,0
0,all_other,11%, 465 , 10.6 ,14.65,722," 5,343 "," 87,649 ",39.6,2,0,0,0
0,major_purchase,14%, 239 , 10.3 ,3.6,692," 3,840 ", 896 ,57.7,4,0,0,1
0,home_improvement,14%, 205 , 10.0 ,7.6,707," 1,590 "," 3,775 ",42.4,4,0,0,0
0,small_business,18%, 724 , 11.2 ,24.13,692," 3,750 "," 2,162 ",47,5,0,1,1
0,debt_consolidation,15%, 259 , 11.3 ,12,672," 2,430 "," 6,393 ",24.8,4,0,1,0
0,debt_consolidation,15%, 173 , 10.7 ,20.67,662," 6,450 "," 109,498 ",40.5,0,0,0,0
0,debt_consolidation,15%, 190 , 10.7 ,4.02,722," 2,910 "," 4,200 ",23.3,8,0,0,0
0,debt_consolidation,20%, 745 , 12.4 ,6.46,697," 4,200 "," 29,182 ",97.9,9,0,0,0
0,all_other,14%, 119 , 11.3 ,0.6,702," 3,480 "," 3,312 ",10.4,6,0,0,0
0,debt_consolidation,16%, 369 , 11.5 ,17.8,662," 2,070 "," 42,530 ",84.5,4,0,0,0
0,home_improvement,14%, 410 , 11.3 ,8.36,717," 2,850 "," 10,942 ",13.7,7,0,0,0
0,debt_consolidation,16%, 80 , 11.5 ,24.6,702," 5,520 "," 34,070 ",44.5,4,0,0,0
0,debt_consolidation,14%, 273 , 10.5 ,7.33,722," 6,900 "," 49,084 ",98.4,1,0,0,0
0,small_business,17%, 358 , 12.2 ,10.8,687," 4,650 "," 191,303 ",78.2,5,0,0,1
0,debt_consolidation,15%, 279 , 11.1 ,17.37,667," 2,313 "," 23,600 ",78.9,4,0,0,0
0,all_other,13%, 67 , 11.1 ,4.03,687," 3,210 "," 2,108 ",23.4,5,1,0,0
0,debt_consolidation,14%, 489 , 11.0 ,18.18,692," 8,671 "," 8,927 ",51.9,4,0,1,0
0,credit_card,13%, 435 , 12.5 ,10.06,707," 8,400 "," 229,908 ",77.2,1,0,0,0
0,debt_consolidation,15%, 70 , 11.2 ,21.2,667," 4,350 "," 12,236 ",91.3,5,0,0,0
0,debt_consolidation,15%, 172 , 10.9 ,12.38,717," 7,500 "," 6,271 ",98,4,0,0,0
0,debt_consolidation,13%, 336 , 11.5 ,15.29,707," 3,060 "," 6,386 ",24.2,4,0,0,0
0,all_other,12%, 133 , 10.7 ,1.57,727," 10,446 "," 49,680 ",85.2,1,0,0,0
0,major_purchase,13%, 243 , 10.8 ,12.62,692," 2,340 "," 1,007 ",24,4,4,0,0
0,all_other,16%, 840 , 12.7 ,5.32,682," 13,590 "," 388,892 ",6.1,4,1,0,1
0,debt_consolidation,16%, 875 , 11.8 ,21.02,692," 8,970 "," 115,152 ",53.5,4,1,0,0
0,debt_consolidation,21%, 940 , 12.6 ,18.64,682," 4,590 "," 18,406 ",50.8,9,0,0,0
0,debt_consolidation,15%, 174 , 10.5 ,3.23,667," 4,770 "," 2,910 ",63.3,4,0,0,0
0,home_improvement,13%, 100 , 11.7 ,3.48,702," 7,650 ", 334 ,5.6,4,0,0,0
0,home_improvement,13%, 262 , 10.7 ,17.6,702," 5,310 ", 400 ,3.7,5,1,0,1
0,debt_consolidation,13%, 141 , 10.1 ,7.15,732," 3,360 "," 9,559 ",85.3,4,0,0,0
0,small_business,21%, 827 , 12.3 ,10.81,667," 4,860 "," 109,901 ",66.5,4,0,0,1
0,credit_card,14%, 544 , 12.0 ,6.67,732," 9,150 ", 715 ,1.6,6,0,0,0
0,small_business,20%, 927 , 11.6 ,16.2,737," 12,210 "," 144,217 ",12,0,1,0,1
0,all_other,13%, 101 , 10.7 ,14.02,707," 4,260 "," 1,582 ",52.7,4,1,0,0
0,debt_consolidation,17%, 535 , 11.4 ,20.44,662," 6,061 "," 8,086 ",68.9,5,0,0,0
0,debt_consolidation,14%, 476 , 11.0 ,19.25,707," 5,940 "," 12,177 ",75.6,5,0,0,1
0,all_other,13%, 67 , 9.7 ,6.64,722," 3,510 ", 992 ,82.7,5,0,0,1
0,all_other,15%, 103 , 10.5 ,22.13,667," 2,940 "," 37,617 ",89.4,0,0,0,0
0,home_improvement,14%, 172 , 11.2 ,9.56,682," 10,890 "," 2,470 ",39.2,6,0,1,0
0,all_other,19%, 406 , 10.8 ,3.17,672," 3,810 ", 409 ,40.9,8,0,0,1
0,credit_card,15%, 259 , 11.5 ,23.88,672," 10,950 "," 56,418 ",79.2,4,0,0,0
0,debt_consolidation,13%, 841 , 11.0 ,13.18,732," 5,700 "," 7,262 ",42.7,5,0,0,0
0,debt_consolidation,16%, 527 , 11.5 ,12.04,667," 3,690 "," 17,814 ",59.6,4,0,0,0
0,all_other,17%, 713 , 12.9 ,6.18,667," 7,650 "," 162,716 ",73.7,1,0,0,0
0,debt_consolidation,15%, 292 , 11.2 ,13.44,677," 7,170 "," 6,837 ",26.7,7,0,0,1
0,home_improvement,14%, 679 , 11.0 ,21.22,712," 5,040 "," 53,483 ",70.9,4,0,0,1
0,debt_consolidation,15%, 522 , 11.3 ,5.39,677," 6,030 "," 16,034 ",72.2,4,0,0,0
0,small_business,18%, 364 , 11.1 ,9.24,697," 9,450 "," 5,538 ",64.4,7,0,1,1
0,credit_card,14%, 611 , 11.5 ,6.27,702," 4,290 "," 22,910 ",53.3,4,1,0,0
0,debt_consolidation,19%, 881 , 11.6 ,16.52,672," 5,485 "," 19,138 ",88.6,6,0,0,0
0,debt_consolidation,12%, 828 , 12.4 ,15.7,757," 7,020 "," 290,341 ",38,0,0,0,0
0,all_other,13%, 168 , 12.6 ,9.27,692," 6,330 "," 602,519 ",68.4,4,0,1,0
0,credit_card,9%, 127 , 11.3 ,15.31,727," 5,250 "," 101,713 ",61.8,0,0,0,0
0,debt_consolidation,20%, 927 , 11.6 ,20.28,687," 4,321 "," 14,858 ",99.1,4,0,0,0
0,credit_card,16%, 211 , 10.8 ,13.75,662," 3,930 "," 10,361 ",90.9,4,0,0,0
0,credit_card,9%, 318 , 11.7 ,7.03,737," 4,320 "," 140,420 ",48,0,0,0,0
0,educational,15%, 862 , 11.7 ,0.24,717," 1,950 ", 402 ,2.7,6,0,1,0
0,debt_consolidation,13%, 68 , 10.6 ,24.54,677," 3,720 "," 2,622 ",24.3,5,0,0,0
0,small_business,19%, 553 , 10.7 ,4.6,752," 5,070 "," 8,808 ",21.2,9,0,0,0
0,debt_consolidation,11%, 394 , 11.7 ,15.35,737," 4,980 "," 124,185 ",24,1,0,0,0
0,home_improvement,12%, 257 , 10.7 ,13.31,722," 4,560 "," 7,562 ",57.7,4,0,0,1
0,all_other,13%, 541 , 11.1 ,16.83,707," 5,700 "," 70,715 ",84.6,0,0,0,0
0,debt_consolidation,17%, 568 , 11.9 ,15.7,687," 6,150 "," 5,306 ",96.5,6,0,1,0
0,debt_consolidation,13%, 794 , 10.9 ,19.62,717," 4,320 "," 35,682 ",69.2,4,0,0,0
0,debt_consolidation,15%, 346 , 11.0 ,16.19,672," 6,360 "," 5,494 ",83.2,4,0,0,0
0,major_purchase,16%, 280 , 10.9 ,9.21,667," 7,200 "," 1,097 ",39.2,5,1,0,0
0,major_purchase,17%, 178 , 9.9 ,0.6,687," 1,590 ", 539 ,2.4,8,1,0,0
0,debt_consolidation,16%, 176 , 11.3 ,22.9,672," 3,810 "," 6,632 ",26.8,5,0,1,0
0,debt_consolidation,13%, 169 , 10.3 ,5.46,697," 2,940 "," 1,113 ",30.1,4,0,0,0
0,debt_consolidation,16%, 170 , 10.8 ,6.96,732," 4,531 ", 381 ,8.7,9,1,0,0
0,debt_consolidation,13%, 252 , 10.5 ,15.08,697," 3,276 "," 19,216 ",70.9,4,0,0,0
0,all_other,15%, 110 , 10.2 ,21.19,677," 3,240 "," 1,813 ",34.2,6,0,0,0
0,small_business,21%, 94 , 11.4 ,5.21,687," 12,150 "," 52,702 ",41.1,6,2,0,0
0,debt_consolidation,9%, 47 , 10.7 ,14.6,727," 3,360 "," 46,180 ",78.3,0,0,0,0
0,home_improvement,14%, 82 , 11.4 ,11.43,692," 3,180 "," 29,381 ",45.1,5,0,0,0
0,educational,14%, 102 , 9.6 ,9.31,687," 1,202 "," 3,745 ",64.6,4,0,0,0
0,debt_consolidation,19%, 184 , 10.9 ,22.73,672," 4,710 ", -   ,0,9,0,0,0
0,debt_consolidation,12%, 133 , 11.2 ,22.75,697," 7,860 "," 146,743 ",52.7,2,0,0,1
0,debt_consolidation,13%, 841 , 10.7 ,17.82,727," 10,920 "," 50,728 ",88.4,2,0,0,0
0,home_improvement,14%, 170 , 11.1 ,8.77,727," 1,350 ", 703 ,5.8,4,0,0,0
0,educational,9%, 237 , 11.0 ,24.66,752," 10,350 "," 152,002 ",51.6,3,0,0,0
0,debt_consolidation,21%, 187 , 12.1 ,0.17,707," 4,234 ", 444 ,82.8,10,0,0,0
0,debt_consolidation,14%, 494 , 11.2 ,24.41,687," 4,680 "," 25,515 ",82.3,5,0,0,0
0,home_improvement,9%, 32 , 11.7 ,12.05,807," 6,150 "," 269,726 ",4.3,0,0,0,0
0,all_other,11%, 277 , 11.5 ,15.16,727," 2,010 "," 5,293 ",29.9,4,0,0,1
0,major_purchase,15%, 70 , 10.3 ,2.56,702," 2,431 ", 128 ,2.8,8,0,0,0
0,all_other,15%, 150 , 11.1 ,5.13,672," 2,700 ", 455 ,18.2,6,0,1,0
0,debt_consolidation,16%, 853 , 11.5 ,24.84,682," 6,210 "," 117,358 ",77.2,2,0,0,0
0,credit_card,12%, 333 , 11.1 ,12.45,712," 4,890 "," 72,733 ",81.5,2,0,0,1
0,major_purchase,16%, 281 , 10.9 ,20.26,677," 1,980 "," 1,473 ",32.7,7,0,0,1
0,debt_consolidation,21%, 340 , 11.4 ,10.24,682," 1,452 "," 6,089 ",45.1,10,0,0,0
0,debt_consolidation,18%, 882 , 12.3 ,16.71,727," 8,760 "," 78,724 ",75.8,9,0,0,0
0,home_improvement,18%, 872 , 11.5 ,0.22,727," 5,670 ", 675 ,4.9,9,0,0,0
0,home_improvement,9%, 158 , 11.5 ,19.08,737," 8,610 "," 134,842 ",35,2,0,0,0
0,small_business,19%, 886 , 11.3 ,12.14,682," 1,800 "," 22,161 ",75.9,4,0,0,0
0,all_other,15%, 78 , 10.7 ,19.94,667," 10,080 "," 21,081 ",56.5,5,0,0,1
0,all_other,16%, 87 , 9.9 ,5.29,717," 1,800 "," 3,492 ",99.8,4,0,0,0
0,debt_consolidation,13%, 538 , 11.6 ,22.31,712," 5,700 "," 110,886 ",42.1,1,0,0,0
0,all_other,15%, 83 , 10.2 ,19.62,687," 1,110 "," 1,388 ",55.5,4,0,0,1
0,all_other,13%, 67 , 10.9 ,10.49,687," 3,641 ", 700 ,15.9,4,0,0,0
0,debt_consolidation,16%, 175 , 10.3 ,23.48,662," 1,863 "," 2,700 ",75,5,0,0,0
0,all_other,14%, 102 , 9.8 ,5.87,732," 7,200 "," 2,979 ",22.1,8,0,0,1
0,debt_consolidation,15%, 522 , 11.6 ,11.18,697," 7,620 "," 38,352 ",42.8,7,0,0,1
0,home_improvement,15%, 167 , 11.5 ,6.27,662," 4,860 "," 5,416 ",67.7,5,0,1,0
0,debt_consolidation,16%, 315 , 10.1 ,10.35,662," 2,019 "," 7,151 ",77.7,4,0,0,1
0,major_purchase,13%, 101 , 11.4 ,1.65,687," 3,690 "," 5,227 ",41.2,5,0,0,0
0,credit_card,17%, 710 , 11.3 ,23.41,677," 9,120 "," 81,089 ",86.8,0,1,2,0
0,small_business,16%, 879 , 11.7 ,20.15,742," 8,100 "," 215,175 ",35,4,0,0,0
0,debt_consolidation,18%, 173 , 9.5 ,9.51,692," 1,530 ", -   ,71.1,4,0,0,0
0,debt_consolidation,16%, 316 , 11.5 ,16.07,667," 5,370 "," 20,916 ",37.2,6,0,0,0
0,small_business,19%, 914 , 11.7 ,18.59,697," 15,271 "," 182,893 ",69.7,2,0,0,0
0,debt_consolidation,13%, 220 , 10.8 ,18.25,707," 6,510 "," 10,274 ",36.3,6,0,1,0
0,debt_consolidation,14%, 328 , 11.1 ,13.51,687," 5,130 "," 4,433 ",33.3,4,0,1,0
0,all_other,9%, 111 , 12.7 ,9.73,727," 5,250 "," 113,962 ",74.3,4,0,0,0
0,all_other,14%, 512 , 12.0 ,19.35,687," 10,770 "," 149,822 ",86.7,0,0,0,0
0,major_purchase,14%, 204 , 10.0 ,3.89,712," 2,280 "," 3,103 ",38.8,5,0,0,0
0,small_business,21%, 189 , 11.0 ,0.36,662," 3,660 ", 581 ,12.1,5,2,0,0
0,all_other,18%, 901 , 12.7 ,13.19,732," 10,380 "," 34,731 ",88.5,9,0,0,0
0,all_other,15%, 139 , 10.6 ,8.34,667," 3,810 "," 1,151 ",9.8,6,0,0,0
0,debt_consolidation,11%, 404 , 11.6 ,12.34,727," 3,600 "," 256,757 ",82.7,0,0,0,0
0,debt_consolidation,14%, 679 , 11.5 ,14.6,707," 5,790 "," 23,794 ",62.4,4,0,0,0
0,all_other,15%, 174 , 11.2 ,8.06,707," 1,230 "," 2,229 ",25.3,5,0,0,1
0,all_other,12%, 166 , 9.9 ,16.74,717," 4,350 "," 13,218 ",40.3,4,0,0,0
0,small_business,19%, 914 , 11.3 ,11.64,702," 5,911 "," 33,761 ",37.8,4,0,0,1
0,credit_card,13%, 841 , 11.3 ,11.38,717," 5,700 "," 111,307 ",50.1,0,0,0,1
0,all_other,13%, 270 , 11.3 ,9.5,732," 4,170 "," 4,751 ",56.6,6,0,0,0
0,debt_consolidation,13%, 639 , 11.3 ,21.3,722," 4,410 "," 45,444 ",80,4,0,0,0
0,debt_consolidation,13%, 254 , 10.3 ,16.51,687," 2,940 "," 4,566 ",49.1,4,0,0,0
0,all_other,16%, 140 , 10.6 ,9.95,727," 3,480 "," 2,822 ",28.2,9,0,0,1
0,debt_consolidation,13%, 372 , 10.8 ,20.38,702," 3,270 "," 23,065 ",55.7,5,0,0,1
0,educational,16%, 189 , 10.6 ,3.71,662," 13,170 "," 1,972 ",42.9,5,2,1,0
0,debt_consolidation,9%, 379 , 12.0 ,10.21,807," 8,191 "," 198,058 ",5.1,0,0,0,0
0,debt_consolidation,13%, 336 , 10.9 ,16.22,712," 6,450 "," 4,421 ",16.1,5,0,1,0
0,debt_consolidation,11%, 429 , 11.2 ,15.44,732," 7,170 "," 74,932 ",34.6,0,0,0,0
0,debt_consolidation,12%, 60 , 10.4 ,10.31,712," 3,240 "," 1,651 ",27.5,5,0,0,0
0,credit_card,18%, 364 , 11.1 ,15.58,717," 5,348 "," 18,157 ",69.6,10,0,0,0
0,major_purchase,14%, 255 , 11.0 ,3.38,692," 6,480 "," 5,963 ",37.5,5,0,0,0
0,small_business,19%, 918 , 11.1 ,17.56,802," 12,344 "," 190,050 ",8,3,0,0,1
0,all_other,17%, 257 , 12.3 ,17.94,687," 7,770 "," 37,820 ",90.9,8,0,0,0
0,credit_card,15%, 517 , 11.5 ,11.12,682," 2,580 "," 26,435 ",88.7,4,0,0,0
0,all_other,15%, 167 , 10.7 ,22.62,662," 3,510 "," 4,619 ",81,5,0,0,0
0,all_other,13%, 678 , 11.1 ,4.29,727," 4,500 "," 10,040 ",38.5,6,0,0,0
0,debt_consolidation,11%, 33 , 11.0 ,14.62,717," 3,330 "," 5,684 ",26.2,4,0,0,0
0,debt_consolidation,14%, 412 , 11.4 ,16.4,712," 5,550 "," 8,956 ",61.8,5,1,0,0
0,debt_consolidation,13%, 482 , 12.6 ,3.76,717," 5,700 "," 95,564 ",82.2,5,0,0,1
0,debt_consolidation,16%, 210 , 10.9 ,22.45,667," 6,150 "," 6,740 ",37.7,4,0,0,0
0,all_other,14%, 204 , 11.1 ,8.81,692," 3,900 ", 54 ,3.6,5,3,0,0
0,all_other,12%, 333 , 11.7 ,8.71,717," 7,590 "," 47,967 ",73.7,5,0,0,0
0,debt_consolidation,16%, 848 , 10.6 ,10.86,722," 4,410 "," 12,319 ",98.6,4,0,0,0
0,debt_consolidation,14%, 172 , 10.7 ,8.89,707," 5,910 ", 996 ,76.6,6,0,0,0
0,debt_consolidation,16%, 420 , 11.4 ,23.89,692," 6,000 "," 203,525 ",74.2,0,0,0,0
0,all_other,8%, 156 , 12.5 ,11.09,762," 3,600 "," 163,772 ",15.5,0,0,0,0
0,home_improvement,15%, 174 , 10.6 ,21.99,662," 5,191 "," 25,612 ",42.1,4,0,0,0
0,debt_consolidation,21%, 301 , 11.5 ,17.12,667," 8,903 "," 53,338 ",41.3,6,1,0,0
0,debt_consolidation,18%, 901 , 12.6 ,15.12,677," 4,470 "," 165,867 ",81.1,0,0,0,0
0,all_other,15%, 331 , 11.5 ,10.45,682," 8,220 "," 6,193 ",27,4,0,0,0
0,all_other,14%, 408 , 10.9 ,13.77,727," 4,955 "," 9,139 ",49.4,7,0,0,0
0,debt_consolidation,15%, 346 , 10.7 ,17.79,672," 3,060 "," 7,201 ",82.8,4,0,0,0
0,credit_card,13%, 505 , 11.2 ,18.25,702," 3,690 "," 74,095 ",66.4,1,0,0,0
0,home_improvement,11%, 725 , 11.5 ,19.98,807," 8,580 "," 158,000 ",0,3,0,0,0
0,credit_card,11%, 499 , 11.5 ,14.5,762," 6,780 "," 217,827 ",43.5,2,0,0,1
0,debt_consolidation,14%, 144 , 10.5 ,24.7,682," 4,116 "," 3,527 ",78.4,6,0,0,0
0,debt_consolidation,15%, 209 , 10.7 ,21.95,677," 4,770 "," 11,760 ",95.6,4,0,0,0
0,credit_card,13%, 201 , 11.4 ,7.56,697," 10,440 "," 10,721 ",38.6,4,0,0,0
0,debt_consolidation,13%, 837 , 11.5 ,23.74,727," 8,280 "," 203,460 ",60.6,2,0,0,0
0,all_other,15%, 172 , 10.5 ,6.36,667," 11,040 "," 4,680 ",20.3,4,0,0,0
0,home_improvement,17%, 172 , 11.6 ,13.76,667," 5,430 "," 8,957 ",40.3,8,0,0,0
0,debt_consolidation,11%, 328 , 10.3 ,10.52,737," 2,070 "," 7,328 ",21.7,4,0,0,1
0,all_other,13%, 167 , 11.9 ,8.5,702," 3,780 "," 172,842 ",69.14,2,1,0,0
0,debt_consolidation,14%, 412 , 10.6 ,9.14,677," 6,960 "," 9,154 ",63.5,5,0,1,0
0,debt_consolidation,15%, 416 , 10.7 ,12.42,697," 9,000 "," 5,049 ",76.5,7,1,0,0
0,credit_card,15%, 424 , 10.9 ,21.36,672," 7,800 "," 63,433 ",85.4,0,1,0,0
0,debt_consolidation,15%, 517 , 11.3 ,18.2,682," 3,872 "," 80,237 ",93.2,2,0,0,0
0,debt_consolidation,11%, 453 , 10.8 ,21.79,722," 3,962 "," 60,656 ",59.1,0,0,0,0
0,debt_consolidation,15%, 348 , 10.9 ,19.48,707," 3,720 "," 17,705 ",67.6,7,0,0,0
0,home_improvement,11%, 33 , 11.4 ,20.5,732," 4,590 "," 119,702 ",19.1,2,0,0,0
0,debt_consolidation,13%, 284 , 10.6 ,15.6,702," 2,250 "," 8,690 ",84.4,4,0,0,0
0,all_other,13%, 331 , 10.5 ,13.06,702," 5,370 "," 5,088 ",45.4,5,0,0,1
0,debt_consolidation,16%, 352 , 11.3 ,16.99,677," 5,730 "," 4,723 ",94.5,6,0,0,1
0,home_improvement,13%, 323 , 10.9 ,15.38,712," 8,523 "," 168,334 ",83,1,1,0,0
0,debt_consolidation,14%, 410 , 11.9 ,23.26,707," 5,700 "," 141,967 ",95.5,1,0,0,0
0,major_purchase,15%, 124 , 10.2 ,0,692," 1,530 ", -   ,0,6,0,0,0
0,debt_consolidation,16%, 332 , 10.7 ,18.72,667," 1,800 "," 7,888 ",59.8,5,0,1,0
0,educational,16%, 527 , 11.1 ,12.89,672," 3,330 "," 2,328 ",59.7,5,0,0,0
0,debt_consolidation,17%, 284 , 10.8 ,0.72,712," 2,910 "," 3,987 ",99.9,5,0,0,0
0,small_business,16%, 525 , 11.3 ,17.27,737," 5,160 "," 8,715 ",48.7,5,0,0,0
0,all_other,11%, 396 , 11.2 ,5.1,737," 8,880 "," 22,158 ",80.3,4,0,0,0
0,debt_consolidation,14%, 171 , 10.3 ,10.8,702," 1,320 "," 2,050 ",22.3,4,0,0,0
0,all_other,12%, 300 , 10.0 ,6.17,737," 2,490 ", 989 ,23.5,6,0,0,1
0,debt_consolidation,19%, 367 , 10.5 ,17.4,682," 6,630 "," 13,650 ",94.8,9,0,1,1
0,debt_consolidation,14%, 683 , 11.6 ,18.57,692," 6,690 "," 105,424 ",69.4,1,1,0,0
0,home_improvement,15%, 87 , 10.3 ,22.81,672," 1,920 "," 5,276 ",85.1,6,0,0,0
0,all_other,17%, 178 , 10.5 ,2.67,692," 5,490 "," 2,474 ",25.5,8,0,0,0
0,all_other,16%, 352 , 11.0 ,8.79,702," 5,520 "," 4,715 ",38.3,8,0,0,0
0,debt_consolidation,12%, 300 , 10.9 ,16.25,717," 1,951 "," 5,066 ",36.7,5,0,0,0
0,debt_consolidation,17%, 717 , 11.6 ,21.58,667," 4,890 "," 24,599 ",64.1,4,0,0,0
0,credit_card,17%, 511 , 10.9 ,16.97,712," 3,196 "," 16,553 ",22.4,9,0,0,0
0,debt_consolidation,13%, 807 , 11.6 ,19.06,717," 6,780 "," 156,798 ",38.3,2,0,0,0
0,home_improvement,14%, 515 , 11.5 ,9.65,682," 3,300 "," 5,516 ",44.1,4,0,0,0
0,debt_consolidation,16%, 276 , 10.4 ,17.18,662," 1,500 "," 4,339 ",11.6,4,0,0,0
0,all_other,12%, 160 , 11.5 ,17.21,697," 5,520 "," 184,938 ",47.3,1,0,1,1
0,debt_consolidation,16%, 586 , 11.4 ,22.09,697," 4,771 "," 26,901 ",43.2,7,1,0,0
0,home_improvement,17%, 538 , 10.9 ,5.78,767," 12,930 "," 13,584 ",48.5,9,0,0,0
0,small_business,21%, 898 , 11.7 ,16.62,762," 4,231 ", -   ,0,9,0,0,0
0,debt_consolidation,11%, 153 , 10.0 ,22.11,722," 9,720 "," 20,037 ",58.1,4,1,0,0
0,all_other,9%, 445 , 11.2 ,20.18,747," 7,560 "," 205,956 ",32.4,1,0,0,0
0,major_purchase,13%, 168 , 12.4 ,7.55,697," 6,270 "," 13,622 ",47.8,5,0,1,0
0,major_purchase,19%, 146 , 10.5 ,19.2,677," 1,290 "," 3,014 ",55.8,9,0,0,0
0,credit_card,11%, 659 , 11.8 ,17.4,757," 8,760 "," 230,420 ",33.8,0,0,0,0
0,all_other,9%, 54 , 9.7 ,24.15,727," 2,670 "," 14,956 ",35.5,0,0,0,0
0,all_other,13%, 622 , 11.3 ,18.24,737," 7,560 "," 116,601 ",89.6,2,0,0,1
0,all_other,16%, 88 , 10.2 ,5.82,662," 9,180 "," 1,436 ",65.3,6,1,0,1
0,educational,15%, 169 , 10.6 ,2.63,667," 3,180 "," 3,288 ",74.7,5,0,0,0
0,all_other,16%, 380 , 12.1 ,17.74,722," 5,850 "," 71,956 ",25.7,4,0,0,0
0,debt_consolidation,15%, 98 , 10.8 ,13.6,677," 3,540 ", 914 ,50.8,6,0,0,0
0,credit_card,17%, 639 , 11.8 ,19.1,687," 3,686 "," 201,583 ",89.2,7,1,0,0
0,credit_card,16%, 177 , 10.7 ,10.75,672," 1,410 "," 6,284 ",37.9,6,0,0,0
0,all_other,15%, 139 , 9.9 ,4.76,672," 3,180 "," 2,381 ",37.2,5,0,0,1
0,all_other,19%, 110 , 10.0 ,5.33,672," 1,890 ", 146 ,73,9,0,0,0
0,debt_consolidation,15%, 693 , 12.3 ,10.12,687," 4,170 "," 13,925 ",55.5,5,2,0,0
0,debt_consolidation,21%, 527 , 10.9 ,13.81,662," 4,110 "," 13,020 ",33,4,0,0,0
0,debt_consolidation,14%, 255 , 10.5 ,13.02,687," 2,130 "," 9,451 ",33.3,4,0,0,1
0,all_other,15%, 225 , 11.7 ,9.66,667," 4,200 "," 21,506 ",84,4,0,0,0
0,all_other,15%, 87 , 11.4 ,11.21,667," 2,040 "," 11,196 ",31.9,5,0,0,1
0,all_other,15%, 167 , 11.0 ,24.39,667," 4,110 "," 35,122 ",91.5,4,0,0,0
0,all_other,13%, 336 , 11.6 ,5.59,732," 7,320 "," 4,547 ",68.9,6,0,0,0
0,debt_consolidation,14%, 340 , 10.4 ,22.95,687," 3,150 "," 10,624 ",62.9,4,0,0,0
0,all_other,18%, 432 , 10.3 ,11.36,682," 5,671 "," 13,328 ",93.9,7,0,1,0
0,all_other,18%, 86 , 10.8 ,12.02,677," 5,850 ", 388 ,24.2,9,0,0,0
0,major_purchase,17%, 232 , 11.2 ,20.81,672," 1,440 "," 7,483 ",94.8,6,0,0,0
0,all_other,16%, 212 , 9.8 ,10.6,667," 2,791 "," 4,511 ",63.5,4,0,0,0
0,debt_consolidation,14%, 824 , 12.2 ,14.3,722," 5,371 "," 155,946 ",90.1,0,0,0,1
0,all_other,13%, 67 , 10.1 ,13.24,682," 3,330 "," 4,925 ",40.7,4,3,0,0
0,debt_consolidation,15%, 172 , 10.3 ,4.4,697," 1,112 "," 2,972 ",59.4,5,0,0,0
0,debt_consolidation,18%, 727 , 11.7 ,5.25,662," 9,511 "," 14,548 ",87.6,4,0,1,0
0,small_business,14%, 515 , 11.3 ,17.86,782," 11,220 "," 235,868 ",17.5,0,0,0,0
0,home_improvement,18%, 436 , 10.4 ,0,667," 6,905 ", -   ,0,6,0,0,1
0,major_purchase,14%, 137 , 10.3 ,13.24,682," 5,851 ", 577 ,14.1,5,2,1,0
0,credit_card,12%, 480 , 11.4 ,17.81,712," 8,160 "," 136,960 ",55.6,1,0,0,0
0,small_business,15%, 870 , 11.9 ,22.7,762," 6,960 "," 248,480 ",42.4,0,0,0,0
0,small_business,16%, 170 , 10.6 ,5.35,692," 3,390 ", 837 ,34.9,4,0,0,0
0,all_other,12%, 331 , 11.1 ,23.54,722," 5,460 "," 28,045 ",51.8,5,0,0,1
0,educational,14%, 268 , 9.9 ,15.45,707," 1,710 "," 3,910 ",38.2,6,1,0,1
0,debt_consolidation,15%, 554 , 11.2 ,17.06,692," 4,230 "," 19,697 ",88.7,5,0,0,0
0,debt_consolidation,12%, 666 , 11.6 ,11.78,737," 5,972 "," 28,749 ",53.9,4,0,0,0
0,home_improvement,15%, 87 , 11.9 ,22.82,667," 4,110 "," 59,509 ",85.8,5,0,0,0
0,debt_consolidation,14%, 475 , 11.2 ,24.05,717," 3,210 "," 2,061 ",34.3,7,0,0,0
0,all_other,17%, 462 , 11.6 ,11.7,667," 8,100 "," 4,040 ",91.8,5,2,1,0
0,debt_consolidation,15%, 745 , 12.4 ,13.86,697," 4,470 "," 219,250 ",91.8,1,0,0,1
0,educational,13%, 121 , 10.1 ,3.4,707," 1,380 "," 2,650 ",26.2,4,0,0,0
0,debt_consolidation,13%, 338 , 11.3 ,16.84,697," 3,570 "," 13,948 ",39,4,1,0,0
0,debt_consolidation,13%, 254 , 10.7 ,22.52,702," 4,530 "," 7,202 ",34.5,4,0,0,1
0,debt_consolidation,12%, 466 , 10.7 ,5.32,727," 2,280 "," 11,781 ",37.8,5,0,0,0
0,all_other,13%, 67 , 10.1 ,20.45,687," 2,011 "," 7,946 ",78.7,4,0,0,0
0,all_other,13%, 841 , 11.3 ,12.97,732," 1,890 "," 6,999 ",29.2,5,0,0,0
0,debt_consolidation,14%, 679 , 10.3 ,9.44,712," 5,390 "," 3,366 ",14,4,0,0,0
0,all_other,12%, 200 , 10.4 ,4.51,727," 3,570 "," 3,106 ",25.9,5,0,0,0
0,credit_card,13%, 385 , 11.0 ,11.56,722," 3,614 "," 25,088 ",75.6,5,0,0,1
0,all_other,11%, 214 , 10.7 ,2.43,702," 2,070 "," 5,319 ",46.7,4,0,0,0
0,all_other,16%, 282 , 11.2 ,20.56,677," 4,080 "," 21,166 ",72.7,7,0,0,0
0,debt_consolidation,10%, 234 , 11.7 ,7.97,727," 4,350 "," 7,248 ",40.5,4,0,0,0
0,debt_consolidation,13%, 671 , 11.2 ,18.74,722," 2,340 "," 32,837 ",64.8,4,0,0,0
0,debt_consolidation,11%, 391 , 11.6 ,13.68,737," 7,470 "," 17,042 ",46.7,5,1,0,0
0,all_other,17%, 536 , 12.0 ,19.94,662," 4,440 "," 226,936 ",94.7,0,0,0,0
0,debt_consolidation,11%, 399 , 11.2 ,24.27,717," 9,330 "," 74,403 ",68.8,1,0,0,0
0,debt_consolidation,18%, 691 , 11.1 ,20.12,662," 1,640 "," 1,890 ",19.1,5,4,0,0
0,credit_card,15%, 362 , 11.1 ,24.78,682," 3,710 "," 46,338 ",55.5,5,0,0,0
0,all_other,14%, 103 , 10.9 ,24.32,717," 4,230 "," 6,725 ",98.9,5,0,0,0
0,credit_card,19%, 922 , 11.6 ,19.81,662," 3,380 "," 20,622 ",76.4,5,0,0,0
0,all_other,13%, 135 , 10.3 ,2.35,682," 4,530 "," 1,465 ",34.9,4,0,0,0
0,credit_card,8%, 438 , 11.8 ,15.87,757," 6,720 "," 232,755 ",23,0,0,0,0
0,all_other,16%, 840 , 12.2 ,11.42,702," 7,290 "," 79,524 ",92.7,5,0,0,0
0,all_other,11%, 147 , 10.6 ,7.02,707," 8,013 "," 2,282 ",69.2,4,0,0,1
0,debt_consolidation,11%, 98 , 11.1 ,19.57,687," 7,350 "," 237,551 ",36.9,0,0,0,0
0,credit_card,11%, 426 , 11.6 ,16.36,722," 7,500 "," 22,354 ",65.6,4,0,0,0
0,major_purchase,20%, 149 , 10.6 ,12.39,677," 3,140 ", 200 ,13.3,10,3,0,0
0,debt_consolidation,13%, 336 , 10.4 ,19.05,702," 6,480 "," 8,853 ",37.5,4,0,1,0
0,debt_consolidation,15%, 871 , 11.9 ,23.82,707," 4,800 "," 259,128 ",94.4,0,0,0,0
0,debt_consolidation,11%, 625 , 11.0 ,8.95,732," 3,750 "," 18,995 ",62.9,4,0,0,0
0,small_business,15%, 832 , 12.8 ,11.38,717," 8,520 "," 1,207,359 ",56,7,0,0,1
0,small_business,13%, 543 , 12.6 ,3.12,737," 7,410 "," 211,931 ",10,7,2,0,1
0,debt_consolidation,16%, 114 , 10.6 ,16.64,672," 5,910 "," 11,854 ",71.9,7,0,1,0
0,credit_card,14%, 244 , 11.6 ,0.7,687," 7,920 ", 505 ,9,6,1,0,0
0,small_business,15%, 871 , 11.8 ,23.81,712," 7,775 "," 60,048 ",80.1,5,0,0,0
0,debt_consolidation,13%, 192 , 11.0 ,5.72,692," 10,236 "," 2,077 ",1.1,4,3,0,1
0,debt_consolidation,10%, 324 , 11.2 ,13.98,732," 3,750 "," 6,639 ",43.6,4,0,0,0
0,all_other,13%, 468 , 11.0 ,15.16,702," 3,180 "," 14,466 ",50.2,5,0,0,0
0,debt_consolidation,13%, 236 , 10.9 ,13.11,687," 3,270 "," 8,076 ",36.1,4,0,0,0
0,debt_consolidation,13%, 271 , 11.2 ,12.44,682," 4,230 "," 11,706 ",34.9,4,0,0,0
0,all_other,8%, 78 , 10.8 ,20.38,732," 7,410 "," 16,150 ",32.6,4,0,0,0
0,debt_consolidation,16%, 263 , 10.7 ,21.35,662," 4,260 "," 9,659 ",84.7,4,0,0,0
0,educational,16%, 148 , 9.9 ,16.19,667," 1,260 "," 4,445 ",53.5,4,0,0,1
0,home_improvement,16%, 88 , 10.8 ,14.2,667," 4,080 "," 1,530 ",36.4,7,0,0,1
0,home_improvement,22%, 730 , 11.9 ,8.63,667," 8,280 "," 55,442 ",66.9,9,0,1,1
0,all_other,15%, 138 , 10.1 ,1.15,732," 1,230 ", 972 ,11.3,5,0,0,0
0,home_improvement,13%, 509 , 11.7 ,16.85,707," 7,440 "," 206,877 ",92.5,1,0,0,1
0,debt_consolidation,13%, 337 , 10.7 ,23.62,702," 3,780 "," 6,255 ",56.9,5,2,0,0
0,debt_consolidation,14%, 546 , 11.8 ,10.8,697," 4,110 "," 197,716 ",74.9,4,0,0,0
0,small_business,15%, 871 , 11.8 ,16.16,707," 4,230 "," 56,909 ",49.8,5,0,0,0
0,home_improvement,13%, 675 , 12.3 ,9.94,717," 5,730 "," 39,576 ",27.7,5,0,0,1
0,debt_consolidation,14%, 136 , 11.0 ,18.18,677," 3,423 "," 15,301 ",85,4,0,0,0
0,credit_card,10%, 466 , 12.2 ,13.97,722," 6,120 "," 338,935 ",78.3,2,0,0,0
0,debt_consolidation,15%, 697 , 11.8 ,17.21,682," 2,790 "," 38,578 ",86.9,4,0,0,0
0,credit_card,13%, 688 , 11.3 ,21.13,732," 5,881 "," 35,227 ",54.3,5,0,0,0
0,all_other,19%, 547 , 11.4 ,15.76,667," 10,050 "," 13,255 ",88.4,7,0,0,0
0,all_other,8%, 116 , 11.0 ,10.17,722," 4,410 "," 11,586 ",61.6,4,0,0,0
0,debt_consolidation,13%, 509 , 10.9 ,17.76,717," 3,870 "," 8,760 ",28.2,6,0,0,0
0,debt_consolidation,11%, 557 , 11.2 ,17.84,727," 6,840 "," 18,753 ",29,4,0,0,1
0,all_other,14%, 512 , 12.3 ,12.33,687," 6,420 "," 385,489 ",51.2,4,0,0,0
0,all_other,15%, 396 , 10.3 ,21.04,697," 3,390 "," 26,117 ",78.4,6,0,0,1
0,all_other,22%, 551 , 11.0 ,24.06,662," 1,800 "," 16,441 ",49.8,9,0,0,1
0,all_other,13%, 101 , 11.0 ,8.23,687," 2,790 "," 1,514 ",13.8,5,0,0,0
0,all_other,20%, 37 , 10.6 ,22.17,667," 5,916 "," 28,854 ",59.8,6,0,1,0
0,home_improvement,14%, 823 , 12.4 ,3.62,722," 3,240 "," 33,575 ",83.9,5,0,0,1
0,all_other,17%, 114 , 10.6 ,28.06,672," 3,210 "," 25,759 ",63.8,5,0,0,1
0,all_other,16%, 161 , 11.2 ,8,677," 7,230 "," 6,909 ",29.2,4,0,1,1
0,debt_consolidation,16%, 70 , 10.1 ,7.02,662," 8,190 "," 2,999 ",39.5,6,0,0,1
0,all_other,15%, 345 , 12.2 ,10.39,672," 10,474 "," 215,372 ",82.1,2,0,0,1
0,all_other,13%, 258 , 11.1 ,0.21,722," 4,380 ", 184 ,1.1,5,0,0,1
0,debt_consolidation,11%, 98 , 10.6 ,13.09,687," 3,450 "," 10,036 ",82.9,8,0,0,1
0,home_improvement,16%, 352 , 10.8 ,19.18,692," 1,800 ", -   ,3.2,5,0,0,1
0,debt_consolidation,14%, 853 , 11.3 ,16.28,732," 4,740 "," 37,879 ",57,6,0,0,1
